# simharness noise sweep — every graded row at 30 seeds, one unchanged tree.
# Written by scripts/harness-noise.py --sweep; read by --report. Do not hand-edit.
#
# tree              c3164f4930c8f921e8ed5af3ca96c21f49acd13b
# working tree      1 file(s) differ from that commit: docs/reference/harness-noise-sweep.tsv
# seeds             31-60
# games             400, 200, 100 — the shorter runs are the FIRST n games of the longest,
#                   same world, same games, same draws
# machine           x86_64, 4 cores, Intel(R) Xeon(R) Processor @ 2.80GHz
# note              E2 #42 replication on bf507d1: seeds 31-60, same binary as the published sweep
#
# run               seeds 31-45 at 400 and 200 and 100 games, 2026-09-15T15:07Z, 404 s, back to back
# run               seeds 46-60 at 400 and 200 and 100 games, 2026-09-15T15:14Z, 403 s, back to back
#
# One line per row per game count: `value` is what the column printed, `verdict`
# is the mark beside it. A `count:` row is a trial count the run printed or a
# printed row implies, kept so the binomial and Poisson models can be recomputed
# without re-running the sweep.
id	games	field	s31	s32	s33	s34	s35	s36	s37	s38	s39	s40	s41	s42	s43	s44	s45	s46	s47	s48	s49	s50	s51	s52	s53	s54	s55	s56	s57	s58	s59	s60
averageStart.2024	100	value	32.2	32.0	31.9	32.3	32.4	32.0	32.2	32.8	31.4	31.9	32.0	32.2	32.0	32.4	31.4	32.3	32.0	31.8	32.3	32.2	31.5	32.2	32.1	32.3	32.2	32.2	32.0	32.5	32.1	32.1
averageStart.2024	100	verdict	stale	stale	stale	stale	stale	stale	stale	stale	stale	stale	stale	stale	stale	stale	stale	stale	stale	stale	stale	stale	stale	stale	stale	stale	stale	stale	stale	stale	stale	stale
averageStart.2024	200	value	32.0	31.8	31.9	32.2	32.1	32.0	32.4	32.5	31.9	32.1	32.0	32.2	32.5	32.1	31.7	32.5	32.2	31.8	32.2	32.2	31.5	32.0	32.1	32.2	32.3	32.1	31.9	32.0	32.1	32.3
averageStart.2024	200	verdict	stale	stale	stale	stale	stale	stale	stale	stale	stale	stale	stale	stale	stale	stale	stale	stale	stale	stale	stale	stale	stale	stale	stale	stale	stale	stale	stale	stale	stale	stale
averageStart.2024	400	value	31.8	31.7	32.0	32.2	32.3	31.9	32.2	32.1	32.0	32.1	32.0	32.2	32.2	32.1	32.0	32.4	32.0	32.1	32.2	32.4	31.8	31.8	32.1	31.9	32.4	32.3	31.8	32.1	31.9	32.3
averageStart.2024	400	verdict	stale	stale	stale	stale	stale	stale	stale	stale	stale	stale	stale	stale	stale	stale	stale	stale	stale	stale	stale	stale	stale	stale	stale	stale	stale	stale	stale	stale	stale	stale
averageStart.2025	100	value	32.2	32.0	31.9	32.32	32.4	32.0	32.2	32.8	31.4	31.9	32.0	32.2	32.0	32.4	31.4	32.32	32.0	31.8	32.35	32.2	31.5	32.2	32.1	32.33	32.2	32.2	32.0	32.5	32.1	32.1
averageStart.2025	100	verdict	ok	ok	ok	OFF	OFF	ok	ok	OFF	ok	ok	ok	ok	ok	OFF	ok	OFF	ok	ok	OFF	ok	ok	ok	ok	OFF	ok	ok	ok	OFF	ok	ok
averageStart.2025	200	value	32.0	31.8	31.9	32.2	32.1	32.0	32.4	32.5	31.9	32.1	32.0	32.2	32.5	32.1	31.7	32.5	32.2	31.8	32.2	32.2	31.5	32.0	32.1	32.2	32.3	32.1	31.9	32.0	32.1	32.3
averageStart.2025	200	verdict	ok	ok	ok	ok	ok	ok	OFF	OFF	ok	ok	ok	ok	OFF	ok	ok	OFF	ok	ok	ok	ok	ok	ok	ok	ok	ok	ok	ok	ok	ok	ok
averageStart.2025	400	value	31.8	31.7	32.0	32.2	32.3	31.9	32.2	32.1	32.0	32.1	32.0	32.2	32.2	32.1	32.0	32.4	32.0	32.1	32.2	32.4	31.8	31.8	32.1	31.9	32.4	32.3	31.8	32.1	31.9	32.3
averageStart.2025	400	verdict	ok	ok	ok	ok	ok	ok	ok	ok	ok	ok	ok	ok	ok	ok	ok	OFF	ok	ok	ok	OFF	ok	ok	ok	ok	OFF	ok	ok	ok	ok	ok
betweenTeamSigma	100	value	5.08	5.02	6.17	9.08	7.43	6.59	5.97	6.66	4.93	7.36	10.65	8.69	3.64	6.69	7.27	6.85	6.15	6.61	6.03	4.01	7.18	5.57	7.22	6.50	5.05	5.08	4.40	8.09	4.19	9.77
betweenTeamSigma	100	verdict	(ok)	(ok)	(OFF)	(OFF)	(OFF)	(OFF)	(ok)	(OFF)	(ok)	(OFF)	(OFF)	(OFF)	(OFF)	(OFF)	(OFF)	(OFF)	(OFF)	(OFF)	(OFF)	(OFF)	(OFF)	(ok)	(OFF)	(OFF)	(ok)	(ok)	(OFF)	(OFF)	(OFF)	(OFF)
betweenTeamSigma	200	value	4.27	4.73	8.02	8.27	8.30	6.29	6.41	6.90	5.98	6.27	9.73	7.09	5.65	5.57	6.55	6.46	5.42	6.01	5.81	5.15	5.69	5.85	7.68	5.71	6.30	5.87	5.21	7.21	5.13	8.61
betweenTeamSigma	200	verdict	(OFF)	(ok)	(OFF)	(OFF)	(OFF)	(OFF)	(OFF)	(OFF)	(ok)	(OFF)	(OFF)	(OFF)	(ok)	(ok)	(OFF)	(OFF)	(ok)	(OFF)	(ok)	(ok)	(ok)	(ok)	(OFF)	(ok)	(OFF)	(ok)	(ok)	(OFF)	(ok)	(OFF)
betweenTeamSigma	400	value	5.04	5.40	7.34	8.23	7.80	6.62	6.90	7.50	5.82	7.06	9.24	7.19	5.97	5.41	6.60	6.97	5.95	6.72	5.33	5.87	5.23	6.36	7.52	5.32	6.57	6.33	5.09	7.21	5.83	8.74
betweenTeamSigma	400	verdict	(ok)	(ok)	(OFF)	(OFF)	(OFF)	(OFF)	(OFF)	(OFF)	(ok)	(OFF)	(OFF)	(OFF)	(ok)	(ok)	(OFF)	(OFF)	(ok)	(OFF)	(ok)	(ok)	(ok)	(OFF)	(OFF)	(ok)	(OFF)	(OFF)	(ok)	(OFF)	(ok)	(OFF)
carries10plus	100	value	10.5	11.22	10.7	11.3	13.7	11.0	13.6	12.0	13.3	11.4	12.3	11.6	13.6	11.1	13.1	13.0	12.0	11.1	11.4	10.6	11.8	11.4	12.5	11.1	11.7	10.8	10.9	10.9	11.6	11.3
carries10plus	100	verdict	ok	OFF	ok	OFF	OFF	ok	OFF	OFF	OFF	OFF	OFF	OFF	OFF	ok	OFF	OFF	OFF	ok	OFF	ok	OFF	OFF	OFF	ok	OFF	ok	ok	ok	OFF	OFF
carries10plus	200	value	10.4	11.3	10.3	11.5	13.6	10.6	13.1	11.9	13.2	12.1	12.1	11.3	13.6	10.8	12.9	12.8	11.6	10.9	11.6	10.5	11.8	11.7	12.4	11.0	12.1	11.1	11.1	11.1	10.9	11.5
carries10plus	200	verdict	ok	OFF	ok	OFF	OFF	ok	OFF	OFF	OFF	OFF	OFF	OFF	OFF	ok	OFF	OFF	OFF	ok	OFF	ok	OFF	OFF	OFF	ok	OFF	ok	ok	ok	ok	OFF
carries10plus	400	value	10.2	11.0	10.2	11.6	13.5	10.6	13.0	11.9	13.3	12.1	12.0	11.0	13.4	10.7	12.7	13.0	12.2	11.0	11.6	10.6	11.7	12.2	12.1	11.3	12.3	11.2	11.3	11.4	11.1	11.4
carries10plus	400	verdict	ok	ok	ok	OFF	OFF	ok	OFF	OFF	OFF	OFF	OFF	ok	OFF	ok	OFF	OFF	OFF	ok	OFF	ok	OFF	OFF	OFF	OFF	OFF	ok	OFF	OFF	ok	OFF
carries20plus	100	value	2.9	2.6	2.4	2.8	3.4	2.9	3.6	2.8	3.4	2.8	2.8	3.1	3.3	2.7	3.3	3.6	2.8	3.0	2.8	2.53	2.5	2.7	2.9	2.5	2.8	2.7	2.8	2.7	2.7	2.7
carries20plus	100	verdict	OFF	OFF	ok	OFF	OFF	OFF	OFF	OFF	OFF	OFF	OFF	OFF	OFF	OFF	OFF	OFF	OFF	OFF	OFF	OFF	ok	OFF	OFF	ok	OFF	OFF	OFF	OFF	OFF	OFF
carries20plus	200	value	2.7	2.7	2.3	2.9	3.5	2.55	3.4	2.8	3.6	3.1	2.9	2.9	3.4	2.6	3.2	3.3	2.6	2.8	2.8	2.6	2.7	2.8	3.0	2.6	3.0	2.8	2.9	2.6	2.7	2.8
carries20plus	200	verdict	OFF	OFF	ok	OFF	OFF	OFF	OFF	OFF	OFF	OFF	OFF	OFF	OFF	OFF	OFF	OFF	OFF	OFF	OFF	OFF	OFF	OFF	OFF	OFF	OFF	OFF	OFF	OFF	OFF	OFF
carries20plus	400	value	2.6	2.6	2.3	2.9	3.5	2.54	3.4	2.7	3.4	3.3	2.8	2.9	3.5	2.6	3.1	3.4	2.9	2.7	2.7	2.4	2.5	2.9	2.9	2.6	3.0	2.7	2.9	2.9	2.6	2.7
carries20plus	400	verdict	OFF	OFF	ok	OFF	OFF	OFF	OFF	OFF	OFF	OFF	OFF	OFF	OFF	OFF	OFF	OFF	OFF	OFF	OFF	ok	ok	OFF	OFF	OFF	OFF	OFF	OFF	OFF	OFF	OFF
carries2orFewer	100	value	45.3	43.5	44.2	43.2	39.0	44.3	38.6	42.3	39.8	42.0	41.8	45.0	38.9	44.2	39.8	39.7	40.9	44.4	42.1	44.7	42.1	41.6	39.4	42.1	42.1	43.5	44.7	42.1	42.0	44.1
carries2orFewer	100	verdict	ok	ok	ok	ok	OFF	ok	OFF	ok	OFF	ok	ok	ok	OFF	ok	OFF	OFF	ok	ok	ok	ok	ok	ok	OFF	ok	ok	ok	ok	ok	ok	ok
carries2orFewer	200	value	45.0	43.4	44.9	42.6	38.8	44.5	39.4	42.2	39.9	41.7	41.6	44.6	38.9	44.0	40.3	39.8	40.8	44.2	42.8	44.4	41.8	40.9	39.7	42.4	41.3	43.1	44.6	42.2	42.9	43.9
carries2orFewer	200	verdict	ok	ok	ok	ok	OFF	ok	OFF	ok	OFF	ok	ok	ok	OFF	ok	OFF	OFF	ok	ok	ok	ok	ok	ok	OFF	ok	ok	ok	ok	ok	ok	ok
carries2orFewer	400	value	45.6	43.4	44.9	42.8	38.4	44.3	39.6	41.9	39.6	41.9	41.3	44.5	38.8	44.2	40.4	40.1	40.3	44.3	42.9	44.8	42.0	40.8	40.57	42.0	40.7	43.1	44.3	41.8	42.7	43.5
carries2orFewer	400	verdict	ok	ok	ok	ok	OFF	ok	OFF	ok	OFF	ok	ok	ok	OFF	ok	OFF	OFF	OFF	ok	ok	ok	ok	ok	OFF	ok	ok	ok	ok	ok	ok	ok
carriesStuffed	100	value	20.9	19.7	20.5	19.6	16.3	20.4	15.5	19.1	16.6	18.5	18.4	20.7	16.8	20.0	16.8	16.4	18.0	20.5	19.5	20.7	19.5	17.7	17.7	18.8	18.2	19.5	20.6	17.9	18.6	20.6
carriesStuffed	100	verdict	OFF	ok	OFF	ok	OFF	OFF	OFF	ok	OFF	ok	ok	OFF	OFF	OFF	OFF	OFF	ok	OFF	ok	OFF	ok	ok	ok	ok	ok	ok	OFF	ok	ok	OFF
carriesStuffed	200	value	20.9	19.2	20.3	18.9	16.4	20.3	16.5	19.1	16.9	18.5	18.4	20.1	16.9	19.91	17.5	16.7	18.0	20.2	19.7	20.5	18.9	17.4	17.4	19.2	18.2	19.2	20.3	17.9	18.9	20.1
carriesStuffed	200	verdict	OFF	ok	OFF	ok	OFF	OFF	OFF	ok	OFF	ok	ok	OFF	OFF	OFF	ok	OFF	ok	OFF	ok	OFF	ok	OFF	OFF	ok	ok	ok	OFF	ok	ok	OFF
carriesStuffed	400	value	21.2	19.4	20.7	18.9	16.0	19.5	16.7	18.9	16.8	18.6	18.2	20.2	16.6	19.9	17.7	17.0	17.6	20.0	19.6	20.7	19.0	17.4	17.497	19.1	17.8	19.2	20.2	18.2	19.1	20.0
carriesStuffed	400	verdict	OFF	ok	OFF	ok	OFF	ok	OFF	ok	OFF	ok	ok	OFF	OFF	ok	ok	OFF	ok	OFF	ok	OFF	ok	OFF	OFF	ok	ok	ok	OFF	ok	ok	OFF
checkdownsPerDropback	100	value	11.4	13.1	11.9	16.2	16.2	14.4	14.1	12.2	15.4	12.7	15.1	15.0	17.9	13.0	12.8	14.3	12.7	13.0	15.3	13.3	14.2	16.1	16.4	12.8	16.8	16.0	12.9	14.0	14.5	14.7
checkdownsPerDropback	100	verdict	unsourced	unsourced	unsourced	unsourced	unsourced	unsourced	unsourced	unsourced	unsourced	unsourced	unsourced	unsourced	unsourced	unsourced	unsourced	unsourced	unsourced	unsourced	unsourced	unsourced	unsourced	unsourced	unsourced	unsourced	unsourced	unsourced	unsourced	unsourced	unsourced	unsourced
checkdownsPerDropback	200	value	11.5	12.9	11.5	16.1	15.9	14.5	14.0	12.7	15.7	12.9	14.7	15.3	17.6	12.5	12.3	14.2	12.6	13.6	15.0	13.4	14.0	16.4	16.4	13.0	16.1	15.9	12.8	13.9	14.7	15.4
checkdownsPerDropback	200	verdict	unsourced	unsourced	unsourced	unsourced	unsourced	unsourced	unsourced	unsourced	unsourced	unsourced	unsourced	unsourced	unsourced	unsourced	unsourced	unsourced	unsourced	unsourced	unsourced	unsourced	unsourced	unsourced	unsourced	unsourced	unsourced	unsourced	unsourced	unsourced	unsourced	unsourced
checkdownsPerDropback	400	value	11.7	13.2	11.6	15.8	16.1	14.4	14.5	13.0	15.5	12.9	14.3	15.6	17.5	12.2	12.0	14.3	12.4	13.8	15.4	13.6	14.2	16.3	16.6	12.7	16.2	15.7	12.6	13.5	14.5	15.5
checkdownsPerDropback	400	verdict	unsourced	unsourced	unsourced	unsourced	unsourced	unsourced	unsourced	unsourced	unsourced	unsourced	unsourced	unsourced	unsourced	unsourced	unsourced	unsourced	unsourced	unsourced	unsourced	unsourced	unsourced	unsourced	unsourced	unsourced	unsourced	unsourced	unsourced	unsourced	unsourced	unsourced
completionPercentage	100	value	63.8	63.0	62.5	60.9	60.3	62.4	60.9	64.0	62.2	63.7	61.6	61.8	60.2	62.8	63.5	61.2	62.6	64.4	63.3	60.0	63.3	60.3	58.4	62.1	60.2	62.5	62.9	61.198	63.8	60.8
completionPercentage	100	verdict	ok	ok	ok	OFF	OFF	ok	OFF	ok	ok	ok	ok	ok	OFF	ok	ok	ok	ok	ok	ok	OFF	ok	OFF	OFF	ok	OFF	ok	ok	OFF	ok	OFF
completionPercentage	200	value	63.7	62.9	63.4	61.2	60.1	62.8	61.6	63.4	61.4	63.0	61.5	61.4	59.7	63.4	62.6	61.3	63.0	63.6	62.8	61.4	63.2	60.0	58.6	62.8	60.7	62.2	62.6	61.5	63.6	60.8
completionPercentage	200	verdict	ok	ok	ok	ok	OFF	ok	ok	ok	ok	ok	ok	ok	OFF	ok	ok	ok	ok	ok	ok	ok	ok	OFF	OFF	ok	OFF	ok	ok	ok	ok	OFF
completionPercentage	400	value	63.7	63.0	62.8	61.2	60.9	62.3	61.2	63.4	61.6	62.9	62.1	61.4	60.0	63.1	62.9	61.4	62.8	63.6	62.6	61.7	63.4	60.1	59.0	63.1	60.4	62.2	62.7	61.9	63.8	60.7
completionPercentage	400	verdict	ok	ok	ok	ok	OFF	ok	ok	ok	ok	ok	ok	ok	OFF	ok	ok	ok	ok	ok	ok	ok	ok	OFF	OFF	ok	OFF	ok	ok	ok	ok	OFF
completionsZeroOrFewer	100	value	5.2	6.3	5.62	5.5	5.5	5.0	5.8	5.4	6.0	5.4	7.3	5.9	5.6	5.9	5.9	5.5	4.9	5.4	5.9	5.2	5.5	5.5	5.7	5.4	5.5	5.5	5.9	6.3	6.0	5.7
completionsZeroOrFewer	100	verdict	ok	OFF	OFF	ok	ok	ok	OFF	ok	OFF	ok	OFF	OFF	ok	OFF	OFF	ok	ok	ok	OFF	ok	ok	ok	OFF	ok	ok	ok	OFF	OFF	OFF	OFF
completionsZeroOrFewer	200	value	5.2	5.8	5.62	5.4	5.7	5.5	5.7	5.5	5.9	5.4	6.3	5.7	5.8	5.7	5.5	5.7	5.6	5.64	5.9	5.6	5.5	5.7	5.7	5.3	5.7	5.4	5.7	5.8	5.8	6.1
completionsZeroOrFewer	200	verdict	ok	OFF	OFF	ok	OFF	ok	OFF	ok	OFF	ok	OFF	OFF	OFF	OFF	ok	OFF	ok	OFF	OFF	ok	ok	OFF	OFF	ok	OFF	ok	OFF	OFF	OFF	OFF
completionsZeroOrFewer	400	value	5.2	5.7	5.5	5.5	5.9	5.4	5.61	5.7	5.7	5.5	6.2	5.7	5.9	5.5	5.5	5.9	5.7	5.61	5.7	5.5	5.8	5.61	5.7	5.65	5.8	5.5	5.4	5.7	5.8	5.9
completionsZeroOrFewer	400	verdict	ok	OFF	ok	ok	OFF	ok	OFF	OFF	OFF	ok	OFF	OFF	OFF	ok	ok	OFF	OFF	OFF	OFF	ok	OFF	OFF	OFF	OFF	OFF	ok	ok	OFF	OFF	OFF
count:attempts	100	value	6733.333333	6558.730159	6637.5	6523.333333	6427.586207	6534.375	6403.278689	6523.076923	6511.47541	6499.924208	6562.068966	6677.966102	6650.847458	6714.285714	6765.079365	6547.540984	6669.84127	6557.575758	6464.516129	6770	6580.952381	6562.711864	6537.931034	6526.984127	6678.688525	6670.967742	6629.508197	6659.016393	6447.619048	6629.508197
count:attempts	200	value	13372.307692	13193.650794	13132.307692	13186.885246	13289.655172	13087.5	12974.193548	13231.746032	13172.881356	12993.75	13080	13505.084746	13386.206897	13292.307692	13343.75	12924.590164	13237.5	13037.5	13058.064516	13363.934426	13219.047619	13288.135593	13248.275862	13018.75	13420	13322.580645	13180.645161	13403.278689	12977.777778	13285.245902
count:attempts	400	value	26966.153846	26412.698413	26550	26321.311475	26013.333333	26615.873016	26242.622951	26260.31746	26093.333333	26400	26150.819672	26861.016949	26703.448276	26700	26550	26360	26250	26552.380952	26478.688525	26748.387097	26590.47619	26454.237288	26689.655172	26260.31746	26360	26622.95082	26184.126984	26645.16129	25968.253968	26866.666667
count:carries	100	value	6224	6255	6219	6240	6325	6213	6394	6152	6325	6321	6230	6168	6272	6135	6266	6340	6247	6232	6163	6161	6235	6216	6389	6289	6149	6243	6234	6353	6238	6184
count:carries	200	value	12490	12432	12449	12490	12560	12336	12700	12396	12642	12667	12520	12339	12633	12411	12513	12691	12494	12500	12403	12425	12516	12466	12736	12660	12479	12450	12455	12586	12550	12374
count:carries	400	value	24857	24812	24959	24836	25214	24830	25258	24855	25337	25291	25047	24681	25167	24697	25027	25184	25122	24878	24764	24895	24968	24935	25125	25055	25080	24874	25051	25052	24918	24856
count:completions	100	value	4295.866667	4132	4148.4375	3972.71	3875.834483	4077.45	3899.596721	4174.769231	4050.137705	4140.45172	4042.234483	4126.983051	4003.810169	4216.571429	4295.825397	4007.095082	4175.320635	4223.078788	4092.03871	4062	4165.742857	3957.315254	3818.151724	4053.257143	4020.570492	4169.354839	4169.960656	4075.184852	4113.580952	4030.740984
count:completions	200	value	8518.16	8298.806349	8325.883077	8070.37377	7987.082759	8218.95	7992.103226	8388.926984	8088.149153	8186.0625	8044.2	8292.122034	7991.565517	8427.323077	8353.1875	7922.77377	8339.625	8291.85	8200.464516	8205.455738	8354.438095	7972.881356	7763.489655	8175.775	8145.94	8286.645161	8251.083871	8243.016393	8253.866667	8077.429508
count:completions	400	value	17177.44	16640	16673.4	16108.642623	15842.12	16581.688889	16060.485246	16649.04127	16073.493333	16605.6	16239.659016	16492.664407	16022.068966	16847.7	16699.95	16185.04	16485	16887.314286	16575.659016	16503.754839	16858.361905	15898.99661	15746.896552	16570.260317	15921.44	16559.47541	16417.447619	16493.354839	16567.746032	16308.066667
count:drives	100	value	2280	2220	2220	2280	2160	2240	2240	2200	2220	2200	2260	2280	2300	2260	2180	2260	2240	2240	2260	2300	2180	2260	2320	2220	2320	2220	2220	2346	2200	2300
count:drives	200	value	4520	4440	4400	4560	4480	4480	4520	4400	4520	4440	4480	4560	4600	4440	4440	4520	4440	4440	4520	4520	4400	4520	4640	4440	4640	4520	4480	4600	4360	4640
count:drives	400	value	8960	8880	8960	9120	8960	8960	9040	8720	8960	8960	8960	9200	9120	8880	8880	8960	8960	8960	9040	9120	8800	9040	9200	8800	9200	9040	8960	9120	8800	9360
count:dropbacks	100	value	7186.417186	6993.502755	7106.217617	7006.590357	6861.460236	6989.994802	6875.160259	6978.25044	6920.617645	6957.34601	7085.488506	7203.301462	7115.466102	7172.495554	7174.668766	7012.995838	7148.638158	7005.772006	6945.38619	7251.037344	7026.893659	7041.40966	7004.086314	7007.275132	7201.136247	7106.81301	7049.180328	7135.909122	6878.361707	7108.298649
count:dropbacks	200	value	14265.879349	14115.940596	14087.637934	14108.915105	14230.410782	14005.711319	13918.78241	14113.96265	14046.654216	13873.184647	14068.67846	14475.140068	14324.877104	14224.385573	14206.780538	13906.961669	14190.94693	13910.455487	13925.455457	14277.940276	14113.002714	14258.474576	14187.396946	13984.131113	14416.666667	14235.042163	14073.207421	14405.076679	13842.256765	14258.55384
count:dropbacks	400	value	28672.341103	28287.628288	28471.933472	28204.892498	27830.907831	28398.208523	28169.398907	28016.944403	27914.067914	28186.528497	28069.386991	28765.334319	28589.863073	28497.409326	28371.369295	28303.850156	28089.304258	28385.886997	28297.394735	28547.551396	28413.357044	28401.91185	28617.105169	28200.122227	28262.226847	28476.584444	27979.363431	28541.185141	27726.404531	28741.355463
count:fieldGoals	100	value	371	342	349	337	370	326	356	356	329	349	351	364	355	390	325	354	339	370	345	332	363	359	336	378	345	389	354	326	357	355
count:fieldGoals	200	value	744	679	699	686	715	681	712	708	702	682	687	743	731	744	659	697	708	728	698	668	713	728	709	700	709	759	701	683	715	729
count:fieldGoals	400	value	1514	1376	1438	1425	1398	1338	1433	1381	1438	1431	1365	1480	1427	1511	1371	1389	1405	1425	1424	1349	1426	1453	1415	1441	1420	1516	1442	1407	1374	1450
count:fieldGoals.30to39	100	value	115	84	95	96	112	128	98	102	101	110	106	128	104	129	97	116	103	117	96	108	102	110	100	119	100	123	94	93	118	105
count:fieldGoals.30to39	200	value	226	187	207	213	214	227	229	203	209	215	203	234	215	229	184	214	217	231	201	214	212	219	212	212	204	221	207	185	233	217
count:fieldGoals.30to39	400	value	446	383	415	435	417	419	440	408	423	439	422	449	420	433	413	414	419	460	412	426	452	421	409	424	400	429	430	413	429	446
count:fieldGoals.40to49	100	value	114	108	108	104	112	93	116	115	107	101	118	109	121	122	104	115	112	122	132	111	118	113	113	118	117	129	113	96	110	104
count:fieldGoals.40to49	200	value	235	225	227	225	230	209	216	240	231	201	230	232	234	244	225	227	225	227	251	216	221	241	243	218	238	255	209	235	228	223
count:fieldGoals.40to49	400	value	499	462	471	474	464	406	468	459	466	436	450	470	479	496	472	481	440	431	474	439	432	499	500	471	465	509	443	446	438	435
count:fieldGoals.50plus	100	value	43	54	59	44	39	34	50	36	34	49	29	45	37	39	38	36	36	48	37	30	49	46	47	42	53	48	40	48	38	50
count:fieldGoals.50plus	200	value	88	91	95	85	80	85	96	75	77	90	64	108	83	75	72	78	78	101	81	65	87	77	91	91	107	111	84	95	71	100
count:fieldGoals.50plus	400	value	176	171	209	180	164	172	191	163	194	190	146	214	192	163	153	150	178	192	188	138	174	168	185	193	226	229	187	189	165	200
count:fieldGoals.under30	100	value	99	96	87	93	107	71	92	103	87	89	98	82	93	100	86	87	88	83	80	83	94	90	76	99	75	89	107	89	91	96
count:fieldGoals.under30	200	value	195	176	170	163	191	160	171	190	185	176	190	169	199	196	178	178	188	169	165	173	193	191	163	179	160	172	201	168	183	189
count:fieldGoals.under30	400	value	393	360	343	336	353	341	334	351	355	366	347	347	336	419	333	344	368	342	350	346	368	365	321	353	329	349	382	359	342	369
count:fourthDownGoes	100	value	280	300	260	280	280	300	250	260	260	300	260	280	280	260	260	254	258	260	280	300	280	256	300	280	260	280	300	300	300	300
count:fourthDownGoes	200	value	560	560	560	560	520	560	516	560	520	560	520	560	560	520	519.2	560	516	520	560	600	520	518	560	560	520	520	560	560	560	560
count:fourthDownGoes	400	value	1040	1120	1120	1120	1016	1120	1040	1120	1040	1120	1120	1120	1120	1040	1040	1040	1032	1120	1120	1120	1120	1032	1120	1120	1120	1040	1120	1040	1120	1120
count:fourthDowns	100	value	1521.73913	1546.391753	1460.674157	1555.555556	1435.897436	1530.612245	1453.488372	1390.374332	1452.513966	1449.275362	1511.627907	1581.920904	1523.394995	1520.467836	1382.978723	1451.428571	1457.627119	1477.272727	1505.376344	1621.621622	1530.054645	1497.076023	1621.621622	1497.326203	1556.886228	1530.054645	1595.744681	1621.621622	1522.84264	1612.903226
count:fourthDowns	200	value	3060.10929	3076.923077	3045.133225	3181.818182	2937.853107	3027.027027	2948.571429	2994.652406	2954.545455	2828.282828	2921.348315	3218.390805	2994.652406	2905.027933	2868.508287	2994.652406	2898.876404	2988.505747	3163.841808	3157.894737	2921.348315	3029.239766	3146.067416	2916.666667	3095.238095	3040.935673	3027.027027	3146.067416	2916.666667	3146.067416
count:fourthDowns	400	value	5942.857143	6187.845304	6153.846154	6400	5839.08046	6021.505376	5942.857143	5803.108808	5909.090909	6054.054054	6093.579978	6436.781609	6054.054054	5909.090909	5683.060109	5745.856354	5797.752809	6222.222222	6256.98324	5989.304813	6153.846154	6179.640719	6327.683616	6021.505376	6400	6046.511628	6400	5810.055866	5957.446809	6400
count:games	100	value	100	100	100	100	100	100	100	100	100	100	100	100	100	100	100	100	100	100	100	100	100	100	100	100	100	100	100	100	100	100
count:games	200	value	200	200	200	200	200	200	200	200	200	200	200	200	200	200	200	200	200	200	200	200	200	200	200	200	200	200	200	200	200	200
count:games	400	value	400	400	400	400	400	400	400	400	400	400	400	400	400	400	400	400	400	400	400	400	400	400	400	400	400	400	400	400	400	400
count:kickoffs	100	value	1082	1081	1048	1046	1058	1051	1112	1110	1054	1082	1060	1049	1078	1066	1106	1119	1093	1063	1028	1041	1062	1052	1072	1099	1077	1066	1017	1087	1039	1034
count:kickoffs	200	value	2158	2128	2103	2115	2131	2099	2223	2167	2146	2191	2127	2075	2183	2123	2198	2209	2203	2078	2094	2064	2142	2127	2142	2200	2178	2110	2080	2134	2080	2124
count:kickoffs	400	value	4307	4211	4235	4244	4380	4189	4428	4299	4343	4433	4245	4113	4306	4259	4447	4363	4422	4205	4166	4170	4260	4226	4207	4304	4323	4236	4187	4351	4126	4201
count:onsideKicks	100	value	28	29	28	25	28	22	21	26	20	27	23	18	22	18	20	22	18	31	26	33	24	13	27	29	16	27	19	21	21	20
count:onsideKicks	200	value	50	52	50	41	50	46	45	58	39	54	49	43	47	37	42	48	35	46	47	51	53	27	44	45	38	49	31	42	41	36
count:onsideKicks	400	value	91	96	88	92	102	93	89	104	88	99	94	73	96	72	101	98	98	90	83	108	108	60	82	90	93	91	71	97	82	79
count:plays	100	value	17030	17000	17100	17000	16800	16800	17040	16800	16800	16900	16900	17000	17100	17000	17010	17000	17050	16900	16800	17200	16800	16900	17200	16900	17200	17000	16800	17200	16700	16900
count:plays	200	value	34000	34000	33800	34060	34000	33600	34200	33800	33800	33800	33800	34000	34200	33800	34060	34000	34040	33800	33600	34040	33800	34000	34200	33800	34400	33800	33800	34200	33600	34080
count:plays	400	value	68000	67600	68000	68000	68000	67600	68400	67600	68000	68000	67600	68000	68400	67600	68120	68000	68160	67600	67600	68400	67600	68160	68400	67600	68400	67600	67600	68080	66800	68120
count:punts	100	value	870	874	887	961	806	899	851	802	881	802	914	934	906	886	825	845	857	871	891	956	844	884	952	827	965	865	899	951	832	953
count:punts	200	value	1720	1770	1737	1895	1740	1810	1710	1652	1780	1649	1807	1869	1767	1713	1690	1693	1670	1746	1819	1861	1709	1781	1862	1661	1879	1776	1829	1853	1706	1901
count:punts	400	value	3511	3545	3524	3662	3418	3614	3473	3326	3465	3341	3520	3809	3546	3444	3371	3437	3370	3491	3662	3673	3447	3692	3778	3385	3668	3578	3657	3523	3472	3858
count:scrimmage	100	value	13540	13480	13560	13460	13440	13400	13520	13360	13380	13460	13440	13520	13580	13500	13560	13500	13540	13380	13340	13640	13420	13420	13600	13500	13560	13580	13440	13700	13360	13440
count:scrimmage	200	value	27000	26960	26880	26960	27040	26800	27080	26920	26960	27000	26920	27080	27240	27040	27160	26960	27000	26840	26760	27080	26920	27000	27160	27000	27200	27040	27000	27240	26800	27040
count:scrimmage	400	value	54080	53920	53920	53920	54000	53840	54160	53760	54000	54080	53680	54080	54400	53760	54160	53920	54000	53840	53680	54240	53920	54080	54320	54000	54320	53920	53920	54160	53360	54080
count:teamGames	100	value	200	200	200	200	200	200	200	200	200	200	200	200	200	200	200	200	200	200	200	200	200	200	200	200	200	200	200	200	200	200
count:teamGames	200	value	400	400	400	400	400	400	400	400	400	400	400	400	400	400	400	400	400	400	400	400	400	400	400	400	400	400	400	400	400	400
count:teamGames	400	value	800	800	800	800	800	800	800	800	800	800	800	800	800	800	800	800	800	800	800	800	800	800	800	800	800	800	800	800	800	800
count:twoPointTries	100	value	54	52	34	32	28	42	48	42	37	34	30	38	34	34	52	34	60	44	40	37	40	36	52	46	54	52	48	44	32	34
count:twoPointTries	200	value	104	92	64	74	72	96	96	76	80	74	60	68	76	80	84	72	108	92	80	74	80	72	84	100	96	92	96	80	72	68
count:twoPointTries	400	value	200	168	144	144	160	184	176	176	160	168	128	128	160	160	184	152	208	168	176	160	176	148.8	160	192	168	168	176	176	160	144
defensiveReturnTouchdowns	100	value	0.11	0.16	0.14	0.21	0.13	0.13	0.145	0.09	0.12	0.08	0.13	0.11	0.18	0.08	0.14	0.12	0.145	0.12	0.07	0.12	0.13	0.12	0.17	0.13	0.19	0.15	0.13	0.16	0.10	0.14
defensiveReturnTouchdowns	100	verdict	ok	OFF	ok	OFF	ok	ok	OFF	ok	ok	ok	ok	ok	OFF	ok	ok	ok	OFF	ok	ok	ok	ok	ok	OFF	ok	OFF	OFF	ok	OFF	ok	ok
defensiveReturnTouchdowns	200	value	0.14	0.143	0.13	0.16	0.15	0.15	0.14	0.11	0.13	0.10	0.12	0.12	0.16	0.11	0.11	0.13	0.14	0.12	0.10	0.13	0.12	0.17	0.143	0.13	0.16	0.13	0.13	0.13	0.10	0.16
defensiveReturnTouchdowns	200	verdict	ok	OFF	ok	OFF	OFF	OFF	ok	ok	ok	ok	ok	ok	OFF	ok	ok	ok	ok	ok	ok	ok	ok	OFF	OFF	ok	OFF	ok	ok	ok	ok	OFF
defensiveReturnTouchdowns	400	value	0.144	0.12	0.14	0.14	0.14	0.13	0.15	0.13	0.145	0.11	0.13	0.13	0.14	0.11	0.11	0.13	0.13	0.13	0.12	0.12	0.12	0.17	0.15	0.13	0.16	0.12	0.12	0.13	0.11	0.14
defensiveReturnTouchdowns	400	verdict	OFF	ok	ok	ok	ok	ok	OFF	ok	OFF	ok	ok	ok	ok	ok	ok	ok	ok	ok	ok	ok	ok	OFF	OFF	ok	OFF	ok	ok	ok	ok	ok
driveEndDowns	100	value	5.0	5.1	4.9	4.68	5.3	4.8	4.3	4.6	4.695	5.4	4.9	5.2	5.0	4.8	4.8	4.7	3.8	4.6	5.4	5.2	4.9	4.2	4.8	5.1	4.3	4.6	5.4	4.69	4.5	5.5
driveEndDowns	100	verdict	ok	ok	ok	OFF	ok	ok	OFF	OFF	OFF	ok	ok	ok	ok	ok	ok	ok	OFF	OFF	ok	ok	ok	OFF	ok	ok	OFF	OFF	ok	OFF	OFF	ok
driveEndDowns	200	value	5.3	4.8	5.0	4.7	4.67	4.6	4.0	4.9	4.68	5.2	4.8	5.2	5.0	4.8	4.5	5.0	4.2	4.8	5.0	5.2	4.7	4.6	4.6	5.1	4.3	4.4	5.3	4.9	4.9	5.4
driveEndDowns	200	verdict	ok	ok	ok	ok	OFF	OFF	OFF	ok	OFF	ok	ok	ok	ok	ok	OFF	ok	OFF	ok	ok	ok	ok	OFF	OFF	ok	OFF	OFF	ok	ok	ok	ok
driveEndDowns	400	value	4.9	4.8	5.0	4.8	4.3	4.69	4.3	5.0	4.6	4.6	4.9	5.2	4.9	4.8	4.7	4.66	4.3	4.8	5.2	5.0	4.9	4.8	4.7	4.8	4.67	4.5	5.0	4.7	5.0	5.1
driveEndDowns	400	verdict	ok	ok	ok	ok	OFF	OFF	OFF	ok	OFF	OFF	ok	ok	ok	ok	ok	OFF	OFF	ok	ok	ok	ok	ok	ok	ok	OFF	OFF	ok	ok	ok	ok
driveEndPunt	100	value	37.4	38.5	39.2	41.6	36.5	39.4	37.3	36.0	39.4	36.2	40.0	40.2	38.9	38.7	37.2	37.0	37.9	38.6	38.8	41.0	38.1	38.4	40.5	36.7	41.1	38.1	40.2	39.9	37.6	40.7
driveEndPunt	100	verdict	ok	ok	OFF	OFF	ok	OFF	ok	ok	OFF	ok	OFF	OFF	ok	ok	ok	ok	ok	ok	ok	OFF	ok	ok	OFF	ok	OFF	ok	OFF	OFF	ok	OFF
driveEndPunt	200	value	37.4	39.2	38.7	40.8	38.3	39.7	37.1	36.7	39.02	36.6	39.4	40.3	37.7	38.2	37.6	37.3	37.0	38.8	39.3	40.5	38.5	38.8	39.7	36.8	39.9	38.8	40.2	39.8	38.4	40.2
driveEndPunt	200	verdict	ok	OFF	ok	OFF	ok	OFF	ok	ok	OFF	ok	OFF	OFF	ok	ok	ok	ok	ok	ok	OFF	OFF	ok	ok	OFF	ok	OFF	ok	OFF	OFF	ok	OFF
driveEndPunt	400	value	38.4	39.2	38.8	39.7	37.5	39.7	37.7	37.3	38.2	36.9	38.8	40.9	38.3	38.2	37.4	37.8	37.2	38.6	39.6	39.7	38.5	40.0	40.4	37.8	39.1	38.9	40.2	38.2	39.1	40.7
driveEndPunt	400	verdict	ok	OFF	ok	OFF	ok	OFF	ok	ok	ok	ok	ok	OFF	ok	ok	ok	ok	ok	ok	OFF	OFF	ok	OFF	OFF	ok	OFF	ok	OFF	ok	OFF	OFF
driveEndTouchdown	100	value	22.9	24.0	23.1	21.8	23.4	23.3	24.9	25.7	23.7	25.5	22.7	21.2	22.7	21.9	26.4	25.3	24.7	23.2	22.7	21.7	23.2	22.0	22.0	23.2	22.8	21.6	21.4	23.8	22.9	20.3
driveEndTouchdown	100	verdict	ok	OFF	ok	ok	ok	ok	OFF	OFF	ok	OFF	ok	ok	ok	ok	OFF	OFF	OFF	ok	ok	ok	ok	ok	ok	ok	ok	ok	ok	ok	ok	ok
driveEndTouchdown	200	value	22.7	23.9	23.2	22.6	23.3	22.8	24.9	24.2	23.2	25.7	23.1	20.6	22.9	22.8	26.0	24.8	24.8	22.6	22.5	21.8	23.6	22.1	22.1	24.6	23.2	22.0	22.1	23.0	22.9	21.0
driveEndTouchdown	200	verdict	ok	OFF	ok	ok	ok	ok	OFF	OFF	ok	OFF	ok	ok	ok	ok	OFF	OFF	OFF	ok	ok	ok	ok	ok	ok	OFF	ok	ok	ok	ok	ok	ok
driveEndTouchdown	400	value	22.4	23.3	22.9	22.4	24.6	23.1	24.4	24.4	23.5	25.1	23.4	20.3	23.4	22.5	25.8	24.4	25.2	23.1	22.0	22.0	23.4	21.7	21.7	23.9	22.9	22.0	22.1	23.7	22.9	21.0
driveEndTouchdown	400	verdict	ok	ok	ok	ok	OFF	ok	OFF	OFF	ok	OFF	ok	ok	ok	ok	OFF	OFF	OFF	ok	ok	ok	ok	ok	ok	OFF	ok	ok	ok	ok	ok	ok
drives3orFewer	100	value	33.2	31.1	31.4	33.3	29.5	32.0	31.4	30.0	32.1	31.2	32.7	32.1	32.8	31.0	30.1	30.4	31.1	31.6	33.1	34.3	31.0	33.2	33.2	31.1	33.0	32.1	32.0	33.8	31.3	32.2
drives3orFewer	100	verdict	OFF	OFF	OFF	ok	OFF	OFF	OFF	OFF	OFF	OFF	OFF	OFF	OFF	OFF	OFF	OFF	OFF	OFF	OFF	ok	OFF	OFF	OFF	OFF	OFF	OFF	OFF	ok	OFF	OFF
drives3orFewer	200	value	32.4	31.3	31.1	33.0	31.0	32.0	31.9	30.4	33.1	31.8	32.1	32.2	32.1	30.2	29.6	30.7	30.4	31.0	33.0	32.9	30.5	32.8	32.9	30.5	33.4	32.0	31.8	32.3	30.8	33.0
drives3orFewer	200	verdict	OFF	OFF	OFF	OFF	OFF	OFF	OFF	OFF	OFF	OFF	OFF	OFF	OFF	OFF	OFF	OFF	OFF	OFF	OFF	OFF	OFF	OFF	OFF	OFF	ok	OFF	OFF	OFF	OFF	OFF
drives3orFewer	400	value	32.2	31.6	31.6	32.3	31.5	32.4	31.6	30.1	32.2	31.4	31.7	32.8	31.2	30.8	30.3	31.0	30.4	31.2	32.3	33.28	30.7	32.3	32.9	30.4	33.1	32.2	30.8	31.9	31.2	33.6
drives3orFewer	400	verdict	OFF	OFF	OFF	OFF	OFF	OFF	OFF	OFF	OFF	OFF	OFF	OFF	OFF	OFF	OFF	OFF	OFF	OFF	OFF	OFF	OFF	OFF	OFF	OFF	OFF	OFF	OFF	OFF	OFF	ok
drives4to7	100	value	38.3	38.9	39.0	38.2	38.8	39.7	39.0	39.8	38.3	38.7	38.2	39.9	39.2	39.8	38.6	40.5	39.7	38.7	38.8	36.9	37.6	37.8	38.8	38.8	40.3	37.9	38.6	38.2	38.2	41.7
drives4to7	100	verdict	ok	OFF	OFF	ok	OFF	OFF	OFF	OFF	ok	OFF	ok	OFF	OFF	OFF	OFF	OFF	OFF	OFF	OFF	ok	ok	ok	OFF	OFF	OFF	ok	OFF	ok	ok	OFF
drives4to7	200	value	38.6	38.6	38.9	39.1	39.1	39.2	39.4	39.4	37.9	38.4	38.8	40.0	40.4	39.6	39.6	40.3	40.2	38.8	39.4	37.8	39.4	37.7	38.9	39.5	39.4	38.9	39.3	39.0	38.7	41.2
drives4to7	200	verdict	OFF	OFF	OFF	OFF	OFF	OFF	OFF	OFF	ok	ok	OFF	OFF	OFF	OFF	OFF	OFF	OFF	OFF	OFF	ok	OFF	ok	OFF	OFF	OFF	OFF	OFF	OFF	OFF	OFF
drives4to7	400	value	38.8	38.6	39.4	39.4	39.0	38.45	39.5	39.6	38.42	38.9	39.0	40.1	40.7	39.5	39.1	39.9	40.0	39.2	39.5	37.5	39.3	39.0	39.0	39.2	39.3	39.1	40.6	39.4	39.1	40.7
drives4to7	400	verdict	OFF	OFF	OFF	OFF	OFF	OFF	OFF	OFF	OFF	OFF	OFF	OFF	OFF	OFF	OFF	OFF	OFF	OFF	OFF	ok	OFF	OFF	OFF	OFF	OFF	OFF	OFF	OFF	OFF	OFF
drives8plus	100	value	28.6	30.0	29.6	28.5	31.7	28.3	29.5	30.2	29.5	30.1	29.1	28.0	28.0	29.2	31.3	29.1	29.2	29.7	28.2	28.8	31.4	29.0	28.0	30.1	26.7	30.1	29.5	28.0	30.5	26.1
drives8plus	100	verdict	ok	OFF	ok	ok	OFF	ok	ok	OFF	ok	OFF	ok	ok	ok	ok	OFF	ok	ok	ok	ok	ok	OFF	ok	ok	OFF	ok	OFF	ok	ok	OFF	ok
drives8plus	200	value	28.9	30.1	30.0	27.9	29.9	28.8	28.7	30.3	29.0	29.8	29.1	27.8	27.5	30.2	30.8	29.0	29.4	30.1	27.6	29.3	30.1	29.5	28.2	30.0	27.2	29.1	28.9	28.8	30.5	25.8
drives8plus	200	verdict	ok	OFF	OFF	ok	OFF	ok	ok	OFF	ok	OFF	ok	ok	ok	OFF	OFF	ok	ok	OFF	ok	ok	OFF	ok	ok	OFF	ok	ok	ok	ok	OFF	OFF
drives8plus	400	value	29.1	29.8	29.0	28.3	29.6	29.1	28.8	30.4	29.4	29.7	29.3	27.1	28.1	29.7	30.6	29.1	29.6	29.6	28.2	29.2	30.0	28.7	28.1	30.4	27.6	28.7	28.6	28.8	29.71	25.7
drives8plus	400	verdict	ok	OFF	ok	ok	ok	ok	ok	OFF	ok	ok	ok	ok	ok	ok	OFF	ok	ok	ok	ok	ok	OFF	ok	ok	OFF	ok	ok	ok	ok	OFF	OFF
drivesPerTeamGame	100	value	11.4	11.1	11.1	11.4	10.8	11.2	11.2	11.0	11.1	11.0	11.3	11.4	11.5	11.3	10.9	11.3	11.2	11.2	11.3	11.5	10.9	11.3	11.6	11.1	11.6	11.1	11.1	11.73	11.0	11.5
drivesPerTeamGame	100	verdict	ok	ok	ok	ok	ok	ok	ok	ok	ok	ok	ok	ok	ok	ok	ok	ok	ok	ok	ok	ok	ok	ok	ok	ok	ok	ok	ok	OFF	ok	ok
drivesPerTeamGame	200	value	11.3	11.1	11.0	11.4	11.2	11.2	11.3	11.0	11.3	11.1	11.2	11.4	11.5	11.1	11.1	11.3	11.1	11.1	11.3	11.3	11.0	11.3	11.6	11.1	11.6	11.3	11.2	11.5	10.9	11.6
drivesPerTeamGame	200	verdict	ok	ok	ok	ok	ok	ok	ok	ok	ok	ok	ok	ok	ok	ok	ok	ok	ok	ok	ok	ok	ok	ok	ok	ok	ok	ok	ok	ok	ok	ok
drivesPerTeamGame	400	value	11.2	11.1	11.2	11.4	11.2	11.2	11.3	10.9	11.2	11.2	11.2	11.5	11.4	11.1	11.1	11.2	11.2	11.2	11.3	11.4	11.0	11.3	11.5	11.0	11.5	11.3	11.2	11.4	11.0	11.7
drivesPerTeamGame	400	verdict	ok	ok	ok	ok	ok	ok	ok	ok	ok	ok	ok	ok	ok	ok	ok	ok	ok	ok	ok	ok	ok	ok	ok	ok	ok	ok	ok	ok	ok	ok
dropback10plus	100	value	23.78	21.9	22.9	20.2	20.3	22.2	21.1	23.0	21.6	22.9	20.8	20.7	20.7	22.1	22.7	21.4	22.7	23.7	21.0	21.0	23.0	19.8	19.7	22.3	21.0	21.7	21.7	21.7	21.9	20.9
dropback10plus	100	verdict	OFF	OFF	OFF	OFF	OFF	OFF	OFF	OFF	OFF	OFF	OFF	OFF	OFF	OFF	OFF	OFF	OFF	OFF	OFF	OFF	OFF	OFF	OFF	OFF	OFF	OFF	OFF	OFF	OFF	OFF
dropback10plus	200	value	23.6	22.3	23.4	21.0	20.3	22.0	21.6	22.7	20.8	22.2	20.7	20.6	20.4	23.1	22.8	21.4	22.7	22.6	21.5	21.8	22.6	20.4	20.2	22.6	21.1	21.7	21.9	21.9	22.0	20.9
dropback10plus	200	verdict	OFF	OFF	OFF	OFF	OFF	OFF	OFF	OFF	OFF	OFF	OFF	OFF	OFF	OFF	OFF	OFF	OFF	OFF	OFF	OFF	OFF	OFF	OFF	OFF	OFF	OFF	OFF	OFF	OFF	OFF
dropback10plus	400	value	23.6	22.4	23.1	21.1	20.7	22.1	21.2	22.6	21.0	22.2	21.4	20.6	20.3	23.1	22.8	21.4	22.7	22.3	21.3	22.1	22.6	20.5	20.1	22.2	20.7	21.6	22.4	22.3	22.3	21.0
dropback10plus	400	verdict	OFF	OFF	OFF	OFF	OFF	OFF	OFF	OFF	OFF	OFF	OFF	OFF	OFF	OFF	OFF	OFF	OFF	OFF	OFF	OFF	OFF	OFF	OFF	OFF	OFF	OFF	OFF	OFF	OFF	OFF
dropback20plus	100	value	7.5	6.8	6.8	6.2	5.9	6.9	6.7	6.8	6.5	7.4	6.0	6.2	6.1	6.9	7.1	6.5	6.5	7.0	6.3	6.3	6.8	6.5	6.2	6.8	6.9	6.6	6.1	6.2	6.4	6.7
dropback20plus	100	verdict	OFF	OFF	OFF	OFF	OFF	OFF	OFF	OFF	OFF	OFF	OFF	OFF	OFF	OFF	OFF	OFF	OFF	OFF	OFF	OFF	OFF	OFF	OFF	OFF	OFF	OFF	OFF	OFF	OFF	OFF
dropback20plus	200	value	7.1	6.8	7.1	6.5	6.1	7.0	6.5	6.6	6.1	7.1	6.5	6.3	6.2	7.1	7.0	6.2	6.9	6.8	6.5	6.6	6.9	6.5	6.3	7.0	6.6	6.8	6.5	6.3	6.6	6.7
dropback20plus	200	verdict	OFF	OFF	OFF	OFF	OFF	OFF	OFF	OFF	OFF	OFF	OFF	OFF	OFF	OFF	OFF	OFF	OFF	OFF	OFF	OFF	OFF	OFF	OFF	OFF	OFF	OFF	OFF	OFF	OFF	OFF
dropback20plus	400	value	7.1	6.8	7.0	6.4	6.2	7.1	6.5	6.4	6.2	6.8	6.5	6.1	6.1	7.0	6.9	6.2	6.9	6.8	6.4	6.6	6.9	6.3	6.3	6.7	6.4	6.5	6.6	6.6	6.7	6.6
dropback20plus	400	verdict	OFF	OFF	OFF	OFF	OFF	OFF	OFF	OFF	OFF	OFF	OFF	OFF	OFF	OFF	OFF	OFF	OFF	OFF	OFF	OFF	OFF	OFF	OFF	OFF	OFF	OFF	OFF	OFF	OFF	OFF
dropback40plus	100	value	1.7	1.55	1.3	1.4	1.1	1.6	1.3	1.5	1.5	1.4	1.3	1.3	1.3	1.3	1.4	1.5	1.4	1.6	1.504	1.3	1.4	1.5	1.4	1.3	1.6	1.4	0.99	1.6	1.4	1.5
dropback40plus	100	verdict	OFF	OFF	ok	ok	ok	OFF	ok	ok	ok	ok	ok	ok	ok	ok	ok	ok	ok	OFF	OFF	ok	ok	ok	ok	ok	OFF	ok	OFF	OFF	ok	ok
dropback40plus	200	value	1.6	1.5	1.4	1.4	1.3	1.6	1.4	1.3	1.3	1.3	1.4	1.3	1.4	1.4	1.5	1.4	1.6	1.3	1.4	1.3	1.4	1.4	1.5	1.3	1.5	1.54	1.1	1.5	1.4	1.4
dropback40plus	200	verdict	OFF	ok	ok	ok	ok	OFF	ok	ok	ok	ok	ok	ok	ok	ok	ok	ok	OFF	ok	ok	ok	ok	ok	ok	ok	ok	OFF	ok	ok	ok	ok
dropback40plus	400	value	1.6	1.5	1.4	1.4	1.4	1.5	1.4	1.3	1.3	1.3	1.4	1.3	1.3	1.4	1.5	1.3	1.54	1.4	1.4	1.4	1.4	1.3	1.4	1.4	1.4	1.4	1.3	1.5	1.4	1.4
dropback40plus	400	verdict	OFF	ok	ok	ok	ok	ok	ok	ok	ok	ok	ok	ok	ok	ok	ok	ok	OFF	ok	ok	ok	ok	ok	ok	ok	ok	ok	ok	ok	ok	ok
dropbackLoss	100	value	5.0	5.1	4.9	4.6	4.8	4.6	5.3	4.8	5.0	4.9	5.7	5.0	5.0	5.2	4.6	4.6	4.8	4.6	5.3	4.4	4.7	5.3	4.9	5.1	5.3	5.1	4.7	5.0	4.7	4.8
dropbackLoss	100	verdict	OFF	OFF	OFF	OFF	OFF	OFF	OFF	OFF	OFF	OFF	OFF	OFF	OFF	OFF	OFF	OFF	OFF	OFF	OFF	OFF	OFF	OFF	OFF	OFF	OFF	OFF	OFF	OFF	OFF	OFF
dropbackLoss	200	value	4.8	5.1	5.1	4.6	4.9	4.7	5.4	4.7	5.1	4.7	5.3	4.8	4.9	5.0	4.7	5.1	5.1	4.6	4.8	4.7	4.7	5.2	5.0	4.9	5.2	4.9	4.8	5.1	4.6	4.9
dropbackLoss	200	verdict	OFF	OFF	OFF	OFF	OFF	OFF	OFF	OFF	OFF	OFF	OFF	OFF	OFF	OFF	OFF	OFF	OFF	OFF	OFF	OFF	OFF	OFF	OFF	OFF	OFF	OFF	OFF	OFF	OFF	OFF
dropbackLoss	400	value	4.4	5.0	5.0	4.7	4.9	4.7	5.1	4.9	5.0	4.6	5.1	4.8	4.9	4.8	4.9	5.2	4.9	4.7	4.8	4.6	4.8	5.1	5.0	5.1	5.0	4.9	4.9	5.0	4.9	4.8
dropbackLoss	400	verdict	OFF	OFF	OFF	OFF	OFF	OFF	OFF	OFF	OFF	OFF	OFF	OFF	OFF	OFF	OFF	OFF	OFF	OFF	OFF	OFF	OFF	OFF	OFF	OFF	OFF	OFF	OFF	OFF	OFF	OFF
dropbackNoGain	100	value	35.9	36.8	37.0	38.8	39.1	37.3	38.6	36.0	37.7	36.0	38.0	37.9	39.4	36.7	36.5	38.3	36.9	35.4	36.3	39.5	36.4	39.0	41.0	37.4	38.8	37.0	37.2	38.5	36.3	38.5
dropbackNoGain	100	verdict	OFF	OFF	OFF	OFF	OFF	OFF	OFF	OFF	OFF	OFF	OFF	OFF	OFF	OFF	OFF	OFF	OFF	OFF	OFF	OFF	OFF	OFF	OFF	OFF	OFF	OFF	OFF	OFF	OFF	OFF
dropbackNoGain	200	value	36.0	36.8	36.2	38.4	39.5	37.0	37.9	36.6	38.3	36.7	38.0	38.4	39.9	36.3	37.1	38.0	36.6	36.2	37.0	38.2	36.6	39.3	40.6	36.8	38.6	37.2	37.1	38.0	36.5	38.7
dropbackNoGain	200	verdict	OFF	OFF	OFF	OFF	OFF	OFF	OFF	OFF	OFF	OFF	OFF	OFF	OFF	OFF	OFF	OFF	OFF	OFF	OFF	OFF	OFF	OFF	OFF	OFF	OFF	OFF	OFF	OFF	OFF	OFF
dropbackNoGain	400	value	36.1	36.6	36.8	38.4	38.8	37.4	38.2	36.5	38.1	36.9	37.5	38.3	39.6	36.6	36.7	38.1	36.9	36.2	37.1	38.0	36.5	39.2	40.3	36.5	39.1	37.4	37.0	37.6	36.0	38.9
dropbackNoGain	400	verdict	OFF	OFF	OFF	OFF	OFF	OFF	OFF	OFF	OFF	OFF	OFF	OFF	OFF	OFF	OFF	OFF	OFF	OFF	OFF	OFF	OFF	OFF	OFF	OFF	OFF	OFF	OFF	OFF	OFF	OFF
dropsPerTarget	100	value	10.7	10.3	11.1	10.0	10.0	9.9	10.1	10.1	9.6	11.1	10.1	9.7	9.3	10.8	11.0	10.3	11.0	10.3	9.6	10.6	10.4	10.0	9.7	10.9	9.9	10.2	10.5	10.6	9.9	9.5
dropsPerTarget	100	verdict	unsourced	unsourced	unsourced	unsourced	unsourced	unsourced	unsourced	unsourced	unsourced	unsourced	unsourced	unsourced	unsourced	unsourced	unsourced	unsourced	unsourced	unsourced	unsourced	unsourced	unsourced	unsourced	unsourced	unsourced	unsourced	unsourced	unsourced	unsourced	unsourced	unsourced
dropsPerTarget	200	value	10.5	10.6	10.8	9.7	10.0	9.7	10.1	10.2	9.3	11.3	10.4	9.9	9.6	10.6	11.2	10.1	10.8	10.4	9.8	10.1	10.5	9.9	9.8	10.7	9.9	10.0	10.5	10.7	10.2	9.9
dropsPerTarget	200	verdict	unsourced	unsourced	unsourced	unsourced	unsourced	unsourced	unsourced	unsourced	unsourced	unsourced	unsourced	unsourced	unsourced	unsourced	unsourced	unsourced	unsourced	unsourced	unsourced	unsourced	unsourced	unsourced	unsourced	unsourced	unsourced	unsourced	unsourced	unsourced	unsourced	unsourced
dropsPerTarget	400	value	10.6	10.6	11.1	9.9	10.0	9.8	10.0	10.4	9.5	11.0	10.4	9.7	9.5	10.6	11.2	10.3	10.8	10.1	10.0	10.3	10.4	9.9	9.9	11.0	9.9	10.0	10.8	10.6	10.0	9.8
dropsPerTarget	400	verdict	unsourced	unsourced	unsourced	unsourced	unsourced	unsourced	unsourced	unsourced	unsourced	unsourced	unsourced	unsourced	unsourced	unsourced	unsourced	unsourced	unsourced	unsourced	unsourced	unsourced	unsourced	unsourced	unsourced	unsourced	unsourced	unsourced	unsourced	unsourced	unsourced	unsourced
extraPointsMade	100	value	96.2	96.8	97.5	96.7	97.1	97.1	96.2	96.6	96.2	95.5	97.3	97.5	97.0	97.3	96.5	97.7	96.5	95.5	96.0	95.6	97.8	96.4	98.2	96.9	97.7	97.9	97.4	95.7	95.6	96.4
extraPointsMade	100	verdict	ok	ok	ok	ok	ok	ok	ok	ok	ok	ok	ok	ok	ok	ok	ok	ok	ok	ok	ok	ok	ok	ok	ok	ok	ok	ok	ok	ok	ok	ok
extraPointsMade	200	value	95.8	96.3	97.5	96.6	96.5	97.3	96.0	97.4	96.4	95.5	97.9	97.5	95.9	96.5	96.6	96.9	96.6	96.1	96.1	96.3	97.4	96.8	97.9	96.4	96.6	97.2	96.6	95.6	95.0	96.6
extraPointsMade	200	verdict	ok	ok	ok	ok	ok	ok	ok	ok	ok	ok	ok	ok	ok	ok	ok	ok	ok	ok	ok	ok	ok	ok	ok	ok	ok	ok	ok	ok	ok	ok
extraPointsMade	400	value	96.5	96.9	97.5	96.6	96.7	97.5	95.1	96.8	96.3	96.6	97.2	96.9	96.7	96.5	96.5	96.8	96.4	96.4	96.6	96.9	97.3	96.8	97.6	96.6	96.7	97.2	96.7	96.3	95.6	96.5
extraPointsMade	400	verdict	ok	ok	ok	ok	ok	ok	ok	ok	ok	ok	ok	ok	ok	ok	ok	ok	ok	ok	ok	ok	ok	ok	ok	ok	ok	ok	ok	ok	ok	ok
fieldGoalAttempts30to39	100	value	31.0	24.6	27.2	28.5	30.3	39.3	27.5	28.7	30.7	31.5	30.2	35.2	29.3	33.1	29.8	32.8	30.4	31.6	27.8	32.5	28.1	30.6	29.8	31.5	29.0	31.6	26.6	28.5	33.1	29.6
fieldGoalAttempts30to39	100	verdict	ok	ok	ok	ok	ok	OFF	ok	ok	ok	ok	ok	OFF	ok	OFF	ok	OFF	ok	ok	ok	OFF	ok	ok	ok	ok	ok	ok	ok	ok	OFF	ok
fieldGoalAttempts30to39	200	value	30.4	27.5	29.6	31.0	29.9	33.3	32.2	28.7	29.8	31.5	29.5	31.5	29.4	30.8	27.9	30.7	30.6	31.7	28.8	32.0	29.7	30.1	29.9	30.3	28.8	29.1	29.5	27.1	32.6	29.8
fieldGoalAttempts30to39	200	verdict	ok	ok	ok	ok	ok	OFF	OFF	ok	ok	ok	ok	ok	ok	ok	ok	ok	ok	ok	ok	OFF	ok	ok	ok	ok	ok	ok	ok	ok	OFF	ok
fieldGoalAttempts30to39	400	value	29.5	27.8	28.9	30.5	29.8	31.3	30.7	29.5	29.4	30.7	30.9	30.3	29.4	28.7	30.1	29.8	29.8	32.3	28.9	31.6	31.7	29.0	28.9	29.4	28.2	28.3	29.8	29.4	31.2	30.8
fieldGoalAttempts30to39	400	verdict	ok	ok	ok	ok	ok	ok	ok	ok	ok	ok	ok	ok	ok	ok	ok	ok	ok	OFF	ok	ok	ok	ok	ok	ok	ok	ok	ok	ok	ok	ok
fieldGoalAttempts40to49	100	value	30.7	31.6	30.9	30.9	30.3	28.5	32.6	32.3	32.5	28.9	33.6	29.9	34.1	31.3	32.0	32.5	33.0	33.0	38.3	33.4	32.5	31.5	33.6	31.2	33.9	33.2	31.9	29.4	30.8	29.3
fieldGoalAttempts40to49	100	verdict	OFF	OFF	OFF	OFF	OFF	ok	OFF	OFF	OFF	ok	OFF	OFF	OFF	OFF	OFF	OFF	OFF	OFF	OFF	OFF	OFF	OFF	OFF	OFF	OFF	OFF	OFF	OFF	OFF	OFF
fieldGoalAttempts40to49	200	value	31.6	33.1	32.5	32.8	32.2	30.7	30.3	33.9	32.9	29.5	33.5	31.2	32.0	32.8	34.1	32.6	31.8	31.2	36.0	32.3	31.0	33.1	34.3	31.1	33.6	33.6	29.8	34.4	31.9	30.6
fieldGoalAttempts40to49	200	verdict	OFF	OFF	OFF	OFF	OFF	OFF	OFF	OFF	OFF	OFF	OFF	OFF	OFF	OFF	OFF	OFF	OFF	OFF	OFF	OFF	OFF	OFF	OFF	OFF	OFF	OFF	OFF	OFF	OFF	OFF
fieldGoalAttempts40to49	400	value	33.0	33.6	32.8	33.3	33.2	30.3	32.7	33.2	32.4	30.5	33.0	31.8	33.6	32.8	34.4	34.6	31.3	30.2	33.3	32.5	30.3	34.3	35.3	32.7	32.7	33.6	30.7	31.7	31.9	30.0
fieldGoalAttempts40to49	400	verdict	OFF	OFF	OFF	OFF	OFF	OFF	OFF	OFF	OFF	OFF	OFF	OFF	OFF	OFF	OFF	OFF	OFF	OFF	OFF	OFF	OFF	OFF	OFF	OFF	OFF	OFF	OFF	OFF	OFF	OFF
fieldGoalAttempts50plus	100	value	11.6	15.8	16.9	13.1	10.5	10.4	14.0	10.1	10.3	14.0	8.3	12.4	10.4	10.0	11.7	10.2	10.6	13.0	10.7	9.0	13.5	12.8	14.0	11.1	15.4	12.3	11.3	14.7	10.6	14.1
fieldGoalAttempts50plus	100	verdict	OFF	OFF	OFF	OFF	OFF	OFF	OFF	OFF	OFF	OFF	OFF	OFF	OFF	OFF	OFF	OFF	OFF	OFF	OFF	OFF	OFF	OFF	OFF	OFF	OFF	OFF	OFF	OFF	OFF	OFF
fieldGoalAttempts50plus	200	value	11.8	13.4	13.6	12.4	11.2	12.5	13.5	10.6	11.0	13.2	9.3	14.5	11.4	10.1	10.9	11.2	11.0	13.9	11.6	9.7	12.2	10.6	12.8	13.0	15.1	14.6	12.0	13.9	9.9	13.7
fieldGoalAttempts50plus	200	verdict	OFF	OFF	OFF	OFF	OFF	OFF	OFF	OFF	OFF	OFF	OFF	OFF	OFF	OFF	OFF	OFF	OFF	OFF	OFF	OFF	OFF	OFF	OFF	OFF	OFF	OFF	OFF	OFF	OFF	OFF
fieldGoalAttempts50plus	400	value	11.6	12.4	14.5	12.6	11.7	12.9	13.3	11.8	13.5	13.3	10.7	14.5	13.5	10.8	11.2	10.8	12.7	13.5	13.2	10.2	12.2	11.6	13.1	13.4	15.9	15.1	13.0	13.4	12.0	13.8
fieldGoalAttempts50plus	400	verdict	OFF	OFF	OFF	OFF	OFF	OFF	OFF	OFF	OFF	OFF	OFF	OFF	OFF	OFF	OFF	OFF	OFF	OFF	OFF	OFF	OFF	OFF	OFF	OFF	OFF	OFF	OFF	OFF	OFF	OFF
fieldGoalAttemptsUnder30	100	value	26.7	28.1	24.9	27.6	28.9	21.8	25.8	28.9	26.4	25.5	27.9	22.5	26.2	25.6	26.5	24.6	26.0	22.4	23.2	25.0	25.9	25.1	22.6	26.2	21.7	22.9	30.2	27.3	25.5	27.0
fieldGoalAttemptsUnder30	100	verdict	OFF	OFF	ok	OFF	OFF	ok	OFF	OFF	OFF	OFF	OFF	ok	OFF	OFF	OFF	ok	OFF	ok	ok	ok	OFF	ok	ok	OFF	ok	ok	OFF	OFF	OFF	OFF
fieldGoalAttemptsUnder30	200	value	26.2	25.9	24.3	23.8	26.7	23.5	24.0	26.8	26.4	25.8	27.7	22.7	27.2	26.3	27.0	25.5	26.6	23.2	23.6	25.9	27.1	26.2	23.0	25.6	22.6	22.7	28.7	24.6	25.6	25.9
fieldGoalAttemptsUnder30	200	verdict	OFF	OFF	ok	ok	OFF	ok	ok	OFF	OFF	OFF	OFF	ok	OFF	OFF	OFF	OFF	OFF	ok	ok	OFF	OFF	OFF	ok	OFF	ok	ok	OFF	ok	OFF	OFF
fieldGoalAttemptsUnder30	400	value	26.0	26.2	23.9	23.6	25.3	25.5	23.3	25.4	24.7	25.6	25.4	23.4	23.5	27.7	24.3	24.8	26.2	24.0	24.6	25.6	25.8	25.1	22.7	24.5	23.2	23.0	26.5	25.5	24.9	25.4
fieldGoalAttemptsUnder30	400	verdict	OFF	OFF	ok	ok	ok	OFF	ok	OFF	ok	OFF	OFF	ok	ok	OFF	ok	ok	OFF	ok	ok	OFF	OFF	ok	ok	ok	ok	ok	OFF	OFF	ok	OFF
fieldGoals30to39	100	value	89.6	94.0	95.8	93.8	92.9	92.2	92.9	91.2	95.0	91.8	94.3	95.3	91.3	92.2	91.8	94.0	89.3	88.0	91.7	94.4	93.1	91.8	93.0	94.1	94.0	91.9	91.5	93.5	94.1	94.3
fieldGoals30to39	100	verdict	ok	ok	ok	ok	ok	ok	ok	ok	ok	ok	ok	ok	ok	ok	ok	ok	OFF	OFF	ok	ok	ok	ok	ok	ok	ok	ok	ok	ok	ok	ok
fieldGoals30to39	200	value	90.3	92.0	94.7	91.5	91.1	92.5	90.8	91.6	93.3	91.2	93.6	95.3	93.5	90.8	91.8	94.9	88.9	87.9	93.5	94.4	94.3	92.7	92.5	94.3	91.7	90.0	89.9	95.1	93.1	94.5
fieldGoals30to39	200	verdict	ok	ok	ok	ok	ok	ok	ok	ok	ok	ok	ok	ok	ok	ok	ok	ok	OFF	OFF	ok	ok	ok	ok	ok	ok	ok	ok	ok	ok	ok	ok
fieldGoals30to39	400	value	91.0	92.2	92.8	92.2	92.1	93.3	92.3	91.7	94.1	91.8	92.9	95.1	93.1	93.1	93.5	93.0	90.2	88.5	92.2	95.1	93.6	93.8	91.4	93.4	92.3	91.6	91.6	94.7	92.1	93.5
fieldGoals30to39	400	verdict	ok	ok	ok	ok	ok	ok	ok	ok	ok	ok	ok	ok	ok	ok	ok	ok	ok	OFF	ok	ok	ok	ok	ok	ok	ok	ok	ok	ok	ok	ok
fieldGoals40to49	100	value	86.8	88.0	78.7	83.7	82.1	88.2	82.8	80.9	84.1	81.2	79.7	85.3	87.6	82.0	76.0	80.9	81.3	77.0	74.2	88.3	83.1	81.4	89.4	86.4	84.6	82.9	83.2	89.6	77.3	84.6
fieldGoals40to49	100	verdict	OFF	OFF	ok	ok	ok	OFF	ok	ok	OFF	ok	ok	OFF	OFF	ok	ok	ok	ok	ok	ok	OFF	ok	ok	OFF	OFF	OFF	ok	ok	OFF	ok	OFF
fieldGoals40to49	200	value	88.9	83.1	80.6	83.1	78.3	85.6	81.0	82.1	84.8	82.6	83.5	84.5	82.9	80.7	76.4	83.7	83.1	78.4	78.5	87.5	81.9	80.1	85.2	83.9	82.8	84.3	84.7	88.5	79.4	85.2
fieldGoals40to49	200	verdict	OFF	ok	ok	ok	ok	OFF	ok	ok	OFF	ok	ok	OFF	ok	ok	ok	ok	ok	ok	ok	OFF	ok	ok	OFF	ok	ok	OFF	OFF	OFF	ok	OFF
fieldGoals40to49	400	value	85.6	81.2	79.2	85.2	81.7	86.5	82.3	83.9	83.5	83.7	82.7	81.3	82.5	80.6	81.1	81.9	84.3	79.6	79.7	86.6	80.8	82.2	84.2	81.7	81.9	83.5	86.2	84.5	82.0	83.0
fieldGoals40to49	400	verdict	OFF	ok	ok	OFF	ok	OFF	ok	ok	ok	ok	ok	ok	ok	ok	ok	ok	OFF	ok	ok	OFF	ok	ok	OFF	ok	ok	ok	OFF	OFF	ok	ok
fieldGoals50plus	100	value	67.4	64.8	69.5	63.6	51.3	67.6	70.0	80.6	70.6	61.2	82.8	88.9	70.3	61.5	86.8	69.4	61.1	79.2	56.8	83.3	69.4	71.7	78.7	83.3	64.2	72.9	75.0	70.8	65.8	88.0
fieldGoals50plus	100	verdict	ok	ok	ok	OFF	OFF	ok	ok	OFF	ok	OFF	OFF	OFF	ok	OFF	OFF	ok	OFF	OFF	OFF	OFF	ok	ok	OFF	OFF	ok	ok	OFF	ok	ok	OFF
fieldGoals50plus	200	value	65.9	62.6	72.6	61.2	62.5	67.1	75.0	80.0	71.4	66.7	76.6	76.9	69.9	68.0	81.9	67.9	60.3	75.2	67.9	72.3	74.7	70.1	71.4	80.2	67.3	69.4	72.6	68.4	70.4	78.0
fieldGoals50plus	200	verdict	ok	OFF	ok	OFF	OFF	ok	OFF	OFF	ok	ok	OFF	OFF	ok	ok	OFF	ok	OFF	OFF	ok	ok	ok	ok	ok	OFF	ok	ok	ok	ok	ok	OFF
fieldGoals50plus	400	value	68.8	69.0	72.2	68.3	63.4	66.3	75.4	72.4	69.1	65.3	75.3	75.7	66.1	64.4	75.2	71.3	63.5	75.0	68.6	71.7	73.0	70.2	65.9	73.1	70.8	72.5	69.5	73.0	69.7	76.5
fieldGoals50plus	400	verdict	ok	ok	ok	ok	OFF	ok	OFF	ok	ok	ok	OFF	OFF	ok	ok	OFF	ok	OFF	OFF	ok	ok	ok	ok	ok	ok	ok	ok	ok	ok	ok	OFF
fieldGoalsPerTeamGame	100	value	1.9	1.7	1.7	1.7	1.9	1.6	1.78	1.78	1.6	1.7	1.76	1.8	1.78	2.0	1.6	1.77	1.7	1.9	1.7	1.7	1.8	1.795	1.7	1.9	1.7	1.9	1.77	1.6	1.79	1.78
fieldGoalsPerTeamGame	100	verdict	ok	OFF	OFF	OFF	ok	OFF	OFF	OFF	OFF	OFF	OFF	ok	OFF	ok	OFF	OFF	OFF	ok	OFF	OFF	ok	OFF	OFF	ok	OFF	ok	OFF	OFF	OFF	OFF
fieldGoalsPerTeamGame	200	value	1.9	1.7	1.7	1.7	1.79	1.7	1.78	1.77	1.76	1.7	1.7	1.9	1.8	1.9	1.6	1.7	1.77	1.8	1.7	1.7	1.78	1.8	1.77	1.75	1.77	1.9	1.75	1.7	1.79	1.8
fieldGoalsPerTeamGame	200	verdict	ok	OFF	OFF	OFF	OFF	OFF	OFF	OFF	OFF	OFF	OFF	ok	ok	ok	OFF	OFF	OFF	ok	OFF	OFF	OFF	ok	OFF	OFF	OFF	ok	OFF	OFF	OFF	ok
fieldGoalsPerTeamGame	400	value	1.9	1.7	1.798	1.78	1.7	1.7	1.79	1.7	1.798	1.79	1.7	1.9	1.78	1.9	1.7	1.7	1.76	1.78	1.78	1.7	1.78	1.8	1.77	1.8	1.78	1.9	1.8	1.76	1.7	1.8
fieldGoalsPerTeamGame	400	verdict	ok	OFF	OFF	OFF	OFF	OFF	OFF	OFF	OFF	OFF	OFF	ok	OFF	ok	OFF	OFF	OFF	OFF	OFF	OFF	OFF	ok	OFF	ok	OFF	ok	ok	OFF	OFF	ok
fieldGoalsUnder30	100	value	96.0	97.9	94.3	97.8	97.2	98.6	96.7	98.1	94.3	95.5	98.0	92.7	93.5	98.0	96.5	97.7	98.9	95.2	97.5	97.6	94.7	97.8	97.4	94.9	96.0	98.9	98.1	94.4	97.8	97.9
fieldGoalsUnder30	100	verdict	ok	ok	ok	ok	ok	ok	ok	ok	ok	ok	ok	ok	ok	ok	ok	ok	ok	ok	ok	ok	ok	ok	ok	ok	ok	ok	ok	ok	ok	ok
fieldGoalsUnder30	200	value	96.4	96.0	94.7	98.2	97.9	96.9	96.5	97.4	96.2	97.7	98.4	94.7	96.5	98.0	96.1	97.8	98.9	94.1	98.2	97.7	95.9	97.4	97.5	96.6	96.9	94.2	98.0	94.0	97.3	98.4
fieldGoalsUnder30	200	verdict	ok	ok	ok	ok	ok	ok	ok	ok	ok	ok	ok	ok	ok	ok	ok	ok	ok	ok	ok	ok	ok	ok	ok	ok	ok	ok	ok	ok	ok	ok
fieldGoalsUnder30	400	value	97.5	96.1	96.2	97.0	96.9	96.8	96.7	97.4	96.3	97.8	98.3	96.0	97.3	97.6	97.3	96.8	98.1	96.2	98.0	97.1	95.9	97.8	97.2	96.6	96.7	95.4	97.9	96.4	97.4	96.7
fieldGoalsUnder30	400	verdict	ok	ok	ok	ok	ok	ok	ok	ok	ok	ok	ok	ok	ok	ok	ok	ok	ok	ok	ok	ok	ok	ok	ok	ok	ok	ok	ok	ok	ok	ok
firstDownGain	100	value	5.3	5.0	5.09	5.0	5.3	5.1	5.1	5.2	5.3	5.3	5.0	4.9	5.4	5.0	5.3	5.4	5.1	5.096	5.3	4.6	5.096	4.9	5.0	5.0	5.05	5.06	4.9	5.07	5.08	5.09
firstDownGain	100	verdict	ok	OFF	OFF	OFF	ok	ok	ok	ok	ok	ok	OFF	OFF	ok	OFF	ok	ok	ok	OFF	ok	OFF	OFF	OFF	OFF	OFF	OFF	OFF	OFF	OFF	OFF	OFF
firstDownGain	200	value	5.2	5.0	5.06	5.1	5.4	5.0	5.3	5.2	5.3	5.3	5.0	4.9	5.3	5.1	5.3	5.3	5.2	5.0	5.2	4.8	5.2	5.06	5.1	5.07	5.1	5.1	5.0	5.08	5.0	5.1
firstDownGain	200	verdict	ok	OFF	OFF	ok	ok	OFF	ok	ok	ok	ok	OFF	OFF	ok	ok	ok	ok	ok	OFF	ok	OFF	ok	OFF	ok	OFF	ok	ok	OFF	OFF	OFF	ok
firstDownGain	400	value	5.2	5.0	5.06	5.07	5.4	5.0	5.3	5.1	5.3	5.3	5.1	4.9	5.3	5.0	5.3	5.2	5.3	5.0	5.1	4.9	5.1	5.1	5.0	5.1	5.09	5.0	5.06	5.1	5.05	5.0
firstDownGain	400	verdict	ok	OFF	OFF	OFF	ok	OFF	ok	ok	ok	ok	ok	OFF	ok	OFF	ok	ok	ok	OFF	ok	OFF	ok	ok	OFF	ok	OFF	OFF	OFF	ok	OFF	OFF
firstDownsPerTeamGame	100	value	18.4	18.3	18.6	17.6	18.6	18.0	18.9	18.8	18.6	19.1	17.9	17.7	18.8	18.0	19.4	19.2	19.1	18.6	18.0	17.6	18.6	17.8	18.0	18.5	18.2	18.3	17.7	18.7	18.3	17.6
firstDownsPerTeamGame	100	verdict	ok	ok	ok	ok	ok	ok	ok	ok	ok	OFF	ok	ok	ok	ok	OFF	OFF	OFF	ok	ok	ok	ok	ok	ok	ok	ok	ok	ok	ok	ok	ok
firstDownsPerTeamGame	200	value	18.4	18.4	18.4	18.0	18.7	18.0	19.0	18.7	18.6	19.1	18.0	17.6	18.7	18.4	19.4	18.9	19.0	18.4	18.1	17.8	18.7	18.1	18.2	18.7	18.5	18.2	18.0	18.6	18.1	17.8
firstDownsPerTeamGame	200	verdict	ok	ok	ok	ok	ok	ok	OFF	ok	ok	OFF	ok	ok	ok	ok	OFF	ok	OFF	ok	ok	ok	ok	ok	ok	ok	ok	ok	ok	ok	ok	ok
firstDownsPerTeamGame	400	value	18.3	18.3	18.2	18.0	19.1	18.1	18.904	18.7	18.7	19.0	18.3	17.5	18.7	18.2	19.3	18.9	19.1	18.4	18.1	17.9	18.6	18.1	18.0	18.7	18.4	18.1	18.0	18.7	18.1	17.8
firstDownsPerTeamGame	400	verdict	ok	ok	ok	ok	OFF	ok	OFF	ok	ok	OFF	ok	ok	ok	ok	OFF	ok	OFF	ok	ok	ok	ok	ok	ok	ok	ok	ok	ok	ok	ok	ok
firstReadShare	100	value	85.3	84.1	85.8	83.1	83.4	83.4	82.9	85.0	82.5	86.0	83.7	83.1	81.8	84.9	84.6	83.3	85.1	84.0	83.9	84.5	83.4	82.2	80.8	84.9	82.1	81.8	85.3	84.2	84.1	83.5
firstReadShare	100	verdict	unsourced	unsourced	unsourced	unsourced	unsourced	unsourced	unsourced	unsourced	unsourced	unsourced	unsourced	unsourced	unsourced	unsourced	unsourced	unsourced	unsourced	unsourced	unsourced	unsourced	unsourced	unsourced	unsourced	unsourced	unsourced	unsourced	unsourced	unsourced	unsourced	unsourced
firstReadShare	200	value	85.5	83.7	86.0	83.4	83.0	83.0	83.1	84.9	82.2	85.4	84.0	83.1	81.8	85.5	85.2	83.2	85.5	84.7	83.4	84.4	83.9	83.3	81.7	85.2	81.9	81.9	85.4	84.2	84.0	83.3
firstReadShare	200	verdict	unsourced	unsourced	unsourced	unsourced	unsourced	unsourced	unsourced	unsourced	unsourced	unsourced	unsourced	unsourced	unsourced	unsourced	unsourced	unsourced	unsourced	unsourced	unsourced	unsourced	unsourced	unsourced	unsourced	unsourced	unsourced	unsourced	unsourced	unsourced	unsourced	unsourced
firstReadShare	400	value	85.8	83.9	86.3	83.3	82.5	83.3	82.8	84.8	82.6	85.5	83.7	83.3	81.5	85.7	85.0	83.1	85.4	84.7	83.3	84.3	84.1	83.5	81.5	85.3	82.1	82.2	85.9	83.9	83.6	83.2
firstReadShare	400	verdict	unsourced	unsourced	unsourced	unsourced	unsourced	unsourced	unsourced	unsourced	unsourced	unsourced	unsourced	unsourced	unsourced	unsourced	unsourced	unsourced	unsourced	unsourced	unsourced	unsourced	unsourced	unsourced	unsourced	unsourced	unsourced	unsourced	unsourced	unsourced	unsourced	unsourced
fourthAndOneWentForIt	100	value	73.1	66.9	67.3	70.1	72.4	71.3	74.6	76.5	70.0	74.3	64.5	68.6	77.1	65.2	77.2	70.6	67.1	77.2	64.2	70.1	73.0	69.3	67.0	70.3	68.1	66.9	62.7	66.9	73.8	70.8
fourthAndOneWentForIt	100	verdict	ok	ok	ok	ok	ok	ok	OFF	OFF	ok	OFF	ok	ok	OFF	ok	OFF	ok	ok	OFF	ok	ok	ok	ok	ok	ok	ok	ok	OFF	ok	ok	ok
fourthAndOneWentForIt	200	value	71.3	62.6	69.6	67.4	70.1	68.8	73.4	73.6	71.8	73.5	69.2	69.7	76.7	68.5	73.2	72.0	69.1	72.8	67.6	68.0	69.7	68.3	67.7	72.8	68.6	67.1	66.4	65.3	72.1	68.7
fourthAndOneWentForIt	200	verdict	ok	OFF	ok	ok	ok	ok	ok	ok	ok	ok	ok	ok	OFF	ok	ok	ok	ok	ok	ok	ok	ok	ok	ok	ok	ok	ok	ok	ok	ok	ok
fourthAndOneWentForIt	400	value	70.1	67.2	68.7	69.5	70.8	71.6	72.1	73.6	71.4	69.8	69.3	70.3	75.4	70.6	69.8	71.8	72.1	72.4	70.3	67.0	72.2	66.7	68.0	70.6	70.4	68.6	67.5	67.3	72.5	69.0
fourthAndOneWentForIt	400	verdict	ok	ok	ok	ok	ok	ok	ok	ok	ok	ok	ok	ok	OFF	ok	ok	ok	ok	ok	ok	ok	ok	ok	ok	ok	ok	ok	ok	ok	ok	ok
fourthDownAttempts	100	value	1.4	1.5	1.3	1.4	1.4	1.5	1.25	1.3	1.3	1.5	1.3	1.4	1.4	1.3	1.3	1.27	1.29	1.3	1.4	1.5	1.4	1.28	1.5	1.4	1.3	1.4	1.5	1.5	1.5	1.5
fourthDownAttempts	100	verdict	ok	ok	ok	ok	ok	ok	OFF	ok	ok	ok	ok	ok	ok	ok	ok	OFF	OFF	ok	ok	ok	ok	OFF	ok	ok	ok	ok	ok	ok	ok	ok
fourthDownAttempts	200	value	1.4	1.4	1.4	1.4	1.3	1.4	1.29	1.4	1.3	1.4	1.3	1.4	1.4	1.3	1.298	1.4	1.29	1.3	1.4	1.5	1.3	1.295	1.4	1.4	1.3	1.3	1.4	1.4	1.4	1.4
fourthDownAttempts	200	verdict	ok	ok	ok	ok	ok	ok	OFF	ok	ok	ok	ok	ok	ok	ok	OFF	ok	OFF	ok	ok	ok	ok	OFF	ok	ok	ok	ok	ok	ok	ok	ok
fourthDownAttempts	400	value	1.3	1.4	1.4	1.4	1.27	1.4	1.3	1.4	1.3	1.4	1.4	1.4	1.4	1.3	1.3	1.3	1.29	1.4	1.4	1.4	1.4	1.29	1.4	1.4	1.4	1.3	1.4	1.3	1.4	1.4
fourthDownAttempts	400	verdict	ok	ok	ok	ok	OFF	ok	ok	ok	ok	ok	ok	ok	ok	ok	ok	ok	OFF	ok	ok	ok	ok	OFF	ok	ok	ok	ok	ok	ok	ok	ok
fourthDownConversion	100	value	55.0	57.5	54.5	58.8	56.8	60.7	58.6	59.6	59.1	56.5	54.4	52.5	56.0	54.8	56.6	56.9	62.3	57.0	55.7	55.5	58.9	57.0	58.2	53.8	59.3	58.4	56.2	59.0	62.2	54.5
fourthDownConversion	100	verdict	ok	ok	ok	ok	ok	OFF	ok	ok	ok	ok	ok	ok	ok	ok	ok	ok	OFF	ok	ok	ok	ok	ok	ok	ok	ok	ok	ok	ok	OFF	ok
fourthDownConversion	200	value	54.1	57.0	55.6	57.5	57.3	60.3	60.6	56.9	58.4	56.4	56.4	51.5	56.3	57.0	58.0	55.8	59.0	55.7	55.4	56.2	58.1	54.6	58.7	54.5	58.7	58.2	56.1	55.6	59.5	53.4
fourthDownConversion	200	verdict	ok	ok	ok	ok	ok	OFF	OFF	ok	ok	ok	ok	ok	ok	ok	ok	ok	ok	ok	ok	ok	ok	ok	ok	ok	ok	ok	ok	ok	ok	ok
fourthDownConversion	400	value	55.0	57.4	54.7	56.5	58.2	58.9	58.3	57.7	57.4	57.7	56.7	53.0	57.2	56.2	56.5	57.3	59.4	56.5	54.3	55.4	56.6	53.5	57.5	58.0	57.1	57.8	54.8	56.9	57.4	55.6
fourthDownConversion	400	verdict	ok	ok	ok	ok	ok	ok	ok	ok	ok	ok	ok	ok	ok	ok	ok	ok	ok	ok	ok	ok	ok	ok	ok	ok	ok	ok	ok	ok	ok	ok
fourthDownKicked	100	value	24.4	22.7	23.2	21.3	25.3	21.4	24.4	25.0	22.3	24.0	23.0	23.07	23.0	25.3	22.9	24.3	23.3	24.6	22.7	21.0	24.6	23.9	21.3	25.5	21.9	25.3	22.9	20.8	24.1	22.1
fourthDownKicked	100	verdict	ok	OFF	ok	OFF	ok	OFF	ok	ok	OFF	ok	OFF	OFF	OFF	ok	OFF	ok	ok	ok	OFF	OFF	ok	ok	OFF	ok	OFF	ok	OFF	OFF	ok	OFF
fourthDownKicked	200	value	24.7	22.7	23.4	21.9	24.0	22.3	24.2	24.4	23.3	23.5	22.7	23.5	23.8	24.9	23.0	23.7	24.5	24.3	22.8	21.4	24.2	24.1	22.7	24.0	22.8	24.8	22.6	22.1	23.9	22.8
fourthDownKicked	200	verdict	ok	OFF	ok	OFF	ok	OFF	ok	ok	ok	ok	OFF	ok	ok	ok	OFF	ok	ok	ok	OFF	OFF	ok	ok	OFF	ok	OFF	ok	OFF	OFF	ok	OFF
fourthDownKicked	400	value	24.9	22.9	23.7	23.099	24.0	22.0	24.1	23.7	24.2	24.5	22.8	23.0997	23.4	25.1	23.6	23.6	24.2	23.8	23.0	21.8	24.0	23.5	22.4	24.3	23.0	24.7	23.3	23.4	23.0	22.5
fourthDownKicked	400	verdict	ok	OFF	ok	OFF	ok	OFF	ok	ok	ok	ok	OFF	OFF	ok	ok	ok	ok	ok	ok	OFF	OFF	ok	ok	OFF	ok	OFF	ok	ok	ok	OFF	OFF
fourthDownPunted	100	value	57.2	58.0	59.0	60.7	55.2	59.0	58.4	56.3	59.8	55.2	59.8	59.2	58.64	57.6	58.2	58.1	59.0	57.8	58.7	60.5	57.1	59.0	60.3	55.8	61.3	56.4	58.3	60.7	56.2	59.3
fourthDownPunted	100	verdict	ok	ok	OFF	OFF	ok	OFF	ok	ok	OFF	ok	OFF	OFF	OFF	ok	ok	ok	OFF	ok	OFF	OFF	ok	OFF	OFF	ok	OFF	ok	ok	OFF	ok	OFF
fourthDownPunted	200	value	57.0	59.1	58.2	60.5	58.3	59.2	58.2	56.9	59.1	56.7	59.6	59.1	57.5	57.3	58.9	57.6	57.7	58.3	59.4	59.6	58.0	58.8	59.5	56.8	60.4	58.1	58.9	60.1	56.9	59.4
fourthDownPunted	200	verdict	ok	OFF	ok	OFF	ok	OFF	ok	ok	OFF	ok	OFF	OFF	ok	ok	OFF	ok	ok	ok	OFF	OFF	ok	OFF	OFF	ok	OFF	ok	OFF	OFF	ok	OFF
fourthDownPunted	400	value	57.6	59.0	58.1	59.4	58.6	59.4	58.4	57.0	58.2	57.1	58.8	59.5	58.1	57.3	58.1	58.3	58.0	58.2	59.1	59.5	57.9	59.8	59.9	57.1	59.4	58.2	59.1	58.7	58.2	60.0
fourthDownPunted	400	verdict	ok	OFF	ok	OFF	ok	OFF	ok	ok	ok	ok	OFF	OFF	ok	ok	ok	ok	ok	ok	OFF	OFF	ok	OFF	OFF	ok	OFF	ok	OFF	OFF	ok	OFF
fourthDownWentForIt	100	value	18.4	19.4	17.8	18.0	19.5	19.6	17.2	18.7	17.9	20.7	17.2	17.7	18.38	17.1	18.8	17.5	17.7	17.6	18.6	18.5	18.3	17.1	18.5	18.7	16.7	18.3	18.8	18.5	19.7	18.6
fourthDownWentForIt	100	verdict	ok	ok	OFF	OFF	ok	ok	OFF	ok	OFF	ok	OFF	OFF	OFF	OFF	ok	OFF	OFF	OFF	ok	ok	OFF	OFF	ok	ok	OFF	OFF	ok	ok	ok	ok
fourthDownWentForIt	200	value	18.3	18.2	18.39	17.6	17.7	18.5	17.5	18.7	17.6	19.8	17.8	17.4	18.7	17.9	18.1	18.7	17.8	17.4	17.7	19.0	17.8	17.1	17.8	19.2	16.8	17.1	18.5	17.8	19.2	17.8
fourthDownWentForIt	200	verdict	OFF	OFF	OFF	OFF	OFF	ok	OFF	ok	OFF	ok	OFF	OFF	ok	OFF	OFF	ok	OFF	OFF	OFF	ok	OFF	OFF	OFF	ok	OFF	OFF	ok	OFF	ok	OFF
fourthDownWentForIt	400	value	17.5	18.1	18.2	17.5	17.4	18.6	17.5	19.3	17.6	18.5	18.38	17.4	18.5	17.6	18.3	18.1	17.8	18.0	17.9	18.7	18.2	16.7	17.7	18.6	17.5	17.2	17.5	17.9	18.8	17.5
fourthDownWentForIt	400	verdict	OFF	OFF	OFF	OFF	OFF	ok	OFF	ok	OFF	ok	OFF	OFF	ok	OFF	OFF	OFF	OFF	OFF	OFF	ok	OFF	OFF	OFF	ok	OFF	OFF	OFF	OFF	ok	OFF
fumblesKept	100	value	0.56	0.55	0.55	0.55	0.57	0.62	0.51	0.62	0.65	0.51	0.52	0.66	0.59	0.61	0.60	0.50	0.52	0.58	0.58	0.56	0.67	0.58	0.60	0.69	0.49	0.58	0.56	0.62	0.56	0.56
fumblesKept	100	verdict	ok	ok	ok	ok	ok	ok	ok	ok	OFF	ok	ok	OFF	ok	ok	ok	ok	ok	ok	ok	ok	OFF	ok	ok	OFF	ok	ok	ok	ok	ok	ok
fumblesKept	200	value	0.55	0.57	0.61	0.55	0.55	0.55	0.59	0.57	0.59	0.52	0.54	0.60	0.61	0.64	0.57	0.53	0.58	0.61	0.62	0.59	0.64	0.62	0.55	0.67	0.56	0.58	0.55	0.63	0.58	0.53
fumblesKept	200	verdict	ok	ok	ok	ok	ok	ok	ok	ok	ok	ok	ok	ok	ok	OFF	ok	ok	ok	ok	ok	ok	OFF	ok	ok	OFF	ok	ok	ok	ok	ok	ok
fumblesKept	400	value	0.58	0.60	0.58	0.58	0.56	0.56	0.57	0.58	0.59	0.54	0.50	0.59	0.58	0.58	0.56	0.56	0.59	0.58	0.60	0.61	0.60	0.57	0.60	0.61	0.55	0.59	0.56	0.59	0.58	0.54
fumblesKept	400	verdict	ok	ok	ok	ok	ok	ok	ok	ok	ok	ok	ok	ok	ok	ok	ok	ok	ok	ok	ok	ok	ok	ok	ok	ok	ok	ok	ok	ok	ok	ok
fumblesLost	100	value	0.60	0.61	0.56	0.56	0.48	0.56	0.53	0.61	0.51	0.54	0.52	0.66	0.55	0.50	0.53	0.56	0.72	0.62	0.60	0.50	0.54	0.48	0.61	0.61	0.53	0.66	0.56	0.65	0.65	0.52
fumblesLost	100	verdict	OFF	OFF	OFF	OFF	ok	OFF	ok	OFF	ok	ok	ok	OFF	ok	ok	ok	OFF	OFF	OFF	OFF	ok	ok	ok	OFF	OFF	ok	OFF	OFF	OFF	OFF	ok
fumblesLost	200	value	0.61	0.59	0.55	0.56	0.54	0.55	0.56	0.60	0.56	0.54	0.55	0.63	0.553	0.54	0.52	0.52	0.67	0.61	0.63	0.53	0.54	0.50	0.58	0.62	0.59	0.64	0.55	0.61	0.61	0.56
fumblesLost	200	verdict	OFF	OFF	ok	OFF	ok	ok	OFF	OFF	OFF	ok	ok	OFF	OFF	ok	ok	ok	OFF	OFF	OFF	ok	ok	ok	OFF	OFF	OFF	OFF	ok	OFF	OFF	OFF
fumblesLost	400	value	0.59	0.59	0.59	0.55	0.55	0.57	0.54	0.59	0.58	0.56	0.58	0.60	0.51	0.54	0.53	0.53	0.61	0.60	0.60	0.59	0.57	0.50	0.58	0.60	0.59	0.62	0.551	0.60	0.56	0.54
fumblesLost	400	verdict	OFF	OFF	OFF	ok	ok	OFF	ok	OFF	OFF	OFF	OFF	OFF	ok	ok	ok	ok	OFF	OFF	OFF	OFF	OFF	ok	OFF	OFF	OFF	OFF	OFF	OFF	OFF	ok
gamesBy14plus	100	value	29.0	31.0	45.0	44.0	44.0	38.0	33.0	42.0	39.0	38.0	46.0	33.0	36.0	34.0	36.0	39.0	27.0	36.0	32.0	32.0	33.0	36.0	37.0	36.0	30.0	36.0	31.0	37.0	39.0	40.0
gamesBy14plus	100	verdict	ok	ok	OFF	OFF	OFF	ok	ok	ok	ok	ok	OFF	ok	ok	ok	ok	ok	OFF	ok	ok	ok	ok	ok	ok	ok	ok	ok	ok	ok	ok	ok
gamesBy14plus	200	value	31.5	34.0	44.0	41.5	40.0	35.0	33.5	39.0	39.5	37.0	47.5	34.5	37.0	35.0	35.0	37.0	27.5	35.0	33.5	33.0	29.5	36.0	35.5	32.5	35.0	37.5	29.5	36.0	37.5	38.0
gamesBy14plus	200	verdict	ok	ok	OFF	ok	ok	ok	ok	ok	ok	ok	OFF	ok	ok	ok	ok	ok	OFF	ok	ok	ok	ok	ok	ok	ok	ok	ok	ok	ok	ok	ok
gamesBy14plus	400	value	30.5	34.8	40.8	40.0	40.3	36.0	35.8	38.5	35.8	36.0	46.0	35.8	36.8	34.3	34.3	38.8	30.8	35.3	32.5	33.8	31.3	35.0	36.5	29.0	37.0	35.8	30.3	36.5	34.5	41.8
gamesBy14plus	400	verdict	ok	ok	ok	ok	ok	ok	ok	ok	ok	ok	OFF	ok	ok	ok	ok	ok	ok	ok	ok	ok	ok	ok	ok	ok	ok	ok	ok	ok	ok	ok
gamesWithin3	100	value	20.0	22.0	18.0	17.0	10.0	28.0	19.0	20.0	18.0	18.0	13.0	23.0	17.0	24.0	26.0	23.0	24.0	26.0	19.0	18.0	20.0	23.0	19.0	18.0	24.0	24.0	25.0	21.0	17.0	19.0
gamesWithin3	100	verdict	ok	ok	OFF	OFF	OFF	ok	OFF	ok	OFF	OFF	OFF	ok	OFF	ok	ok	ok	ok	ok	OFF	OFF	ok	ok	OFF	OFF	ok	ok	ok	ok	OFF	OFF
gamesWithin3	200	value	21.5	22.0	14.5	15.5	18.5	24.5	20.0	20.0	17.5	19.5	18.0	22.5	16.5	25.5	23.0	22.0	24.5	24.5	18.0	17.0	21.0	21.5	18.5	21.0	22.0	22.5	26.5	19.0	18.5	18.5
gamesWithin3	200	verdict	ok	ok	OFF	OFF	OFF	ok	ok	ok	OFF	OFF	OFF	ok	OFF	ok	ok	ok	ok	ok	OFF	OFF	ok	ok	OFF	ok	ok	ok	ok	OFF	OFF	OFF
gamesWithin3	400	value	21.5	22.5	16.0	17.3	20.8	20.5	20.0	23.3	21.3	22.5	16.5	20.5	19.8	21.8	19.5	19.5	22.0	23.0	22.5	18.0	19.5	20.8	18.5	20.8	18.5	19.8	23.8	20.0	20.0	19.0
gamesWithin3	400	verdict	ok	ok	OFF	OFF	ok	ok	ok	ok	ok	ok	OFF	ok	ok	ok	OFF	OFF	ok	ok	ok	OFF	OFF	ok	OFF	ok	OFF	ok	ok	ok	ok	OFF
gamesWithin7	100	value	49.0	47.0	35.0	38.0	34.0	46.0	40.0	44.0	41.0	41.0	41.0	46.0	45.0	52.0	46.0	42.0	53.0	42.0	48.0	42.0	48.0	43.0	45.0	43.0	46.0	49.0	54.0	45.0	46.0	44.0
gamesWithin7	100	verdict	ok	ok	OFF	OFF	OFF	ok	OFF	OFF	OFF	OFF	OFF	ok	ok	ok	ok	OFF	ok	OFF	ok	OFF	ok	OFF	ok	OFF	ok	ok	ok	ok	ok	OFF
gamesWithin7	200	value	49.5	45.5	34.5	40.5	42.5	47.0	43.0	42.0	43.0	42.0	40.0	47.0	44.5	52.5	44.0	44.0	50.5	43.5	47.0	43.5	48.5	44.0	45.5	46.5	44.0	46.0	52.5	45.5	44.5	46.0
gamesWithin7	200	verdict	ok	ok	OFF	OFF	OFF	ok	OFF	OFF	OFF	OFF	OFF	ok	ok	ok	OFF	OFF	ok	OFF	ok	OFF	ok	OFF	ok	ok	OFF	ok	ok	ok	ok	ok
gamesWithin7	400	value	49.5	46.8	38.5	39.5	43.0	45.3	44.8	44.5	46.0	46.3	37.3	46.0	46.0	53.3	44.5	41.5	47.3	45.3	49.0	44.0	45.3	44.5	44.0	50.7	42.3	44.3	50.5	45.0	45.3	42.8
gamesWithin7	400	verdict	ok	ok	OFF	OFF	OFF	ok	ok	ok	ok	ok	OFF	ok	ok	ok	ok	OFF	ok	ok	ok	OFF	ok	ok	OFF	ok	OFF	OFF	ok	ok	ok	OFF
grossPunt	100	value	43.8	43.2	43.4	43.3	42.7	43.0	43.5	43.1	43.3	43.7	43.5	43.4	43.2	43.1	42.2	42.7	43.3	42.5	43.0	43.1	43.1	43.3	43.5	43.1	43.2	43.2	42.8	43.6	43.1	43.8
grossPunt	100	verdict	OFF	OFF	OFF	OFF	OFF	OFF	OFF	OFF	OFF	OFF	OFF	OFF	OFF	OFF	OFF	OFF	OFF	OFF	OFF	OFF	OFF	OFF	OFF	OFF	OFF	OFF	OFF	OFF	OFF	OFF
grossPunt	200	value	43.6	43.3	43.5	43.1	42.9	43.1	43.1	43.2	43.2	43.5	43.3	43.0	43.2	43.1	42.6	42.8	43.2	42.9	42.8	42.9	43.1	43.1	43.3	43.4	43.3	43.0	42.9	43.4	43.2	43.6
grossPunt	200	verdict	OFF	OFF	OFF	OFF	OFF	OFF	OFF	OFF	OFF	OFF	OFF	OFF	OFF	OFF	OFF	OFF	OFF	OFF	OFF	OFF	OFF	OFF	OFF	OFF	OFF	OFF	OFF	OFF	OFF	OFF
grossPunt	400	value	43.7	43.3	43.6	43.1	42.8	43.1	43.2	43.3	43.2	43.5	43.2	43.1	43.3	43.1	42.5	42.8	43.4	42.9	42.7	42.8	43.1	43.2	43.0	43.3	43.1	43.0	43.0	43.3	43.1	43.6
grossPunt	400	verdict	OFF	OFF	OFF	OFF	OFF	OFF	OFF	OFF	OFF	OFF	OFF	OFF	OFF	OFF	OFF	OFF	OFF	OFF	OFF	OFF	OFF	OFF	OFF	OFF	OFF	OFF	OFF	OFF	OFF	OFF
heavyRainPoints	100	verdict	unsourced	unsourced	unsourced	unsourced	unsourced	unsourced	unsourced	unsourced	unsourced	unsourced	unsourced	unsourced	unsourced	unsourced	unsourced	unsourced	unsourced	unsourced	unsourced	unsourced	unsourced	unsourced	unsourced	unsourced	unsourced	unsourced	unsourced	unsourced	unsourced	unsourced
heavyRainPoints	200	verdict	unsourced	unsourced	unsourced	unsourced	unsourced	unsourced	unsourced	unsourced	unsourced	unsourced	unsourced	unsourced	unsourced	unsourced	unsourced	unsourced	unsourced	unsourced	unsourced	unsourced	unsourced	unsourced	unsourced	unsourced	unsourced	unsourced	unsourced	unsourced	unsourced	unsourced
heavyRainPoints	400	value	2.6	—	—	1.0	—	—	0.5	—	—	-4.2	—	—	3.9	6.4	-2.1	—	—	—	—	—	2.0	—	—	2.4	—	—	—	—	0.5	—
heavyRainPoints	400	verdict	unsourced	unsourced	unsourced	unsourced	unsourced	unsourced	unsourced	unsourced	unsourced	unsourced	unsourced	unsourced	unsourced	unsourced	unsourced	unsourced	unsourced	unsourced	unsourced	unsourced	unsourced	unsourced	unsourced	unsourced	unsourced	unsourced	unsourced	unsourced	unsourced	unsourced
interceptionRate	100	value	2.8	2.4	2.9	3.0	3.0	2.7	2.9	2.4	2.6	2.3	2.7	2.5	3.0	2.8	2.1	2.6	2.6	2.3	2.4	2.9	2.4	3.5	3.1	2.64	3.0	2.7	2.6	2.9	2.6	3.0
interceptionRate	100	verdict	OFF	ok	OFF	OFF	OFF	OFF	OFF	ok	ok	ok	OFF	ok	OFF	OFF	ok	ok	ok	ok	ok	OFF	ok	OFF	OFF	OFF	OFF	OFF	ok	OFF	ok	OFF
interceptionRate	200	value	2.7	2.4	2.7	2.8	3.0	2.7	2.9	2.7	2.7	2.5	2.7	2.64	3.1	2.7	2.3	2.8	2.5	2.4	2.4	2.9	2.3	3.3	3.1	2.5	2.8	2.61	2.6	2.64	2.3	2.9
interceptionRate	200	verdict	OFF	ok	OFF	OFF	OFF	OFF	OFF	OFF	OFF	ok	OFF	OFF	OFF	OFF	ok	OFF	ok	ok	ok	OFF	ok	OFF	OFF	ok	OFF	OFF	ok	OFF	ok	OFF
interceptionRate	400	value	2.601	2.4	2.63	2.8	3.0	2.7	2.9	2.5	2.9	2.7	2.7	2.64	3.0	2.7	2.3	2.9	2.5	2.6	2.5	2.9	2.3	3.0	2.9	2.4	2.9	2.61	2.5	2.7	2.4	2.9
interceptionRate	400	verdict	OFF	ok	OFF	OFF	OFF	OFF	OFF	ok	OFF	OFF	OFF	OFF	OFF	OFF	ok	OFF	ok	ok	ok	OFF	ok	OFF	OFF	ok	OFF	OFF	ok	OFF	ok	OFF
interferenceDrawnPerGame	100	value	1.60	1.69	1.60	1.26	1.20	1.49	1.44	1.62	1.28	1.64	1.65	1.46	1.16	1.55	1.79	1.63	1.47	1.35	1.30	1.62	1.51	1.31	1.25	1.58	1.20	1.33	1.48	1.40	1.43	1.30
interferenceDrawnPerGame	100	verdict	unsourced	unsourced	unsourced	unsourced	unsourced	unsourced	unsourced	unsourced	unsourced	unsourced	unsourced	unsourced	unsourced	unsourced	unsourced	unsourced	unsourced	unsourced	unsourced	unsourced	unsourced	unsourced	unsourced	unsourced	unsourced	unsourced	unsourced	unsourced	unsourced	unsourced
interferenceDrawnPerGame	200	value	1.69	1.59	1.61	1.36	1.34	1.52	1.44	1.54	1.33	1.57	1.54	1.22	1.20	1.56	1.70	1.44	1.45	1.35	1.30	1.57	1.64	1.36	1.25	1.71	1.25	1.39	1.58	1.42	1.42	1.30
interferenceDrawnPerGame	200	verdict	unsourced	unsourced	unsourced	unsourced	unsourced	unsourced	unsourced	unsourced	unsourced	unsourced	unsourced	unsourced	unsourced	unsourced	unsourced	unsourced	unsourced	unsourced	unsourced	unsourced	unsourced	unsourced	unsourced	unsourced	unsourced	unsourced	unsourced	unsourced	unsourced	unsourced
interferenceDrawnPerGame	400	value	1.59	1.54	1.60	1.35	1.36	1.55	1.46	1.52	1.35	1.51	1.54	1.25	1.16	1.63	1.62	1.45	1.48	1.34	1.31	1.54	1.57	1.27	1.17	1.70	1.31	1.40	1.60	1.45	1.40	1.32
interferenceDrawnPerGame	400	verdict	unsourced	unsourced	unsourced	unsourced	unsourced	unsourced	unsourced	unsourced	unsourced	unsourced	unsourced	unsourced	unsourced	unsourced	unsourced	unsourced	unsourced	unsourced	unsourced	unsourced	unsourced	unsourced	unsourced	unsourced	unsourced	unsourced	unsourced	unsourced	unsourced	unsourced
interferenceOnCompletions	100	value	0.0	0.0	0.0	0.0	0.0	0.0	0.0	0.0	0.0	0.0	0.0	0.0	0.0	0.0	0.0	0.0	0.0	0.0	0.0	0.0	0.0	0.0	0.0	0.0	0.0	0.0	0.0	0.0	0.0	0.0
interferenceOnCompletions	100	verdict	unsourced	unsourced	unsourced	unsourced	unsourced	unsourced	unsourced	unsourced	unsourced	unsourced	unsourced	unsourced	unsourced	unsourced	unsourced	unsourced	unsourced	unsourced	unsourced	unsourced	unsourced	unsourced	unsourced	unsourced	unsourced	unsourced	unsourced	unsourced	unsourced	unsourced
interferenceOnCompletions	200	value	0.0	0.0	0.0	0.0	0.0	0.0	0.0	0.0	0.0	0.0	0.0	0.0	0.0	0.0	0.0	0.0	0.0	0.0	0.0	0.0	0.0	0.0	0.0	0.0	0.0	0.0	0.0	0.0	0.0	0.0
interferenceOnCompletions	200	verdict	unsourced	unsourced	unsourced	unsourced	unsourced	unsourced	unsourced	unsourced	unsourced	unsourced	unsourced	unsourced	unsourced	unsourced	unsourced	unsourced	unsourced	unsourced	unsourced	unsourced	unsourced	unsourced	unsourced	unsourced	unsourced	unsourced	unsourced	unsourced	unsourced	unsourced
interferenceOnCompletions	400	value	0.0	0.0	0.0	0.0	0.0	0.0	0.0	0.0	0.0	0.0	0.0	0.0	0.0	0.0	0.0	0.0	0.0	0.0	0.0	0.0	0.0	0.0	0.0	0.0	0.0	0.0	0.0	0.0	0.0	0.0
interferenceOnCompletions	400	verdict	unsourced	unsourced	unsourced	unsourced	unsourced	unsourced	unsourced	unsourced	unsourced	unsourced	unsourced	unsourced	unsourced	unsourced	unsourced	unsourced	unsourced	unsourced	unsourced	unsourced	unsourced	unsourced	unsourced	unsourced	unsourced	unsourced	unsourced	unsourced	unsourced	unsourced
kickReturnTouchdowns.2024	100	value	0.03	0.04	0.04	0.03	0.02	0.04	0.05	0.04	0.03	0.03	0.02	0.05	0.03	0.05	0.05	0.02	0.05	0.03	0.03	0.04	0.04	0.04	0.06	0.02	0.04	0.04	0.01	0.05	0.03	0.03
kickReturnTouchdowns.2024	100	verdict	stale	stale	stale	stale	stale	stale	stale	stale	stale	stale	stale	stale	stale	stale	stale	stale	stale	stale	stale	stale	stale	stale	stale	stale	stale	stale	stale	stale	stale	stale
kickReturnTouchdowns.2024	200	value	0.05	0.04	0.04	0.04	0.02	0.04	0.04	0.04	0.04	0.03	0.04	0.04	0.02	0.04	0.05	0.03	0.05	0.03	0.04	0.03	0.04	0.03	0.04	0.03	0.04	0.04	0.03	0.04	0.03	0.03
kickReturnTouchdowns.2024	200	verdict	stale	stale	stale	stale	stale	stale	stale	stale	stale	stale	stale	stale	stale	stale	stale	stale	stale	stale	stale	stale	stale	stale	stale	stale	stale	stale	stale	stale	stale	stale
kickReturnTouchdowns.2024	400	value	0.05	0.04	0.04	0.04	0.03	0.03	0.04	0.04	0.04	0.03	0.03	0.03	0.02	0.05	0.05	0.04	0.04	0.03	0.03	0.04	0.03	0.03	0.04	0.02	0.05	0.04	0.03	0.03	0.03	0.03
kickReturnTouchdowns.2024	400	verdict	stale	stale	stale	stale	stale	stale	stale	stale	stale	stale	stale	stale	stale	stale	stale	stale	stale	stale	stale	stale	stale	stale	stale	stale	stale	stale	stale	stale	stale	stale
kickReturnTouchdowns.2025	100	value	0.03	0.04	0.04	0.03	0.015	0.04	0.05	0.04	0.03	0.03	0.02	0.05	0.03	0.05	0.05	0.015	0.05	0.03	0.03	0.04	0.04	0.04	0.06	0.02	0.04	0.04	0.01	0.05	0.03	0.03
kickReturnTouchdowns.2025	100	verdict	ok	ok	ok	ok	OFF	ok	ok	ok	ok	ok	ok	ok	ok	ok	ok	OFF	ok	ok	ok	ok	ok	ok	ok	ok	ok	ok	OFF	ok	ok	ok
kickReturnTouchdowns.2025	200	value	0.05	0.04	0.04	0.04	0.02	0.04	0.04	0.04	0.04	0.03	0.04	0.04	0.02	0.04	0.05	0.03	0.05	0.03	0.04	0.03	0.04	0.03	0.04	0.03	0.04	0.04	0.03	0.04	0.03	0.03
kickReturnTouchdowns.2025	200	verdict	ok	ok	ok	ok	ok	ok	ok	ok	ok	ok	ok	ok	ok	ok	ok	ok	ok	ok	ok	ok	ok	ok	ok	ok	ok	ok	ok	ok	ok	ok
kickReturnTouchdowns.2025	400	value	0.05	0.04	0.04	0.04	0.03	0.03	0.04	0.04	0.04	0.03	0.03	0.03	0.016	0.05	0.05	0.04	0.04	0.03	0.03	0.04	0.03	0.03	0.04	0.02	0.05	0.04	0.03	0.03	0.03	0.03
kickReturnTouchdowns.2025	400	verdict	ok	ok	ok	ok	ok	ok	ok	ok	ok	ok	ok	ok	OFF	ok	ok	ok	ok	ok	ok	ok	ok	ok	ok	ok	ok	ok	ok	ok	ok	ok
kickoffReturnYards.2024	100	value	20.6	20.4	20.9	20.4	20.6	20.7	21.2	20.9	20.3	20.5	20.3	20.3	20.8	21.2	20.9	21.1	20.7	20.8	20.5	20.7	20.6	20.2	20.6	20.4	20.9	20.4	20.3	20.5	20.5	20.3
kickoffReturnYards.2024	100	verdict	stale	stale	stale	stale	stale	stale	stale	stale	stale	stale	stale	stale	stale	stale	stale	stale	stale	stale	stale	stale	stale	stale	stale	stale	stale	stale	stale	stale	stale	stale
kickoffReturnYards.2024	200	value	20.4	20.4	20.6	20.5	20.7	20.6	20.9	20.5	20.5	20.5	20.5	20.4	20.8	21.0	21.0	21.2	20.7	20.7	20.6	20.6	20.6	20.1	20.7	20.2	20.9	20.4	20.6	20.5	20.7	20.4
kickoffReturnYards.2024	200	verdict	stale	stale	stale	stale	stale	stale	stale	stale	stale	stale	stale	stale	stale	stale	stale	stale	stale	stale	stale	stale	stale	stale	stale	stale	stale	stale	stale	stale	stale	stale
kickoffReturnYards.2024	400	value	20.6	20.4	20.5	20.6	20.6	20.6	20.9	20.4	20.5	20.5	20.7	20.4	20.6	21.2	21.0	21.2	20.5	20.5	20.5	20.6	20.7	20.3	20.7	20.3	20.8	20.6	20.5	20.4	20.7	20.5
kickoffReturnYards.2024	400	verdict	stale	stale	stale	stale	stale	stale	stale	stale	stale	stale	stale	stale	stale	stale	stale	stale	stale	stale	stale	stale	stale	stale	stale	stale	stale	stale	stale	stale	stale	stale
kickoffReturnYards.2025	100	value	20.6	20.4	20.9	20.4	20.6	20.7	21.2	20.9	20.3	20.5	20.3	20.3	20.8	21.2	20.9	21.1	20.7	20.8	20.5	20.7	20.6	20.2	20.6	20.4	20.9	20.4	20.3	20.5	20.5	20.3
kickoffReturnYards.2025	100	verdict	OFF	OFF	OFF	OFF	OFF	OFF	OFF	OFF	OFF	OFF	OFF	OFF	OFF	OFF	OFF	OFF	OFF	OFF	OFF	OFF	OFF	OFF	OFF	OFF	OFF	OFF	OFF	OFF	OFF	OFF
kickoffReturnYards.2025	200	value	20.4	20.4	20.6	20.5	20.7	20.6	20.9	20.5	20.5	20.5	20.5	20.4	20.8	21.0	21.0	21.2	20.7	20.7	20.6	20.6	20.6	20.1	20.7	20.2	20.9	20.4	20.6	20.5	20.7	20.4
kickoffReturnYards.2025	200	verdict	OFF	OFF	OFF	OFF	OFF	OFF	OFF	OFF	OFF	OFF	OFF	OFF	OFF	OFF	OFF	OFF	OFF	OFF	OFF	OFF	OFF	OFF	OFF	OFF	OFF	OFF	OFF	OFF	OFF	OFF
kickoffReturnYards.2025	400	value	20.6	20.4	20.5	20.6	20.6	20.6	20.9	20.4	20.5	20.5	20.7	20.4	20.6	21.2	21.0	21.2	20.5	20.5	20.5	20.6	20.7	20.3	20.7	20.3	20.8	20.6	20.5	20.4	20.7	20.5
kickoffReturnYards.2025	400	verdict	OFF	OFF	OFF	OFF	OFF	OFF	OFF	OFF	OFF	OFF	OFF	OFF	OFF	OFF	OFF	OFF	OFF	OFF	OFF	OFF	OFF	OFF	OFF	OFF	OFF	OFF	OFF	OFF	OFF	OFF
kickoffTouchbacks.2024	100	value	19.6	17.7	18.1	19.5	17.8	18.2	17.0	18.9	19.5	19.3	18.7	19.8	20.8	18.9	17.6	17.0	21.0	18.3	18.4	17.6	19.6	16.1	18.3	19.3	20.3	21.1	19.8	22.3	17.1	19.4
kickoffTouchbacks.2024	100	verdict	stale	stale	stale	stale	stale	stale	stale	stale	stale	stale	stale	stale	stale	stale	stale	stale	stale	stale	stale	stale	stale	stale	stale	stale	stale	stale	stale	stale	stale	stale
kickoffTouchbacks.2024	200	value	20.4	19.2	19.4	18.6	18.6	19.8	18.8	18.8	19.1	19.7	19.0	19.4	19.6	18.8	18.0	17.4	20.0	19.7	18.5	17.4	18.9	17.9	18.7	18.8	20.8	20.6	20.0	19.6	18.1	18.9
kickoffTouchbacks.2024	200	verdict	stale	stale	stale	stale	stale	stale	stale	stale	stale	stale	stale	stale	stale	stale	stale	stale	stale	stale	stale	stale	stale	stale	stale	stale	stale	stale	stale	stale	stale	stale
kickoffTouchbacks.2024	400	value	20.4	18.9	20.1	18.2	18.6	19.0	19.4	18.3	19.3	19.4	18.4	19.0	19.7	18.7	18.3	17.1	19.7	19.7	19.4	17.5	18.7	18.6	18.2	19.4	20.4	19.9	20.8	19.6	18.5	19.4
kickoffTouchbacks.2024	400	verdict	stale	stale	stale	stale	stale	stale	stale	stale	stale	stale	stale	stale	stale	stale	stale	stale	stale	stale	stale	stale	stale	stale	stale	stale	stale	stale	stale	stale	stale	stale
kickoffTouchbacks.2025	100	value	19.6	17.7	18.1	19.5	17.8	18.2	17.0	18.9	19.5	19.3	18.7	19.8	20.8	18.9	17.6	17.0	21.0	18.3	18.4	17.6	19.6	16.1	18.3	19.3	20.3	21.1	19.8	22.3	17.1	19.4
kickoffTouchbacks.2025	100	verdict	ok	OFF	OFF	ok	OFF	OFF	OFF	ok	ok	ok	OFF	ok	ok	ok	OFF	OFF	ok	OFF	OFF	OFF	ok	OFF	OFF	ok	ok	ok	ok	ok	OFF	ok
kickoffTouchbacks.2025	200	value	20.4	19.2	19.4	18.6	18.6	19.8	18.8	18.8	19.1	19.7	19.0	19.4	19.6	18.8	18.0	17.4	20.0	19.7	18.5	17.4	18.9	17.9	18.7	18.8	20.8	20.6	20.0	19.6	18.1	18.9
kickoffTouchbacks.2025	200	verdict	ok	ok	ok	OFF	OFF	ok	OFF	OFF	ok	ok	ok	ok	ok	OFF	OFF	OFF	ok	ok	OFF	OFF	ok	OFF	OFF	OFF	ok	ok	ok	ok	OFF	ok
kickoffTouchbacks.2025	400	value	20.4	18.9	20.1	18.2	18.6	19.0	19.4	18.3	19.3	19.4	18.4	19.0	19.7	18.7	18.3	17.1	19.7	19.7	19.4	17.5	18.7	18.6	18.2	19.4	20.4	19.9	20.8	19.6	18.5	19.4
kickoffTouchbacks.2025	400	verdict	ok	ok	ok	OFF	OFF	ok	ok	OFF	ok	ok	OFF	ok	ok	OFF	OFF	OFF	ok	ok	ok	OFF	OFF	OFF	OFF	ok	ok	ok	ok	ok	OFF	ok
kickoffsReturned.2024	100	value	76.0	78.4	77.6	75.9	78.2	78.3	79.0	76.0	76.2	76.5	77.0	76.5	76.3	76.5	78.5	79.7	75.5	76.7	76.9	77.2	76.4	79.9	77.8	76.2	76.0	74.7	76.7	73.8	79.3	76.6
kickoffsReturned.2024	100	verdict	stale	stale	stale	stale	stale	stale	stale	stale	stale	stale	stale	stale	stale	stale	stale	stale	stale	stale	stale	stale	stale	stale	stale	stale	stale	stale	stale	stale	stale	stale
kickoffsReturned.2024	200	value	75.1	76.7	76.7	77.5	77.3	76.7	77.2	76.0	77.0	76.1	76.7	76.8	77.1	77.2	77.8	79.0	76.1	76.1	77.0	77.9	76.4	78.7	77.7	77.6	75.5	74.8	77.2	76.5	78.2	77.6
kickoffsReturned.2024	200	verdict	stale	stale	stale	stale	stale	stale	stale	stale	stale	stale	stale	stale	stale	stale	stale	stale	stale	stale	stale	stale	stale	stale	stale	stale	stale	stale	stale	stale	stale	stale
kickoffsReturned.2024	400	value	75.5	76.9	76.2	77.8	77.0	77.5	76.5	77.2	76.8	76.7	77.6	77.5	76.3	77.5	77.5	78.8	76.0	76.1	76.6	77.8	76.7	77.8	78.0	76.8	75.6	76.0	75.9	76.2	77.4	76.8
kickoffsReturned.2024	400	verdict	stale	stale	stale	stale	stale	stale	stale	stale	stale	stale	stale	stale	stale	stale	stale	stale	stale	stale	stale	stale	stale	stale	stale	stale	stale	stale	stale	stale	stale	stale
kickoffsReturned.2025	100	value	76.0	78.4	77.6	75.9	78.2	78.3	79.0	76.0	76.2	76.5	77.0	76.5	76.3	76.5	78.5	79.7	75.5	76.7	76.9	77.2	76.4	79.9	77.8	76.2	76.0	74.7	76.7	73.8	79.3	76.6
kickoffsReturned.2025	100	verdict	ok	ok	ok	ok	ok	ok	ok	ok	ok	ok	ok	ok	ok	ok	ok	ok	ok	ok	ok	ok	ok	ok	ok	ok	ok	ok	ok	ok	ok	ok
kickoffsReturned.2025	200	value	75.1	76.7	76.7	77.5	77.3	76.7	77.2	76.0	77.0	76.1	76.7	76.8	77.1	77.2	77.8	79.0	76.1	76.1	77.0	77.9	76.4	78.7	77.7	77.6	75.5	74.8	77.2	76.5	78.2	77.6
kickoffsReturned.2025	200	verdict	ok	ok	ok	ok	ok	ok	ok	ok	ok	ok	ok	ok	ok	ok	ok	ok	ok	ok	ok	ok	ok	ok	ok	ok	ok	ok	ok	ok	ok	ok
kickoffsReturned.2025	400	value	75.5	76.9	76.2	77.8	77.0	77.5	76.5	77.2	76.8	76.7	77.6	77.5	76.3	77.5	77.5	78.8	76.0	76.1	76.6	77.8	76.7	77.8	78.0	76.8	75.6	76.0	75.9	76.2	77.4	76.8
kickoffsReturned.2025	400	verdict	ok	ok	ok	ok	ok	ok	ok	ok	ok	ok	ok	ok	ok	ok	ok	ok	ok	ok	ok	ok	ok	ok	ok	ok	ok	ok	ok	ok	ok	ok
kneelsPerGame	100	value	1.4	1.5	1.5	1.5	1.9	1.5	1.7	1.8	1.6	1.7	1.5	1.6	1.9	1.6	1.5	1.5	1.7	1.5	1.82	1.7	1.5	1.8	1.5	1.6	1.8	1.7	1.5	1.6	1.6	1.6
kneelsPerGame	100	verdict	ok	ok	ok	ok	OFF	ok	ok	ok	ok	ok	ok	ok	OFF	ok	ok	ok	ok	ok	OFF	ok	ok	ok	ok	ok	ok	ok	ok	ok	ok	ok
kneelsPerGame	200	value	1.5	1.6	1.4	1.5	1.7	1.6	1.6	1.6	1.6	1.6	1.5	1.6	1.81	1.5	1.5	1.6	1.6	1.5	1.7	1.7	1.5	1.7	1.5	1.6	1.7	1.7	1.6	1.6	1.6	1.5
kneelsPerGame	200	verdict	ok	ok	ok	ok	ok	ok	ok	ok	ok	ok	ok	ok	OFF	ok	ok	ok	ok	ok	ok	ok	ok	ok	ok	ok	ok	ok	ok	ok	ok	ok
kneelsPerGame	400	value	1.5	1.6	1.5	1.6	1.7	1.6	1.6	1.5	1.6	1.5	1.5	1.6	1.7	1.6	1.5	1.5	1.5	1.6	1.6	1.6	1.5	1.6	1.6	1.6	1.7	1.7	1.6	1.6	1.7	1.5
kneelsPerGame	400	verdict	ok	ok	ok	ok	ok	ok	ok	ok	ok	ok	ok	ok	ok	ok	ok	ok	ok	ok	ok	ok	ok	ok	ok	ok	ok	ok	ok	ok	ok	ok
marginSigma	100	value	13.9	14.8	16.5	19.2	17.5	15.6	15.9	16.7	16.0	14.6	18.0	15.5	14.7	14.9	17.0	15.4	14.3	15.1	14.7	13.3	15.0	15.8	15.7	14.7	13.6	13.3	14.2	14.9	13.9	18.2
marginSigma	100	verdict	ok	ok	OFF	OFF	OFF	ok	OFF	OFF	OFF	ok	OFF	ok	ok	ok	OFF	ok	ok	ok	ok	ok	ok	OFF	OFF	ok	ok	ok	ok	ok	ok	OFF
marginSigma	200	value	14.1	14.9	16.8	18.3	16.7	15.1	15.7	16.2	15.9	15.7	18.3	15.2	15.4	14.5	16.1	15.3	14.2	14.8	15.0	13.6	14.3	15.9	16.5	14.1	14.8	14.2	14.3	14.4	14.3	18.2
marginSigma	200	verdict	ok	ok	OFF	OFF	OFF	ok	OFF	OFF	OFF	OFF	OFF	ok	ok	ok	OFF	ok	ok	ok	ok	ok	ok	OFF	OFF	ok	ok	ok	ok	ok	ok	OFF
marginSigma	400	value	14.1	15.1	16.2	18.1	16.8	15.4	15.7	16.5	15.3	15.8	17.9	15.7	15.4	14.4	15.4	16.5	14.4	15.4	14.5	15.0	14.4	15.5	16.1	13.6	15.4	15.1	14.6	15.1	14.3	17.8
marginSigma	400	verdict	ok	ok	OFF	OFF	OFF	ok	OFF	OFF	ok	OFF	OFF	OFF	ok	ok	ok	OFF	ok	ok	ok	ok	ok	ok	OFF	ok	ok	ok	ok	ok	ok	OFF
netPunt	100	value	38.0	37.3	37.6	37.5	37.3	37.2	37.3	37.0	37.8	38.0	37.5	37.4	37.6	37.1	36.8	37.1	37.2	37.4	37.5	37.3	37.2	38.0	37.3	37.7	37.7	37.3	37.0	37.8	37.3	37.8
netPunt	100	verdict	OFF	OFF	OFF	OFF	OFF	OFF	OFF	OFF	OFF	OFF	OFF	OFF	OFF	OFF	OFF	OFF	OFF	OFF	OFF	OFF	OFF	OFF	OFF	OFF	OFF	OFF	OFF	OFF	OFF	OFF
netPunt	200	value	37.7	37.5	37.8	37.4	37.5	37.2	36.8	37.3	37.7	37.9	37.0	37.2	37.8	37.1	37.0	37.4	37.1	37.4	37.3	37.1	37.6	37.8	37.3	37.7	37.8	37.1	36.9	37.7	37.4	37.7
netPunt	200	verdict	OFF	OFF	OFF	OFF	OFF	OFF	OFF	OFF	OFF	OFF	OFF	OFF	OFF	OFF	OFF	OFF	OFF	OFF	OFF	OFF	OFF	OFF	OFF	OFF	OFF	OFF	OFF	OFF	OFF	OFF
netPunt	400	value	37.7	37.5	37.9	37.5	37.2	37.4	37.3	37.4	37.9	37.8	37.2	37.5	37.9	37.3	36.8	37.1	37.4	37.2	37.2	36.8	37.7	37.8	37.1	37.7	37.6	37.1	37.4	37.6	37.3	37.8
netPunt	400	verdict	OFF	OFF	OFF	OFF	OFF	OFF	OFF	OFF	OFF	OFF	OFF	OFF	OFF	OFF	OFF	OFF	OFF	OFF	OFF	OFF	OFF	OFF	OFF	OFF	OFF	OFF	OFF	OFF	OFF	OFF
nonOffensiveTouchdowns.2024	100	value	0.14	0.20	0.18	0.24	0.14	0.17	0.20	0.13	0.14	0.11	0.15	0.16	0.20	0.13	0.18	0.14	0.20	0.14	0.10	0.15	0.16	0.15	0.22	0.15	0.23	0.19	0.13	0.20	0.13	0.17
nonOffensiveTouchdowns.2024	100	verdict	stale	stale	stale	stale	stale	stale	stale	stale	stale	stale	stale	stale	stale	stale	stale	stale	stale	stale	stale	stale	stale	stale	stale	stale	stale	stale	stale	stale	stale	stale
nonOffensiveTouchdowns.2024	200	value	0.19	0.18	0.17	0.20	0.17	0.19	0.18	0.14	0.17	0.13	0.16	0.16	0.18	0.14	0.17	0.16	0.19	0.15	0.13	0.16	0.16	0.19	0.19	0.15	0.20	0.17	0.17	0.16	0.13	0.19
nonOffensiveTouchdowns.2024	200	verdict	stale	stale	stale	stale	stale	stale	stale	stale	stale	stale	stale	stale	stale	stale	stale	stale	stale	stale	stale	stale	stale	stale	stale	stale	stale	stale	stale	stale	stale	stale
nonOffensiveTouchdowns.2024	400	value	0.19	0.16	0.17	0.17	0.17	0.16	0.18	0.17	0.18	0.14	0.16	0.16	0.15	0.16	0.16	0.17	0.17	0.16	0.15	0.16	0.15	0.20	0.19	0.15	0.20	0.16	0.15	0.17	0.14	0.17
nonOffensiveTouchdowns.2024	400	verdict	stale	stale	stale	stale	stale	stale	stale	stale	stale	stale	stale	stale	stale	stale	stale	stale	stale	stale	stale	stale	stale	stale	stale	stale	stale	stale	stale	stale	stale	stale
nonOffensiveTouchdowns.2025	100	value	0.14	0.20	0.18	0.24	0.14	0.17	0.20	0.13	0.14	0.11	0.15	0.16	0.20	0.13	0.18	0.14	0.20	0.14	0.10	0.15	0.16	0.15	0.22	0.15	0.23	0.19	0.13	0.20	0.13	0.17
nonOffensiveTouchdowns.2025	100	verdict	ok	OFF	OFF	OFF	ok	OFF	OFF	ok	ok	ok	ok	OFF	OFF	ok	OFF	ok	OFF	ok	ok	ok	OFF	ok	OFF	ok	OFF	OFF	ok	OFF	ok	OFF
nonOffensiveTouchdowns.2025	200	value	0.19	0.18	0.17	0.20	0.17	0.19	0.18	0.14	0.17	0.13	0.16	0.16	0.18	0.14	0.17	0.16	0.19	0.15	0.13	0.16	0.16	0.19	0.19	0.153	0.20	0.17	0.17	0.16	0.13	0.19
nonOffensiveTouchdowns.2025	200	verdict	OFF	OFF	OFF	OFF	OFF	OFF	OFF	ok	OFF	ok	OFF	OFF	OFF	ok	OFF	OFF	OFF	ok	ok	OFF	OFF	OFF	OFF	OFF	OFF	OFF	OFF	OFF	ok	OFF
nonOffensiveTouchdowns.2025	400	value	0.19	0.16	0.17	0.17	0.17	0.16	0.18	0.17	0.18	0.14	0.16	0.16	0.151	0.16	0.16	0.17	0.17	0.16	0.15	0.16	0.15	0.20	0.19	0.15	0.20	0.16	0.153	0.17	0.14	0.17
nonOffensiveTouchdowns.2025	400	verdict	OFF	OFF	OFF	OFF	OFF	OFF	OFF	OFF	OFF	ok	OFF	OFF	OFF	OFF	OFF	OFF	OFF	OFF	ok	OFF	ok	OFF	OFF	ok	OFF	OFF	OFF	OFF	ok	OFF
onsideKicks.2024	100	value	0.28	0.29	0.28	0.25	0.28	0.22	0.21	0.26	0.20	0.27	0.23	0.18	0.22	0.18	0.20	0.22	0.18	0.31	0.26	0.33	0.24	0.13	0.27	0.29	0.16	0.27	0.19	0.21	0.21	0.20
onsideKicks.2024	100	verdict	stale	stale	stale	stale	stale	stale	stale	stale	stale	stale	stale	stale	stale	stale	stale	stale	stale	stale	stale	stale	stale	stale	stale	stale	stale	stale	stale	stale	stale	stale
onsideKicks.2024	200	value	0.25	0.26	0.25	0.21	0.25	0.23	0.23	0.29	0.20	0.27	0.25	0.22	0.24	0.19	0.21	0.24	0.18	0.23	0.24	0.26	0.27	0.14	0.22	0.23	0.19	0.25	0.16	0.21	0.21	0.18
onsideKicks.2024	200	verdict	stale	stale	stale	stale	stale	stale	stale	stale	stale	stale	stale	stale	stale	stale	stale	stale	stale	stale	stale	stale	stale	stale	stale	stale	stale	stale	stale	stale	stale	stale
onsideKicks.2024	400	value	0.23	0.24	0.22	0.23	0.26	0.23	0.22	0.26	0.22	0.25	0.24	0.18	0.24	0.18	0.25	0.25	0.25	0.23	0.21	0.27	0.27	0.15	0.21	0.23	0.23	0.23	0.18	0.24	0.21	0.20
onsideKicks.2024	400	verdict	stale	stale	stale	stale	stale	stale	stale	stale	stale	stale	stale	stale	stale	stale	stale	stale	stale	stale	stale	stale	stale	stale	stale	stale	stale	stale	stale	stale	stale	stale
onsideKicks.2025	100	value	0.28	0.29	0.28	0.25	0.28	0.22	0.21	0.26	0.20	0.27	0.23	0.18	0.22	0.18	0.20	0.22	0.18	0.31	0.26	0.33	0.24	0.13	0.27	0.29	0.16	0.27	0.19	0.21	0.21	0.20
onsideKicks.2025	100	verdict	OFF	OFF	OFF	OFF	OFF	ok	ok	OFF	ok	OFF	ok	ok	ok	ok	ok	ok	ok	OFF	OFF	OFF	ok	OFF	OFF	OFF	ok	OFF	ok	ok	ok	ok
onsideKicks.2025	200	value	0.25	0.26	0.25	0.21	0.25	0.23	0.23	0.29	0.20	0.27	0.25	0.22	0.24	0.19	0.21	0.24	0.18	0.23	0.24	0.26	0.27	0.14	0.22	0.23	0.19	0.25	0.16	0.21	0.21	0.18
onsideKicks.2025	200	verdict	OFF	OFF	OFF	ok	OFF	ok	ok	OFF	ok	OFF	OFF	ok	ok	ok	ok	ok	ok	ok	ok	OFF	OFF	OFF	ok	ok	ok	OFF	ok	ok	ok	ok
onsideKicks.2025	400	value	0.23	0.24	0.22	0.23	0.26	0.23	0.22	0.26	0.22	0.25	0.24	0.18	0.24	0.18	0.25	0.25	0.25	0.23	0.21	0.27	0.27	0.15	0.21	0.23	0.23	0.23	0.18	0.243	0.21	0.20
onsideKicks.2025	400	verdict	ok	ok	ok	ok	OFF	ok	ok	OFF	ok	OFF	ok	ok	ok	ok	OFF	OFF	OFF	ok	ok	OFF	OFF	ok	ok	ok	ok	ok	ok	OFF	ok	ok
onsideRecovery.2024	100	value	7.1	3.4	7.1	0.0	7.1	9.1	19.0	11.5	15.0	11.1	17.4	11.1	4.5	5.6	5.0	9.1	5.6	3.2	15.4	15.2	8.3	15.4	11.1	17.2	12.5	22.2	10.5	9.5	4.8	15.0
onsideRecovery.2024	100	verdict	stale	stale	stale	stale	stale	stale	stale	stale	stale	stale	stale	stale	stale	stale	stale	stale	stale	stale	stale	stale	stale	stale	stale	stale	stale	stale	stale	stale	stale	stale
onsideRecovery.2024	200	value	6.0	7.7	10.0	2.4	10.0	8.7	13.3	13.8	15.4	11.1	14.3	7.0	8.5	18.9	4.8	6.3	8.6	8.7	14.9	17.6	9.4	25.9	9.1	13.3	5.3	16.3	9.7	11.9	7.3	11.1
onsideRecovery.2024	200	verdict	stale	stale	stale	stale	stale	stale	stale	stale	stale	stale	stale	stale	stale	stale	stale	stale	stale	stale	stale	stale	stale	stale	stale	stale	stale	stale	stale	stale	stale	stale
onsideRecovery.2024	400	value	11.0	8.3	9.1	12.0	10.8	7.5	13.5	11.5	14.8	12.1	14.9	9.6	8.3	12.5	7.9	7.1	11.2	8.9	12.0	13.0	12.0	20.0	13.4	7.8	9.7	11.0	7.0	14.4	7.3	15.2
onsideRecovery.2024	400	verdict	stale	stale	stale	stale	stale	stale	stale	stale	stale	stale	stale	stale	stale	stale	stale	stale	stale	stale	stale	stale	stale	stale	stale	stale	stale	stale	stale	stale	stale	stale
onsideRecovery.2025	100	value	7.1	3.4	7.1	0.0	7.1	9.1	19.0	11.5	15.0	11.1	17.4	11.1	4.5	5.6	5.0	9.1	5.6	3.2	15.4	15.2	8.3	15.4	11.1	17.2	12.5	22.2	10.5	9.5	4.8	15.0
onsideRecovery.2025	100	verdict	(ok)	(ok)	(ok)	(OFF)	(ok)	(ok)	(OFF)	(ok)	(ok)	(ok)	(OFF)	(ok)	(ok)	(ok)	(ok)	(ok)	(ok)	(ok)	(ok)	(ok)	(ok)	(ok)	(ok)	(OFF)	(ok)	(OFF)	(ok)	(ok)	(ok)	(ok)
onsideRecovery.2025	200	value	6.0	7.7	10.0	2.4	10.0	8.7	13.3	13.8	15.4	11.1	14.3	7.0	8.5	18.9	4.8	6.3	8.6	8.7	14.9	17.6	9.4	25.9	9.1	13.3	5.3	16.3	9.7	11.9	7.3	11.1
onsideRecovery.2025	200	verdict	(ok)	(ok)	(ok)	(OFF)	(ok)	(ok)	(ok)	(ok)	(ok)	(ok)	(ok)	(ok)	(ok)	(OFF)	(ok)	(ok)	(ok)	(ok)	(ok)	(OFF)	(ok)	(OFF)	(ok)	(ok)	(ok)	(ok)	(ok)	(ok)	(ok)	(ok)
onsideRecovery.2025	400	value	11.0	8.3	9.1	12.0	10.8	7.5	13.5	11.5	14.8	12.1	14.9	9.6	8.3	12.5	7.9	7.1	11.2	8.9	12.0	13.0	12.0	20.0	13.4	7.8	9.7	11.0	7.0	14.4	7.3	15.2
onsideRecovery.2025	400	verdict	(ok)	(ok)	(ok)	(ok)	(ok)	(ok)	(ok)	(ok)	(ok)	(ok)	(ok)	(ok)	(ok)	(ok)	(ok)	(ok)	(ok)	(ok)	(ok)	(ok)	(ok)	(OFF)	(ok)	(ok)	(ok)	(ok)	(ok)	(ok)	(ok)	(ok)
outOfBoundsShare	100	value	14.1	13.8	13.7	13.4	12.6	13.1	13.5	13.3	13.4	13.7	13.6	13.6	13.5	13.5	13.6	13.4	13.4	13.6	13.2	13.4	13.3	13.6	13.3	14.1	13.5	13.5	13.1	13.9	12.8	13.2
outOfBoundsShare	100	verdict	ok	ok	ok	ok	OFF	ok	ok	ok	ok	ok	ok	ok	ok	ok	ok	ok	ok	ok	ok	ok	ok	ok	ok	ok	ok	ok	ok	ok	ok	ok
outOfBoundsShare	200	value	13.8	13.8	13.8	13.4	13.0	13.3	13.7	13.6	13.4	13.7	13.5	13.5	13.7	13.5	13.7	13.6	13.7	13.8	13.5	13.6	13.6	13.4	13.2	13.8	13.5	13.8	13.7	13.7	13.1	13.5
outOfBoundsShare	200	verdict	ok	ok	ok	ok	ok	ok	ok	ok	ok	ok	ok	ok	ok	ok	ok	ok	ok	ok	ok	ok	ok	ok	ok	ok	ok	ok	ok	ok	ok	ok
outOfBoundsShare	400	value	13.8	14.0	13.6	13.3	13.1	13.4	13.5	13.4	13.5	13.7	13.6	13.4	13.6	13.5	13.7	13.6	13.5	13.9	13.5	13.7	13.7	13.4	13.4	13.7	13.4	13.8	13.5	13.7	13.2	13.3
outOfBoundsShare	400	verdict	ok	ok	ok	ok	ok	ok	ok	ok	ok	ok	ok	ok	ok	ok	ok	ok	ok	ok	ok	ok	ok	ok	ok	ok	ok	ok	ok	ok	ok	ok
outOfBoundsShareTrailingLate	100	value	32.7	34.1	35.3	34.6	31.2	35.0	30.6	28.2	30.5	30.2	33.0	35.2	32.1	31.6	31.9	31.9	30.6	30.3	33.0	31.6	31.8	29.6	31.7	32.2	34.6	32.5	30.6	35.0	25.8	32.1
outOfBoundsShareTrailingLate	100	verdict	OFF	OFF	OFF	OFF	OFF	OFF	OFF	OFF	OFF	OFF	OFF	OFF	OFF	OFF	OFF	OFF	OFF	OFF	OFF	OFF	OFF	OFF	OFF	OFF	OFF	OFF	OFF	OFF	OFF	OFF
outOfBoundsShareTrailingLate	200	value	31.4	35.6	33.7	33.0	32.9	33.7	33.3	31.4	30.8	32.2	33.6	34.3	32.8	33.3	34.3	32.5	30.2	31.9	32.7	33.6	31.9	31.5	32.1	32.2	33.6	33.1	31.6	34.8	30.8	32.8
outOfBoundsShareTrailingLate	200	verdict	OFF	OFF	OFF	OFF	OFF	OFF	OFF	OFF	OFF	OFF	OFF	OFF	OFF	OFF	OFF	OFF	OFF	OFF	OFF	OFF	OFF	OFF	OFF	OFF	OFF	OFF	OFF	OFF	OFF	OFF
outOfBoundsShareTrailingLate	400	value	31.7	34.9	33.2	34.0	32.4	32.9	32.4	30.7	32.5	33.0	34.0	32.9	32.2	32.6	33.4	32.1	31.4	32.7	31.7	33.0	32.4	32.2	31.8	32.3	32.3	33.9	31.9	34.0	31.1	32.0
outOfBoundsShareTrailingLate	400	verdict	OFF	OFF	OFF	OFF	OFF	OFF	OFF	OFF	OFF	OFF	OFF	OFF	OFF	OFF	OFF	OFF	OFF	OFF	OFF	OFF	OFF	OFF	OFF	OFF	OFF	OFF	OFF	OFF	OFF	OFF
overtimeLength	100	value	469	322	496	372	371	83	351	565	274	436	471	463.3	315	416	459	515	397	400	160	345	481	177	356	450	—	484	390	476	431	481
overtimeLength	100	verdict	OFF	OFF	OFF	ok	ok	OFF	OFF	OFF	OFF	ok	OFF	OFF	OFF	ok	ok	OFF	ok	ok	OFF	OFF	OFF	OFF	ok	ok	n/a	OFF	ok	OFF	ok	OFF
overtimeLength	200	value	475	322	469	431	371	206	366	483	470	426	480	472	391	430	459	420	464	393	218	430	386	177	444	471	465	489	410	445	468	483
overtimeLength	200	verdict	OFF	OFF	OFF	ok	ok	OFF	ok	OFF	OFF	ok	OFF	OFF	ok	ok	ok	ok	OFF	ok	OFF	ok	ok	OFF	ok	OFF	OFF	OFF	ok	ok	OFF	OFF
overtimeLength	400	value	462	359	412	470	375	366	429	429	429	452	459	462	428	404	475	399	430	372	335	472	396	388	386	415	451	434	458	405	451	459
overtimeLength	400	verdict	ok	ok	ok	OFF	ok	ok	ok	ok	ok	ok	ok	ok	ok	ok	OFF	ok	ok	ok	OFF	OFF	ok	ok	ok	ok	ok	ok	ok	ok	ok	ok
overtimeRate	100	value	4.0	4.0	5.0	2.0	5.0	1.0	4.0	1.0	1.0	3.0	4.0	4.0	4.0	7.0	3.0	3.0	2.0	3.0	1.0	3.0	3.0	1.0	2.0	2.0	0.0	4.0	5.0	5.0	3.0	2.0
overtimeRate	100	verdict	ok	ok	ok	OFF	ok	OFF	ok	OFF	OFF	ok	ok	ok	ok	ok	ok	ok	OFF	ok	OFF	ok	ok	OFF	OFF	OFF	OFF	ok	ok	ok	ok	OFF
overtimeRate	200	value	3.0	3.5	3.0	1.5	4.0	1.0	3.5	1.5	2.5	3.5	3.0	2.5	3.0	8.0	1.5	2.5	2.5	3.5	1.0	2.5	2.5	0.5	2.5	2.5	3.5	2.5	4.0	3.5	2.5	2.5
overtimeRate	200	verdict	ok	ok	ok	OFF	ok	OFF	ok	OFF	OFF	ok	ok	OFF	ok	OFF	OFF	OFF	OFF	ok	OFF	OFF	OFF	OFF	OFF	OFF	ok	OFF	ok	ok	OFF	OFF
overtimeRate	400	value	3.5	3.5	3.0	1.8	3.0	1.5	3.3	2.3	3.5	3.5	3.3	3.5	2.5	4.8	1.8	2.8	3.0	3.8	2.0	3.3	2.0	1.8	1.8	2.5	3.0	2.8	3.0	3.3	1.8	2.5
overtimeRate	400	verdict	ok	ok	ok	OFF	ok	OFF	ok	OFF	ok	ok	ok	ok	OFF	ok	OFF	OFF	ok	ok	OFF	ok	OFF	OFF	OFF	OFF	ok	OFF	ok	ok	OFF	OFF
ownHalfStarts.2024	100	value	89.1	89.3	88.9	88.4	88.9	89.0	89.8	88.5	89.3	89.6	89.4	89.1	89.0	88.8	90.7	88.9	88.3	89.3	88.8	87.9	90.1	88.7	88.7	88.5	88.8	89.0	89.4	87.9	89.1	88.9
ownHalfStarts.2024	100	verdict	stale	stale	stale	stale	stale	stale	stale	stale	stale	stale	stale	stale	stale	stale	stale	stale	stale	stale	stale	stale	stale	stale	stale	stale	stale	stale	stale	stale	stale	stale
ownHalfStarts.2024	200	value	89.0	89.7	88.9	88.5	88.9	89.1	88.9	88.0	88.6	89.2	89.4	88.7	88.3	89.4	90.3	88.6	88.7	89.4	88.9	88.5	90.0	89.2	88.6	89.1	88.8	89.2	89.3	88.6	89.7	88.6
ownHalfStarts.2024	200	verdict	stale	stale	stale	stale	stale	stale	stale	stale	stale	stale	stale	stale	stale	stale	stale	stale	stale	stale	stale	stale	stale	stale	stale	stale	stale	stale	stale	stale	stale	stale
ownHalfStarts.2024	400	value	89.5	89.6	89.1	88.7	88.7	89.0	89.1	88.8	88.8	89.1	89.4	88.3	89.0	89.3	89.6	88.9	89.1	89.1	88.6	88.1	89.6	89.4	88.5	89.6	88.5	88.8	89.8	88.8	89.9	88.6
ownHalfStarts.2024	400	verdict	stale	stale	stale	stale	stale	stale	stale	stale	stale	stale	stale	stale	stale	stale	stale	stale	stale	stale	stale	stale	stale	stale	stale	stale	stale	stale	stale	stale	stale	stale
ownHalfStarts.2025	100	value	89.1	89.3	88.9	88.4	88.9	89.0	89.8	88.5	89.3	89.6	89.4	89.1	89.0	88.8	90.7	88.9	88.3	89.3	88.8	87.9	90.1	88.7	88.7	88.5	88.8	89.0	89.4	87.9	89.1	88.9
ownHalfStarts.2025	100	verdict	ok	ok	ok	ok	ok	ok	ok	ok	ok	ok	ok	ok	ok	ok	ok	ok	ok	ok	ok	ok	ok	ok	ok	ok	ok	ok	ok	ok	ok	ok
ownHalfStarts.2025	200	value	89.0	89.7	88.9	88.5	88.9	89.1	88.9	88.0	88.6	89.2	89.4	88.7	88.3	89.4	90.3	88.6	88.7	89.4	88.9	88.5	90.0	89.2	88.6	89.1	88.8	89.2	89.3	88.6	89.7	88.6
ownHalfStarts.2025	200	verdict	ok	ok	ok	ok	ok	ok	ok	ok	ok	ok	ok	ok	ok	ok	ok	ok	ok	ok	ok	ok	ok	ok	ok	ok	ok	ok	ok	ok	ok	ok
ownHalfStarts.2025	400	value	89.5	89.6	89.1	88.7	88.7	89.0	89.1	88.8	88.8	89.1	89.4	88.3	89.0	89.3	89.6	88.9	89.1	89.1	88.6	88.1	89.6	89.4	88.5	89.6	88.5	88.8	89.8	88.8	89.9	88.6
ownHalfStarts.2025	400	verdict	ok	ok	ok	ok	ok	ok	ok	ok	ok	ok	ok	ok	ok	ok	ok	ok	ok	ok	ok	ok	ok	ok	ok	ok	ok	ok	ok	ok	ok	ok
packageBase	100	value	23.4	23.8	23.5	23.9	23.8	23.1	23.6	23.2	23.6	23.4	23.3	23.8	23.4	23.0	23.2	23.5	23.2	23.1	24.0	23.1	23.4	23.8	22.9	23.0	23.1	23.0	22.9	23.3	23.9	22.6
packageBase	100	verdict	ok	ok	ok	ok	ok	ok	ok	ok	ok	ok	ok	ok	ok	ok	ok	ok	ok	ok	ok	ok	ok	ok	ok	ok	ok	ok	ok	ok	ok	ok
packageBase	200	value	23.5	23.4	23.9	23.2	23.8	23.2	23.1	23.3	23.9	23.3	23.3	23.6	23.6	23.0	23.4	23.5	23.6	23.5	23.9	23.4	23.5	23.6	23.1	23.4	22.9	22.8	23.3	23.2	23.9	22.8
packageBase	200	verdict	ok	ok	ok	ok	ok	ok	ok	ok	ok	ok	ok	ok	ok	ok	ok	ok	ok	ok	ok	ok	ok	ok	ok	ok	ok	ok	ok	ok	ok	ok
packageBase	400	value	23.6	23.5	23.4	23.3	23.8	23.3	23.2	23.3	23.8	23.5	23.5	23.6	23.4	23.0	23.3	23.0	23.5	23.3	23.6	23.1	23.6	23.3	23.0	23.5	23.1	23.0	23.2	23.4	23.9	23.1
packageBase	400	verdict	ok	ok	ok	ok	ok	ok	ok	ok	ok	ok	ok	ok	ok	ok	ok	ok	ok	ok	ok	ok	ok	ok	ok	ok	ok	ok	ok	ok	ok	ok
packageNickel	100	value	68.8	69.0	68.4	69.1	68.5	69.4	69.0	69.1	68.7	69.3	69.0	69.1	68.9	69.5	68.9	69.1	69.2	69.1	68.3	69.2	69.1	69.0	69.5	69.22	68.7	69.5	70.0	68.9	68.8	70.1
packageNickel	100	verdict	ok	ok	ok	ok	ok	OFF	ok	ok	ok	OFF	ok	ok	ok	OFF	ok	ok	ok	ok	ok	ok	ok	ok	OFF	OFF	ok	OFF	OFF	ok	ok	OFF
packageNickel	200	value	68.6	69.23	68.5	69.3	68.9	69.3	69.4	69.0	68.6	69.3	69.0	69.22	68.8	69.3	68.7	68.9	69.0	69.0	68.9	68.8	69.1	69.2	69.4	68.8	69.3	69.5	69.4	69.1	68.6	69.6
packageNickel	200	verdict	ok	OFF	ok	OFF	ok	OFF	OFF	ok	ok	OFF	ok	OFF	ok	OFF	ok	ok	ok	ok	ok	ok	ok	ok	OFF	ok	OFF	OFF	OFF	ok	ok	OFF
packageNickel	400	value	68.4	69.0	68.8	69.4	69.0	69.1	69.3	69.0	68.5	68.9	68.8	69.3	69.2	69.3	68.9	69.4	69.1	68.9	69.0	69.1	68.8	69.4	69.5	68.9	69.24	69.4	69.3	69.1	68.7	69.3
packageNickel	400	verdict	ok	ok	ok	OFF	ok	ok	OFF	ok	ok	ok	ok	OFF	ok	OFF	ok	OFF	ok	ok	ok	ok	ok	OFF	OFF	ok	OFF	OFF	OFF	ok	ok	OFF
passesDefensedPerGame	100	value	4.73	5.30	5.02	5.26	5.31	5.42	5.59	4.69	4.93	5.02	5.42	4.91	5.77	4.94	5.03	5.37	5.09	4.73	5.39	5.48	5.18	5.08	5.61	5.24	5.21	5.64	4.96	5.14	5.20	5.44
passesDefensedPerGame	100	verdict	unsourced	unsourced	unsourced	unsourced	unsourced	unsourced	unsourced	unsourced	unsourced	unsourced	unsourced	unsourced	unsourced	unsourced	unsourced	unsourced	unsourced	unsourced	unsourced	unsourced	unsourced	unsourced	unsourced	unsourced	unsourced	unsourced	unsourced	unsourced	unsourced	unsourced
passesDefensedPerGame	200	value	4.89	5.10	4.86	5.27	5.69	5.26	5.29	4.61	5.21	4.89	5.21	4.80	5.67	4.85	5.08	5.02	4.88	4.84	5.28	5.15	5.32	5.31	5.48	5.24	5.32	5.51	5.05	4.94	5.24	5.48
passesDefensedPerGame	200	verdict	unsourced	unsourced	unsourced	unsourced	unsourced	unsourced	unsourced	unsourced	unsourced	unsourced	unsourced	unsourced	unsourced	unsourced	unsourced	unsourced	unsourced	unsourced	unsourced	unsourced	unsourced	unsourced	unsourced	unsourced	unsourced	unsourced	unsourced	unsourced	unsourced	unsourced
passesDefensedPerGame	400	value	4.85	5.13	4.83	5.32	5.49	5.28	5.34	4.84	5.11	4.87	5.06	5.08	5.48	4.85	4.97	5.08	4.94	4.96	5.34	5.13	5.24	5.27	5.42	5.12	5.26	5.52	4.95	4.89	5.19	5.49
passesDefensedPerGame	400	verdict	unsourced	unsourced	unsourced	unsourced	unsourced	unsourced	unsourced	unsourced	unsourced	unsourced	unsourced	unsourced	unsourced	unsourced	unsourced	unsourced	unsourced	unsourced	unsourced	unsourced	unsourced	unsourced	unsourced	unsourced	unsourced	unsourced	unsourced	unsourced	unsourced	unsourced
passingYards	100	value	222.2	206.6	212.4	195.7	186.4	209.1	195.3	212.0	198.6	214.4	190.3	197.0	196.2	211.5	213.1	199.7	210.1	216.4	200.4	203.1	207.3	193.6	189.6	205.6	203.7	206.8	202.2	203.1	203.1	202.2
passingYards	100	verdict	ok	OFF	OFF	OFF	OFF	OFF	OFF	OFF	OFF	OFF	OFF	OFF	OFF	OFF	OFF	OFF	OFF	OFF	OFF	OFF	OFF	OFF	OFF	OFF	OFF	OFF	OFF	OFF	OFF	OFF
passingYards	200	value	217.3	207.8	213.4	201.1	192.7	209.4	201.1	208.4	194.3	207.9	196.2	199.2	194.1	216.0	213.5	197.1	211.8	208.6	202.4	203.8	208.2	196.0	192.1	208.3	201.3	206.5	204.3	204.4	204.4	202.6
passingYards	200	verdict	OFF	OFF	OFF	OFF	OFF	OFF	OFF	OFF	OFF	OFF	OFF	OFF	OFF	OFF	OFF	OFF	OFF	OFF	OFF	OFF	OFF	OFF	OFF	OFF	OFF	OFF	OFF	OFF	OFF	OFF
passingYards	400	value	219.1	208.0	212.4	200.7	195.1	209.6	200.1	206.8	195.7	207.9	199.4	198.1	193.6	213.6	212.4	197.7	210.0	209.1	201.9	207.3	209.4	195.1	193.5	206.8	197.7	203.0	206.2	206.5	204.5	201.5
passingYards	400	verdict	OFF	OFF	OFF	OFF	OFF	OFF	OFF	OFF	OFF	OFF	OFF	OFF	OFF	OFF	OFF	OFF	OFF	OFF	OFF	OFF	OFF	OFF	OFF	OFF	OFF	OFF	OFF	OFF	OFF	OFF
penaltiesPerGame	100	value	15.7	16.0	15.8	15.7	15.2	15.2	15.3	15.7	14.4	14.8	15.2	15.5	14.7	15.4	15.2	14.9	14.9	14.8	14.9	16.2	15.1	15.0	15.2	14.4	15.2	14.8	15.6	14.6	14.8	15.0
penaltiesPerGame	100	verdict	OFF	OFF	OFF	OFF	OFF	OFF	OFF	OFF	OFF	OFF	OFF	OFF	OFF	OFF	OFF	OFF	OFF	OFF	OFF	OFF	OFF	OFF	OFF	OFF	OFF	OFF	OFF	OFF	OFF	OFF
penaltiesPerGame	200	value	15.4	15.4	15.6	15.4	15.2	14.9	15.0	15.9	14.7	14.8	15.4	15.2	15.0	15.4	15.3	14.8	15.3	14.9	14.7	16.1	15.6	14.9	14.9	14.8	14.9	14.7	15.4	15.0	15.1	15.0
penaltiesPerGame	200	verdict	OFF	OFF	OFF	OFF	OFF	OFF	OFF	OFF	OFF	OFF	OFF	OFF	OFF	OFF	OFF	OFF	OFF	OFF	OFF	OFF	OFF	OFF	OFF	OFF	OFF	OFF	OFF	OFF	OFF	OFF
penaltiesPerGame	400	value	15.6	15.1	15.8	15.2	14.7	15.0	15.0	15.7	14.8	14.8	15.4	15.1	14.9	15.1	15.2	15.1	15.5	14.7	14.9	16.3	15.5	15.3	14.7	14.9	14.8	14.9	15.7	14.8	15.2	15.0
penaltiesPerGame	400	verdict	OFF	OFF	OFF	OFF	OFF	OFF	OFF	OFF	OFF	OFF	OFF	OFF	OFF	OFF	OFF	OFF	OFF	OFF	OFF	OFF	OFF	OFF	OFF	OFF	OFF	OFF	OFF	OFF	OFF	OFF
penalty.defensiveHolding	100	value	1.74	1.38	1.74	1.43	1.65	1.58	1.35	1.64	1.31	1.27	1.77	1.61	1.08	1.48	1.65	1.46	1.45	1.23	1.30	1.48	1.58	1.29	1.37	1.59	1.30	1.39	1.46	1.38	1.26	1.17
penalty.defensiveHolding	100	verdict	OFF	OFF	OFF	OFF	OFF	OFF	OFF	OFF	OFF	OFF	OFF	OFF	OFF	OFF	OFF	OFF	OFF	OFF	OFF	OFF	OFF	OFF	OFF	OFF	OFF	OFF	OFF	OFF	OFF	OFF
penalty.defensiveHolding	200	value	1.74	1.45	1.70	1.31	1.57	1.61	1.33	1.61	1.26	1.34	1.63	1.59	1.24	1.51	1.61	1.49	1.53	1.26	1.31	1.52	1.53	1.24	1.30	1.60	1.30	1.44	1.46	1.58	1.33	1.26
penalty.defensiveHolding	200	verdict	OFF	OFF	OFF	OFF	OFF	OFF	OFF	OFF	OFF	OFF	OFF	OFF	OFF	OFF	OFF	OFF	OFF	OFF	OFF	OFF	OFF	OFF	OFF	OFF	OFF	OFF	OFF	OFF	OFF	OFF
penalty.defensiveHolding	400	value	1.75	1.42	1.74	1.34	1.42	1.54	1.31	1.57	1.34	1.41	1.57	1.42	1.32	1.56	1.55	1.48	1.54	1.40	1.30	1.52	1.52	1.31	1.39	1.60	1.26	1.43	1.49	1.54	1.32	1.22
penalty.defensiveHolding	400	verdict	OFF	OFF	OFF	OFF	OFF	OFF	OFF	OFF	OFF	OFF	OFF	OFF	OFF	OFF	OFF	OFF	OFF	OFF	OFF	OFF	OFF	OFF	OFF	OFF	OFF	OFF	OFF	OFF	OFF	OFF
penalty.defensivePassInterference	100	value	1.60	1.69	1.60	1.26	1.20	1.49	1.44	1.62	1.28	1.64	1.65	1.46	1.16	1.55	1.79	1.63	1.47	1.35	1.30	1.62	1.51	1.31	1.25	1.58	1.20	1.33	1.48	1.40	1.43	1.30
penalty.defensivePassInterference	100	verdict	OFF	OFF	OFF	OFF	ok	OFF	OFF	OFF	OFF	OFF	OFF	OFF	ok	OFF	OFF	OFF	OFF	OFF	OFF	OFF	OFF	OFF	OFF	OFF	ok	OFF	OFF	OFF	OFF	OFF
penalty.defensivePassInterference	200	value	1.69	1.59	1.61	1.36	1.34	1.52	1.44	1.54	1.33	1.57	1.54	1.22	1.20	1.56	1.70	1.44	1.45	1.35	1.30	1.57	1.64	1.36	1.25	1.71	1.25	1.39	1.58	1.42	1.42	1.30
penalty.defensivePassInterference	200	verdict	OFF	OFF	OFF	OFF	OFF	OFF	OFF	OFF	OFF	OFF	OFF	ok	ok	OFF	OFF	OFF	OFF	OFF	OFF	OFF	OFF	OFF	OFF	OFF	OFF	OFF	OFF	OFF	OFF	OFF
penalty.defensivePassInterference	400	value	1.59	1.54	1.60	1.35	1.36	1.55	1.46	1.52	1.35	1.51	1.54	1.25	1.16	1.63	1.62	1.45	1.48	1.34	1.31	1.54	1.57	1.27	1.17	1.70	1.31	1.40	1.60	1.45	1.40	1.32
penalty.defensivePassInterference	400	verdict	OFF	OFF	OFF	OFF	OFF	OFF	OFF	OFF	OFF	OFF	OFF	OFF	ok	OFF	OFF	OFF	OFF	OFF	OFF	OFF	OFF	OFF	ok	OFF	OFF	OFF	OFF	OFF	OFF	OFF
penalty.delayOfGame	100	value	0.75	0.77	0.91	0.77	0.82	0.76	0.94	0.78	0.72	0.80	0.72	0.83	0.77	0.75	0.70	0.78	0.96	0.81	0.83	0.88	0.79	0.70	0.92	0.68	0.90	0.72	0.97	0.67	0.67	0.94
penalty.delayOfGame	100	verdict	OFF	OFF	OFF	OFF	OFF	OFF	OFF	OFF	OFF	OFF	OFF	OFF	OFF	OFF	ok	OFF	OFF	OFF	OFF	OFF	OFF	ok	OFF	ok	OFF	OFF	OFF	ok	ok	OFF
penalty.delayOfGame	200	value	0.74	0.82	0.84	0.74	0.82	0.74	0.95	0.79	0.75	0.80	0.76	0.75	0.75	0.71	0.83	0.82	0.84	0.77	0.75	0.82	0.78	0.75	0.83	0.77	0.86	0.71	0.87	0.75	0.66	0.88
penalty.delayOfGame	200	verdict	OFF	OFF	OFF	OFF	OFF	OFF	OFF	OFF	OFF	OFF	OFF	OFF	OFF	ok	OFF	OFF	OFF	OFF	OFF	OFF	OFF	OFF	OFF	OFF	OFF	ok	OFF	OFF	ok	OFF
penalty.delayOfGame	400	value	0.81	0.74	0.82	0.77	0.86	0.78	0.87	0.78	0.78	0.75	0.80	0.69	0.78	0.80	0.83	0.79	0.84	0.75	0.84	0.80	0.77	0.80	0.78	0.77	0.75	0.77	0.82	0.79	0.73	0.83
penalty.delayOfGame	400	verdict	OFF	OFF	OFF	OFF	OFF	OFF	OFF	OFF	OFF	OFF	OFF	ok	OFF	OFF	OFF	OFF	OFF	OFF	OFF	OFF	OFF	OFF	OFF	OFF	OFF	OFF	OFF	OFF	OFF	OFF
penalty.falseStart	100	value	3.06	2.87	2.91	3.23	2.72	2.78	2.84	2.83	2.72	2.64	2.75	2.75	2.72	2.68	2.81	2.72	2.59	2.95	2.60	2.94	2.75	2.96	2.92	2.66	2.76	2.74	2.79	2.59	2.86	2.81
penalty.falseStart	100	verdict	OFF	OFF	OFF	OFF	OFF	OFF	OFF	OFF	OFF	ok	OFF	OFF	OFF	OFF	OFF	OFF	ok	OFF	ok	OFF	OFF	OFF	OFF	ok	OFF	OFF	OFF	ok	OFF	OFF
penalty.falseStart	200	value	3.00	2.72	2.90	3.04	2.89	2.69	2.80	3.10	2.75	2.44	2.74	2.74	2.82	2.81	2.64	2.70	2.86	3.07	2.67	3.03	2.85	2.91	2.92	2.57	2.64	2.71	2.78	2.61	2.81	2.65
penalty.falseStart	200	verdict	OFF	OFF	OFF	OFF	OFF	OFF	OFF	OFF	OFF	ok	OFF	OFF	OFF	OFF	ok	OFF	OFF	OFF	OFF	OFF	OFF	OFF	OFF	ok	ok	OFF	OFF	ok	OFF	ok
penalty.falseStart	400	value	2.99	2.77	2.95	2.95	2.62	2.58	2.70	2.97	2.76	2.57	2.79	2.83	2.77	2.74	2.73	2.76	2.97	2.85	2.81	3.03	2.82	2.97	2.80	2.46	2.69	2.70	2.87	2.61	2.90	2.66
penalty.falseStart	400	verdict	OFF	OFF	OFF	OFF	ok	ok	OFF	OFF	OFF	ok	OFF	OFF	OFF	OFF	OFF	OFF	OFF	OFF	OFF	OFF	OFF	OFF	OFF	ok	OFF	OFF	OFF	ok	OFF	ok
penalty.illegalFormation	100	value	0.21	0.20	0.28	0.22	0.08	0.26	0.18	0.26	0.13	0.25	0.12	0.09	0.17	0.16	0.11	0.12	0.18	0.17	0.25	0.30	0.18	0.18	0.12	0.21	0.14	0.14	0.18	0.21	0.21	0.26
penalty.illegalFormation	100	verdict	ok	ok	ok	ok	OFF	ok	ok	ok	ok	ok	OFF	OFF	ok	ok	OFF	OFF	ok	ok	ok	ok	ok	ok	OFF	ok	ok	ok	ok	ok	ok	ok
penalty.illegalFormation	200	value	0.20	0.21	0.28	0.23	0.14	0.22	0.14	0.24	0.13	0.22	0.16	0.12	0.22	0.15	0.15	0.125	0.21	0.18	0.26	0.27	0.19	0.18	0.14	0.21	0.13	0.14	0.18	0.16	0.24	0.21
penalty.illegalFormation	200	verdict	ok	ok	ok	ok	ok	ok	ok	ok	ok	ok	ok	OFF	ok	ok	ok	OFF	ok	ok	ok	ok	ok	ok	ok	ok	ok	ok	ok	ok	ok	ok
penalty.illegalFormation	400	value	0.20	0.21	0.24	0.22	0.17	0.18	0.16	0.21	0.18	0.18	0.18	0.16	0.19	0.16	0.15	0.16	0.19	0.19	0.23	0.25	0.18	0.19	0.15	0.18	0.14	0.17	0.18	0.17	0.23	0.19
penalty.illegalFormation	400	verdict	ok	ok	ok	ok	ok	ok	ok	ok	ok	ok	ok	ok	ok	ok	ok	ok	ok	ok	ok	ok	ok	ok	ok	ok	ok	ok	ok	ok	ok	ok
penalty.neutralZoneInfraction	100	value	0.55	0.75	0.70	0.55	0.69	0.59	0.65	0.62	0.65	0.57	0.62	0.80	0.76	0.77	0.57	0.57	0.68	0.69	0.62	0.71	0.68	0.70	0.60	0.50	0.78	0.62	0.69	0.45	0.70	0.58
penalty.neutralZoneInfraction	100	verdict	OFF	OFF	OFF	OFF	OFF	OFF	OFF	OFF	OFF	OFF	OFF	OFF	OFF	OFF	OFF	OFF	OFF	OFF	OFF	OFF	OFF	OFF	OFF	OFF	OFF	OFF	OFF	OFF	OFF	OFF
penalty.neutralZoneInfraction	200	value	0.55	0.69	0.61	0.61	0.68	0.59	0.64	0.63	0.64	0.54	0.67	0.72	0.71	0.75	0.56	0.56	0.66	0.57	0.59	0.66	0.68	0.63	0.62	0.56	0.77	0.60	0.65	0.51	0.70	0.62
penalty.neutralZoneInfraction	200	verdict	OFF	OFF	OFF	OFF	OFF	OFF	OFF	OFF	OFF	OFF	OFF	OFF	OFF	OFF	OFF	OFF	OFF	OFF	OFF	OFF	OFF	OFF	OFF	OFF	OFF	OFF	OFF	OFF	OFF	OFF
penalty.neutralZoneInfraction	400	value	0.56	0.65	0.60	0.61	0.62	0.61	0.65	0.65	0.59	0.56	0.68	0.68	0.67	0.64	0.54	0.55	0.69	0.57	0.64	0.68	0.67	0.65	0.59	0.60	0.74	0.58	0.65	0.54	0.64	0.64
penalty.neutralZoneInfraction	400	verdict	OFF	OFF	OFF	OFF	OFF	OFF	OFF	OFF	OFF	OFF	OFF	OFF	OFF	OFF	OFF	OFF	OFF	OFF	OFF	OFF	OFF	OFF	OFF	OFF	OFF	OFF	OFF	OFF	OFF	OFF
penalty.offensiveHolding	100	value	2.22	1.97	1.86	2.16	1.97	2.23	2.04	2.19	2.14	2.18	2.10	2.18	2.03	2.13	1.92	2.02	1.80	2.08	2.01	2.19	2.10	2.07	2.27	1.80	2.36	2.14	2.13	2.05	2.11	2.15
penalty.offensiveHolding	100	verdict	ok	ok	OFF	ok	ok	ok	ok	ok	ok	ok	ok	ok	ok	ok	ok	ok	OFF	ok	ok	ok	ok	ok	ok	OFF	ok	ok	ok	ok	ok	ok
penalty.offensiveHolding	200	value	2.12	2.06	1.85	2.19	1.96	2.05	2.09	2.22	2.11	2.10	2.17	2.22	2.13	2.13	2.12	2.04	1.91	2.03	2.06	2.19	2.25	2.17	2.15	1.89	2.28	2.12	2.12	2.15	2.23	2.20
penalty.offensiveHolding	200	verdict	ok	ok	OFF	ok	ok	ok	ok	ok	ok	ok	ok	ok	ok	ok	ok	ok	ok	ok	ok	ok	ok	ok	ok	ok	ok	ok	ok	ok	ok	ok
penalty.offensiveHolding	400	value	2.15	2.08	2.04	2.17	1.94	2.02	2.15	2.15	2.10	2.02	2.12	2.28	2.27	1.99	2.15	2.07	1.90	2.07	2.10	2.29	2.15	2.20	2.12	1.98	2.25	2.13	2.33	2.08	2.13	2.27
penalty.offensiveHolding	400	verdict	ok	ok	ok	ok	ok	ok	ok	ok	ok	ok	ok	ok	ok	ok	ok	ok	ok	ok	ok	ok	ok	ok	ok	ok	ok	ok	ok	ok	ok	ok
penalty.offside	100	value	0.88	1.01	1.02	0.97	0.96	1.14	0.78	0.82	0.83	0.94	1.06	0.87	0.91	1.07	0.73	0.98	1.06	0.88	0.91	1.03	0.88	0.91	1.00	0.89	1.23	1.00	0.90	0.88	0.77	1.13
penalty.offside	100	verdict	OFF	OFF	OFF	OFF	OFF	OFF	OFF	OFF	OFF	OFF	OFF	OFF	OFF	OFF	OFF	OFF	OFF	OFF	OFF	OFF	OFF	OFF	OFF	OFF	OFF	OFF	OFF	OFF	OFF	OFF
penalty.offside	200	value	0.83	1.03	0.88	1.01	0.95	1.09	0.82	0.85	0.93	1.05	1.09	0.95	1.01	1.02	0.83	1.00	1.05	0.93	0.91	1.00	0.92	0.94	0.96	0.89	1.14	0.95	0.96	0.90	0.82	1.12
penalty.offside	200	verdict	OFF	OFF	OFF	OFF	OFF	OFF	OFF	OFF	OFF	OFF	OFF	OFF	OFF	OFF	OFF	OFF	OFF	OFF	OFF	OFF	OFF	OFF	OFF	OFF	OFF	OFF	OFF	OFF	OFF	OFF
penalty.offside	400	value	0.86	0.97	0.94	1.00	0.99	1.08	0.93	0.97	0.92	1.00	1.03	0.98	1.02	0.96	0.87	1.01	1.03	0.83	0.99	1.07	0.90	1.11	0.97	0.91	1.10	0.92	0.92	0.92	0.93	1.07
penalty.offside	400	verdict	OFF	OFF	OFF	OFF	OFF	OFF	OFF	OFF	OFF	OFF	OFF	OFF	OFF	OFF	OFF	OFF	OFF	OFF	OFF	OFF	OFF	OFF	OFF	OFF	OFF	OFF	OFF	OFF	OFF	OFF
penalty.roughingThePasser	100	value	0.14	0.09	0.05	0.08	0.11	0.14	0.14	0.08	0.05	0.11	0.12	0.12	0.18	0.10	0.11	0.13	0.10	0.11	0.13	0.15	0.06	0.17	0.09	0.09	0.14	0.06	0.13	0.12	0.09	0.05
penalty.roughingThePasser	100	verdict	OFF	OFF	OFF	OFF	OFF	OFF	OFF	OFF	OFF	OFF	OFF	OFF	OFF	OFF	OFF	OFF	OFF	OFF	OFF	OFF	OFF	OFF	OFF	OFF	OFF	OFF	OFF	OFF	OFF	OFF
penalty.roughingThePasser	200	value	0.09	0.09	0.08	0.12	0.16	0.10	0.13	0.10	0.09	0.09	0.12	0.13	0.14	0.10	0.13	0.11	0.07	0.11	0.12	0.11	0.08	0.14	0.13	0.10	0.13	0.09	0.14	0.13	0.10	0.10
penalty.roughingThePasser	200	verdict	OFF	OFF	OFF	OFF	OFF	OFF	OFF	OFF	OFF	OFF	OFF	OFF	OFF	OFF	OFF	OFF	OFF	OFF	OFF	OFF	OFF	OFF	OFF	OFF	OFF	OFF	OFF	OFF	OFF	OFF
penalty.roughingThePasser	400	value	0.11	0.09	0.09	0.11	0.14	0.12	0.12	0.11	0.12	0.08	0.11	0.14	0.14	0.09	0.11	0.11	0.11	0.12	0.11	0.10	0.10	0.13	0.13	0.14	0.10	0.11	0.13	0.11	0.11	0.10
penalty.roughingThePasser	400	verdict	OFF	OFF	OFF	OFF	OFF	OFF	OFF	OFF	OFF	OFF	OFF	OFF	OFF	OFF	OFF	OFF	OFF	OFF	OFF	OFF	OFF	OFF	OFF	OFF	OFF	OFF	OFF	OFF	OFF	OFF
penalty.unnecessaryRoughness	100	value	0.29	0.37	0.28	0.42	0.33	0.22	0.33	0.45	0.39	0.41	0.27	0.34	0.41	0.42	0.40	0.34	0.34	0.27	0.35	0.38	0.42	0.46	0.27	0.37	0.42	0.41	0.40	0.42	0.44	0.37
penalty.unnecessaryRoughness	100	verdict	OFF	OFF	OFF	OFF	OFF	OFF	OFF	OFF	OFF	OFF	OFF	OFF	OFF	OFF	OFF	OFF	OFF	OFF	OFF	OFF	OFF	OFF	OFF	OFF	OFF	OFF	OFF	OFF	OFF	OFF
penalty.unnecessaryRoughness	200	value	0.27	0.36	0.35	0.34	0.31	0.28	0.35	0.42	0.39	0.41	0.31	0.36	0.36	0.41	0.35	0.33	0.35	0.31	0.32	0.34	0.38	0.37	0.33	0.36	0.39	0.42	0.44	0.41	0.43	0.38
penalty.unnecessaryRoughness	200	verdict	OFF	OFF	OFF	OFF	OFF	OFF	OFF	OFF	OFF	OFF	OFF	OFF	OFF	OFF	OFF	OFF	OFF	OFF	OFF	OFF	OFF	OFF	OFF	OFF	OFF	OFF	OFF	OFF	OFF	OFF
penalty.unnecessaryRoughness	400	value	0.31	0.38	0.37	0.35	0.32	0.31	0.34	0.38	0.40	0.42	0.35	0.37	0.33	0.37	0.33	0.33	0.34	0.35	0.32	0.41	0.37	0.38	0.38	0.38	0.36	0.37	0.41	0.37	0.38	0.36
penalty.unnecessaryRoughness	400	verdict	OFF	OFF	OFF	OFF	OFF	OFF	OFF	OFF	OFF	OFF	OFF	OFF	OFF	OFF	OFF	OFF	OFF	OFF	OFF	OFF	OFF	OFF	OFF	OFF	OFF	OFF	OFF	OFF	OFF	OFF
personnel11	100	value	66.8	67.1	66.5	67.0	66.3	67.4	66.8	67.2	66.1	66.9	67.0	66.9	66.9	67.5	67.1	66.9	67.0	66.9	66.4	67.3	66.3	66.7	67.0	67.3	66.9	67.5	67.4	67.0	66.4	67.6
personnel11	100	verdict	ok	ok	ok	ok	ok	ok	ok	ok	ok	ok	ok	ok	ok	ok	ok	ok	ok	ok	ok	ok	ok	ok	ok	ok	ok	ok	ok	ok	ok	ok
personnel11	200	value	66.6	67.1	66.5	67.1	66.5	67.1	67.2	67.0	66.3	66.8	67.1	67.1	66.9	67.2	66.8	66.8	66.5	67.1	66.7	67.1	66.5	67.0	66.9	66.6	67.2	67.4	67.0	67.0	66.2	67.1
personnel11	200	verdict	ok	ok	ok	ok	ok	ok	ok	ok	ok	ok	ok	ok	ok	ok	ok	ok	ok	ok	ok	ok	ok	ok	ok	ok	ok	ok	ok	ok	ok	ok
personnel11	400	value	66.3	67.0	66.7	67.3	66.7	67.1	67.0	67.0	66.3	66.6	66.8	67.2	67.0	67.0	66.8	67.2	66.6	67.0	66.9	67.3	66.3	67.3	67.3	66.6	67.2	67.3	67.0	66.9	66.6	67.1
personnel11	400	verdict	ok	ok	ok	ok	ok	ok	ok	ok	ok	ok	ok	ok	ok	ok	ok	ok	ok	ok	ok	ok	ok	ok	ok	ok	ok	ok	ok	ok	ok	ok
playerGamesLost	100	value	90.2	106.0	89.1	88.7	82.9	94.9	93.3	100.0	93.8	86.2	92.7	79.9	94.4	114.8	100.0	81.7	105.6	104.9	102.2	86.0	94.5	82.5	81.4	95.7	86.4	94.9	101.9	84.9	89.3	90.2
playerGamesLost	100	verdict	unsourced	unsourced	unsourced	unsourced	unsourced	unsourced	unsourced	unsourced	unsourced	unsourced	unsourced	unsourced	unsourced	unsourced	unsourced	unsourced	unsourced	unsourced	unsourced	unsourced	unsourced	unsourced	unsourced	unsourced	unsourced	unsourced	unsourced	unsourced	unsourced	unsourced
playerGamesLost	200	value	97.4	99.7	85.8	84.2	88.5	96.6	91.7	95.0	93.9	87.5	91.9	80.5	96.9	95.3	93.6	81.3	96.4	96.6	96.1	86.7	88.7	87.1	85.3	96.6	85.2	87.8	95.2	84.2	94.4	98.2
playerGamesLost	200	verdict	unsourced	unsourced	unsourced	unsourced	unsourced	unsourced	unsourced	unsourced	unsourced	unsourced	unsourced	unsourced	unsourced	unsourced	unsourced	unsourced	unsourced	unsourced	unsourced	unsourced	unsourced	unsourced	unsourced	unsourced	unsourced	unsourced	unsourced	unsourced	unsourced	unsourced
playerGamesLost	400	value	93.8	92.6	85.6	86.3	90.6	97.0	84.2	90.9	95.5	88.7	95.6	90.4	94.3	98.0	90.4	89.6	97.3	94.6	90.5	88.0	87.8	83.9	85.8	97.4	85.8	88.0	94.9	84.3	96.4	99.2
playerGamesLost	400	verdict	unsourced	unsourced	unsourced	unsourced	unsourced	unsourced	unsourced	unsourced	unsourced	unsourced	unsourced	unsourced	unsourced	unsourced	unsourced	unsourced	unsourced	unsourced	unsourced	unsourced	unsourced	unsourced	unsourced	unsourced	unsourced	unsourced	unsourced	unsourced	unsourced	unsourced
playsFromScrimmage	100	value	67.7	67.4	67.8	67.3	67.2	67.0	67.6	66.8	66.9	67.3	67.2	67.6	67.9	67.5	67.8	67.5	67.7	66.9	66.7	68.2	67.1	67.1	68.0	67.5	67.8	67.9	67.2	68.5	66.8	67.2
playsFromScrimmage	100	verdict	OFF	OFF	OFF	OFF	OFF	OFF	OFF	OFF	OFF	OFF	OFF	OFF	OFF	OFF	OFF	OFF	OFF	OFF	OFF	OFF	OFF	OFF	OFF	OFF	OFF	OFF	OFF	OFF	OFF	OFF
playsFromScrimmage	200	value	67.5	67.4	67.2	67.4	67.6	67.0	67.7	67.3	67.4	67.5	67.3	67.7	68.1	67.6	67.9	67.4	67.5	67.1	66.9	67.7	67.3	67.5	67.9	67.5	68.0	67.6	67.5	68.1	67.0	67.6
playsFromScrimmage	200	verdict	OFF	OFF	OFF	OFF	OFF	OFF	OFF	OFF	OFF	OFF	OFF	OFF	OFF	OFF	OFF	OFF	OFF	OFF	OFF	OFF	OFF	OFF	OFF	OFF	OFF	OFF	OFF	OFF	OFF	OFF
playsFromScrimmage	400	value	67.6	67.4	67.4	67.4	67.5	67.3	67.7	67.2	67.5	67.6	67.1	67.6	68.0	67.2	67.7	67.4	67.5	67.3	67.1	67.8	67.4	67.6	67.9	67.5	67.9	67.4	67.4	67.7	66.7	67.6
playsFromScrimmage	400	verdict	OFF	OFF	OFF	OFF	OFF	OFF	OFF	OFF	OFF	OFF	OFF	OFF	OFF	OFF	OFF	OFF	OFF	OFF	OFF	OFF	OFF	OFF	OFF	OFF	OFF	OFF	OFF	OFF	OFF	OFF
playsPerDrive	100	value	5.9	6.1	6.1	5.9	6.2	6.0	6.0	6.1	6.0	6.14	6.0	5.9	5.9	6.0	6.2	6.0	6.0	6.0	5.9	5.9	6.2	5.9	5.9	6.1	5.9	6.102	6.1	5.8	6.1	5.9
playsPerDrive	100	verdict	ok	ok	ok	ok	OFF	ok	ok	ok	ok	OFF	ok	ok	ok	ok	OFF	ok	ok	ok	ok	ok	OFF	ok	ok	ok	ok	OFF	ok	ok	ok	ok
playsPerDrive	200	value	6.0	6.1	6.1	5.9	6.0	6.0	6.0	6.1	6.0	6.1	6.0	5.9	5.9	6.1	6.14	6.0	6.1	6.1	5.9	6.0	6.14	6.0	5.9	6.1	5.9	6.0	6.0	5.9	6.13	5.8
playsPerDrive	200	verdict	ok	ok	ok	ok	ok	ok	ok	ok	ok	ok	ok	ok	ok	ok	OFF	ok	ok	ok	ok	ok	OFF	ok	ok	ok	ok	ok	ok	ok	OFF	ok
playsPerDrive	400	value	6.0	6.1	6.0	5.9	6.0	6.0	6.0	6.2	6.0	6.1	6.0	5.9	6.0	6.0	6.11	6.0	6.1	6.0	5.9	6.0	6.11	6.0	5.9	6.13	5.9	6.0	6.0	6.0	6.1	5.8
playsPerDrive	400	verdict	ok	ok	ok	ok	ok	ok	ok	OFF	ok	ok	ok	ok	ok	ok	OFF	ok	ok	ok	ok	ok	OFF	ok	ok	OFF	ok	ok	ok	ok	ok	ok
playsPerGame	100	value	170.3	170	171	170	168	168	170.4	168	168	169	169	170	171	170	170.1	170	170.5	169	168	172	168	169	172	169	172	170	168	172	167	169
playsPerGame	100	verdict	OFF	ok	OFF	ok	ok	ok	OFF	ok	ok	ok	ok	ok	OFF	ok	OFF	ok	OFF	ok	ok	OFF	ok	ok	OFF	ok	OFF	ok	ok	OFF	ok	ok
playsPerGame	200	value	170	170	169	170.3	170	168	171	169	169	169	169	170	171	169	170.3	170	170.2	169	168	170.2	169	170	171	169	172	169	169	171	168	170.4
playsPerGame	200	verdict	ok	ok	ok	OFF	ok	ok	OFF	ok	ok	ok	ok	ok	OFF	ok	OFF	ok	OFF	ok	ok	OFF	ok	ok	OFF	ok	OFF	ok	ok	OFF	ok	OFF
playsPerGame	400	value	170	169	170	170	170	169	171	169	170	170	169	170	171	169	170.3	170	170.4	169	169	171	169	170.4	171	169	171	169	169	170.2	167	170.3
playsPerGame	400	verdict	ok	ok	ok	ok	ok	ok	OFF	ok	ok	ok	ok	ok	OFF	ok	OFF	ok	OFF	ok	ok	OFF	ok	OFF	OFF	ok	OFF	ok	ok	OFF	ok	OFF
points	100	value	24.2	24.7	23.9	23.4	23.6	24.0	25.6	25.6	23.9	24.7	23.7	23.0	24.4	23.4	25.8	25.7	25.3	24.0	23.0	23.1	23.7	23.3	24.3	24.6	24.8	23.5	22.3	25.3	23.2	22.5
points	100	verdict	OFF	OFF	ok	ok	ok	ok	OFF	OFF	ok	OFF	ok	ok	OFF	ok	OFF	OFF	OFF	ok	ok	ok	ok	ok	OFF	OFF	OFF	ok	ok	OFF	ok	ok
points	200	value	24.12	24.3	23.9	24.0	24.1	23.7	25.6	24.6	24.3	25.3	24.0	22.6	24.6	23.5	25.7	25.3	25.4	23.3	23.4	22.9	24.14	23.8	24.103	25.1	24.9	23.5	23.2	24.3	23.1	23.4
points	200	verdict	OFF	OFF	ok	ok	ok	ok	OFF	OFF	OFF	OFF	ok	ok	OFF	ok	OFF	OFF	OFF	ok	ok	ok	OFF	ok	OFF	OFF	OFF	ok	ok	OFF	ok	ok
points	400	value	24.0	23.8	23.9	23.8	25.2	23.7	25.4	24.5	24.7	25.5	24.0	22.4	24.4	23.6	25.8	25.0	25.6	23.7	23.2	23.3	24.0	23.5	23.5	24.4	24.5	23.5	23.2	24.8	23.0	23.2
points	400	verdict	ok	ok	ok	ok	OFF	ok	OFF	OFF	OFF	OFF	ok	ok	OFF	ok	OFF	OFF	OFF	ok	ok	ok	ok	ok	ok	OFF	OFF	ok	ok	OFF	ok	ok
pointsFromFieldGoals	100	value	20.4	18.8	19.1	19.6	20.5	18.7	18.4	18.5	18.6	18.0	20.1	21.6	19.9	21.8	16.8	18.4	17.6	19.8	18.4	20.1	20.3	20.5	19.4	21.4	18.7	22.4	21.5	17.6	20.1	22.1
pointsFromFieldGoals	100	verdict	OFF	OFF	OFF	OFF	OFF	OFF	OFF	OFF	OFF	OFF	OFF	ok	OFF	ok	OFF	OFF	OFF	OFF	OFF	OFF	OFF	OFF	OFF	ok	OFF	ok	ok	OFF	OFF	ok
pointsFromFieldGoals	200	value	20.9	18.4	19.4	18.9	19.3	19.3	18.3	19.2	19.5	17.6	19.5	22.1	20.1	20.8	16.9	18.6	18.3	20.1	19.3	20.0	19.8	20.5	19.9	19.2	18.8	21.0	20.4	18.9	20.4	21.6
pointsFromFieldGoals	200	verdict	OFF	OFF	OFF	OFF	OFF	OFF	OFF	OFF	OFF	OFF	OFF	ok	OFF	OFF	OFF	OFF	OFF	OFF	OFF	OFF	OFF	OFF	OFF	OFF	OFF	OFF	OFF	OFF	OFF	ok
pointsFromFieldGoals	400	value	21.2	19.0	19.7	20.0	18.3	19.1	18.8	18.9	19.5	18.5	19.1	22.2	19.3	21.1	17.8	18.5	18.1	19.6	20.1	19.8	19.8	21.0	20.1	19.7	19.2	21.2	20.8	19.2	19.7	21.1
pointsFromFieldGoals	400	verdict	ok	OFF	OFF	OFF	OFF	OFF	OFF	OFF	OFF	OFF	OFF	ok	OFF	ok	OFF	OFF	OFF	OFF	OFF	OFF	OFF	OFF	OFF	OFF	OFF	ok	OFF	OFF	OFF	ok
pointsFromTouchdowns	100	value	68.5	69.5	69.4	68.8	68.3	69.8	69.9	70.2	69.8	70.9	68.5	67.4	68.7	67.3	71.5	70.0	70.8	69.1	70.4	68.7	68.4	68.3	68.7	67.2	69.4	66.3	67.5	70.8	68.9	66.8
pointsFromTouchdowns	100	verdict	ok	ok	ok	ok	ok	ok	ok	OFF	ok	OFF	ok	ok	ok	ok	OFF	ok	OFF	ok	OFF	ok	ok	ok	ok	ok	ok	ok	ok	OFF	ok	ok
pointsFromTouchdowns	200	value	68.1	70.0	69.2	69.5	69.3	69.3	70.2	69.4	69.1	70.9	69.0	66.9	68.5	68.0	71.4	70.0	70.1	68.7	69.6	68.7	68.8	68.0	68.3	69.2	69.6	67.7	68.4	69.7	68.7	67.2
pointsFromTouchdowns	200	verdict	ok	ok	ok	ok	ok	ok	OFF	ok	ok	OFF	ok	ok	ok	ok	OFF	ok	ok	ok	ok	ok	ok	ok	ok	ok	ok	ok	ok	ok	ok	ok
pointsFromTouchdowns	400	value	67.7	69.4	68.8	68.6	70.14	69.4	69.9	69.8	69.1	70.1	69.4	66.8	69.2	67.8	70.6	70.1	70.3	69.1	68.6	68.9	68.8	67.6	68.3	68.9	69.2	67.7	68.1	69.5	69.2	67.7
pointsFromTouchdowns	400	verdict	ok	ok	ok	ok	OFF	ok	ok	ok	ok	ok	ok	ok	ok	ok	OFF	ok	OFF	ok	ok	ok	ok	ok	ok	ok	ok	ok	ok	ok	ok	ok
preSnapRoadVsHome	100	value	1.38	1.46	0.99	1.20	1.21	1.22	1.17	1.20	1.64	1.09	1.192	1.37	1.22	1.33	1.40	1.28	1.19	1.36	1.21	1.43	1.26	1.22	1.191	1.14	1.29	1.20	1.27	1.24	1.01	0.97
preSnapRoadVsHome	100	verdict	OFF	OFF	ok	OFF	OFF	OFF	ok	OFF	OFF	ok	OFF	OFF	OFF	OFF	OFF	OFF	ok	OFF	OFF	OFF	OFF	OFF	OFF	ok	OFF	OFF	OFF	OFF	ok	ok
preSnapRoadVsHome	200	value	1.40	1.41	1.04	1.21	1.29	1.24	1.38	1.16	1.32	1.17	1.17	1.35	1.26	1.29	1.31	1.18	1.18	1.33	1.19005	1.21	1.34	1.23	1.20	1.15	1.35	1.30	1.26	1.38	1.06	1.16
preSnapRoadVsHome	200	verdict	OFF	OFF	ok	OFF	OFF	OFF	OFF	ok	OFF	ok	ok	OFF	OFF	OFF	OFF	ok	ok	OFF	OFF	OFF	OFF	OFF	OFF	ok	OFF	OFF	OFF	OFF	ok	ok
preSnapRoadVsHome	400	value	1.22	1.28	1.13	1.21	1.34	1.30	1.25	1.21	1.40	1.23	1.30	1.23	1.24	1.30	1.25	1.20	1.27	1.27	1.22	1.21	1.32	1.21	1.26	1.22	1.22	1.41	1.23	1.24	1.16	1.16
preSnapRoadVsHome	400	verdict	OFF	OFF	ok	OFF	OFF	OFF	OFF	OFF	OFF	OFF	OFF	OFF	OFF	OFF	OFF	OFF	OFF	OFF	OFF	OFF	OFF	OFF	OFF	OFF	OFF	OFF	OFF	OFF	ok	ok
pressureRate	100	value	24.8	26.8	27.6	26.4	26.9	25.6	26.9	26.2	25.8	26.0	27.7	27.7	27.3	25.6	25.1	27.1	26.4	25.7	27.2	24.9	27.1	27.5	26.7	25.8	28.2	26.8	25.1	27.5	26.8	25.8
pressureRate	100	verdict	OFF	OFF	OFF	OFF	OFF	OFF	OFF	OFF	OFF	OFF	OFF	OFF	OFF	OFF	OFF	OFF	OFF	OFF	OFF	OFF	OFF	OFF	OFF	OFF	ok	OFF	OFF	OFF	OFF	OFF
pressureRate	200	value	25.1	27.0	27.3	26.4	26.6	25.9	27.5	26.3	26.1	25.5	27.9	26.9	27.0	25.3	25.9	27.2	26.4	26.4	26.8	24.8	26.9	28.1	27.3	26.2	27.6	26.8	25.8	27.9	26.8	26.1
pressureRate	200	verdict	OFF	OFF	OFF	OFF	OFF	OFF	OFF	OFF	OFF	OFF	ok	OFF	OFF	OFF	OFF	OFF	OFF	OFF	OFF	OFF	OFF	ok	OFF	OFF	OFF	OFF	OFF	ok	OFF	OFF
pressureRate	400	value	25.0	27.1	27.2	27.0	26.3	25.9	27.7	26.0	26.5	25.3	27.8	27.2	27.0	25.4	26.2	27.1	26.3	26.3	26.9	25.2	27.0	27.78	26.8	26.1	27.5	26.6	26.2	27.3	26.5	26.1
pressureRate	400	verdict	OFF	OFF	OFF	OFF	OFF	OFF	OFF	OFF	OFF	OFF	ok	OFF	OFF	OFF	OFF	OFF	OFF	OFF	OFF	OFF	OFF	OFF	OFF	OFF	OFF	OFF	OFF	OFF	OFF	OFF
puntReturnYards	100	value	11.0	12.7	11.6	11.6	11.8	12.1	12.8	11.7	11.7	11.9	11.9	12.7	11.1	11.9	12.3	11.6	12.2	11.2	12.2	11.8	11.7	11.6	12.6	11.6	11.8	11.8	11.3	12.0	11.5	11.7
puntReturnYards	100	verdict	OFF	OFF	OFF	OFF	OFF	OFF	OFF	OFF	OFF	OFF	OFF	OFF	OFF	OFF	OFF	OFF	OFF	OFF	OFF	OFF	OFF	OFF	OFF	OFF	OFF	OFF	OFF	OFF	OFF	OFF
puntReturnYards	200	value	11.7	12.1	11.7	11.7	11.7	12.1	12.7	11.9	11.4	11.8	12.4	12.3	11.2	11.8	12.5	11.7	12.5	11.5	12.1	11.7	11.5	11.4	12.3	11.7	11.9	11.8	11.8	11.9	11.8	11.8
puntReturnYards	200	verdict	OFF	OFF	OFF	OFF	OFF	OFF	OFF	OFF	OFF	OFF	OFF	OFF	OFF	OFF	OFF	OFF	OFF	OFF	OFF	OFF	OFF	OFF	OFF	OFF	OFF	OFF	OFF	OFF	OFF	OFF
puntReturnYards	400	value	11.8	12.1	11.7	11.7	11.8	11.7	12.4	11.9	11.3	11.8	11.9	11.8	11.2	12.1	12.5	11.9	12.2	11.7	12.1	12.2	11.4	11.6	12.1	11.7	12.0	11.8	11.5	11.9	11.9	11.8
puntReturnYards	400	verdict	OFF	OFF	OFF	OFF	OFF	OFF	OFF	OFF	OFF	OFF	OFF	OFF	OFF	OFF	OFF	OFF	OFF	OFF	OFF	OFF	OFF	OFF	OFF	OFF	OFF	OFF	OFF	OFF	OFF	OFF
puntTouchbacksFromPlusTerritory	100	value	2.0	3.0	2.6	7.1	3.9	3.6	2.0	2.0	1.0	0.0	0.0	8.2	1.0	4.1	0.8	2.8	1.9	4.1	5.3	1.0	5.7	3.6	4.7	3.0	2.1	1.1	5.5	2.2	3.3	2.0
puntTouchbacksFromPlusTerritory	100	verdict	OFF	OFF	OFF	OFF	OFF	OFF	OFF	OFF	OFF	OFF	OFF	OFF	OFF	OFF	OFF	OFF	OFF	OFF	OFF	OFF	OFF	OFF	OFF	OFF	OFF	OFF	OFF	OFF	OFF	OFF
puntTouchbacksFromPlusTerritory	200	value	2.4	3.3	3.1	4.4	2.7	2.4	1.8	2.5	0.9	1.8	0.9	4.2	1.1	3.8	0.9	2.8	2.6	4.2	2.6	1.4	5.6	3.8	5.1	2.7	3.2	2.7	5.1	1.5	4.4	2.8
puntTouchbacksFromPlusTerritory	200	verdict	OFF	OFF	OFF	OFF	OFF	OFF	OFF	OFF	OFF	OFF	OFF	OFF	OFF	OFF	OFF	OFF	OFF	OFF	OFF	OFF	OFF	OFF	OFF	OFF	OFF	OFF	OFF	OFF	OFF	OFF
puntTouchbacksFromPlusTerritory	400	value	3.6	2.4	2.8	3.1	2.6	2.7	1.6	3.0	1.5	2.9	1.4	3.8	2.1	2.9	1.4	2.7	2.4	3.3	1.7	1.8	4.2	3.0	3.8	2.8	3.9	3.1	3.0	2.1	4.9	1.9
puntTouchbacksFromPlusTerritory	400	verdict	OFF	OFF	OFF	OFF	OFF	OFF	OFF	OFF	OFF	OFF	OFF	OFF	OFF	OFF	OFF	OFF	OFF	OFF	OFF	OFF	OFF	OFF	OFF	OFF	OFF	OFF	OFF	OFF	OFF	OFF
puntsPerTeamGame	100	value	4.4	4.4	4.43	4.8	4.0	4.5	4.3	4.0	4.41	4.0	4.6	4.7	4.5	4.43	4.1	4.2	4.3	4.4	4.5	4.8	4.2	4.42	4.8	4.1	4.8	4.3	4.5	4.8	4.2	4.8
puntsPerTeamGame	100	verdict	ok	ok	OFF	OFF	ok	OFF	ok	ok	OFF	ok	OFF	OFF	OFF	OFF	ok	ok	ok	ok	OFF	OFF	ok	OFF	OFF	ok	OFF	ok	OFF	OFF	ok	OFF
puntsPerTeamGame	200	value	4.3	4.43	4.3	4.7	4.4	4.5	4.3	4.1	4.5	4.1	4.5	4.7	4.42	4.3	4.2	4.2	4.2	4.4	4.5	4.7	4.3	4.5	4.7	4.2	4.7	4.44	4.6	4.6	4.3	4.8
puntsPerTeamGame	200	verdict	ok	OFF	ok	OFF	ok	OFF	ok	ok	OFF	ok	OFF	OFF	OFF	ok	ok	ok	ok	ok	OFF	OFF	ok	OFF	OFF	ok	OFF	OFF	OFF	OFF	ok	OFF
puntsPerTeamGame	400	value	4.4	4.43	4.41	4.6	4.3	4.5	4.3	4.2	4.3	4.2	4.4	4.8	4.43	4.3	4.2	4.3	4.2	4.4	4.6	4.6	4.3	4.6	4.7	4.2	4.6	4.5	4.6	4.404	4.3	4.8
puntsPerTeamGame	400	verdict	ok	OFF	OFF	OFF	ok	OFF	ok	ok	ok	ok	ok	OFF	OFF	ok	ok	ok	ok	ok	OFF	OFF	ok	OFF	OFF	ok	OFF	OFF	OFF	OFF	ok	OFF
puntsReturned	100	value	46.8	39.0	43.6	43.1	39.8	44.0	42.7	46.0	40.5	41.1	43.1	40.4	41.3	45.1	39.9	43.8	43.1	39.5	39.4	43.3	41.9	39.5	45.0	41.4	42.0	45.4	44.7	40.6	45.9	42.9
puntsReturned	100	verdict	OFF	OFF	ok	ok	OFF	ok	ok	OFF	ok	ok	ok	OFF	ok	ok	OFF	ok	ok	OFF	OFF	ok	ok	OFF	ok	ok	ok	OFF	ok	ok	OFF	ok
puntsReturned	200	value	44.5	40.2	42.6	42.7	39.7	43.6	44.5	43.6	42.1	42.3	44.4	41.8	41.5	44.2	40.2	41.4	42.9	40.0	40.4	44.2	40.6	41.6	42.5	43.0	39.5	45.8	43.6	41.3	43.8	43.3
puntsReturned	200	verdict	ok	OFF	ok	ok	OFF	ok	ok	ok	ok	ok	ok	ok	ok	ok	OFF	ok	ok	OFF	OFF	ok	ok	ok	ok	ok	OFF	OFF	ok	ok	ok	ok
puntsReturned	400	value	44.0	41.3	42.6	41.9	41.3	43.4	42.4	43.4	41.6	41.3	44.3	41.8	41.1	42.6	41.1	42.8	42.6	42.4	40.8	43.8	41.3	41.1	43.1	42.5	40.1	44.7	43.2	41.0	43.1	42.8
puntsReturned	400	verdict	ok	ok	ok	ok	ok	ok	ok	ok	ok	ok	ok	ok	ok	ok	ok	ok	ok	ok	ok	ok	ok	ok	ok	ok	OFF	ok	ok	ok	ok	ok
redZoneTouchdownRate	100	value	58.7	62.8	61.4	59.6	57.2	60.9	62.6	62.1	59.9	62.1	60.9	58.7	61.4	57.2	64.5	62.1	62.9	59.7	61.0	61.6	60.1	59.0	62.1	61.0	62.5	58.3	57.5	63.1	57.2	56.4
redZoneTouchdownRate	100	verdict	ok	OFF	OFF	OFF	ok	OFF	OFF	OFF	OFF	OFF	OFF	ok	OFF	ok	OFF	OFF	OFF	OFF	OFF	OFF	OFF	ok	OFF	OFF	OFF	ok	ok	OFF	ok	ok
redZoneTouchdownRate	200	value	58.0	63.0	61.4	60.4	58.9	60.2	61.8	61.6	60.3	62.2	61.5	58.0	59.7	58.1	64.9	62.6	62.0	58.9	61.2	60.0	60.3	58.3	60.4	62.9	62.3	59.2	58.1	62.1	57.9	57.7
redZoneTouchdownRate	200	verdict	ok	OFF	OFF	OFF	ok	OFF	OFF	OFF	OFF	OFF	OFF	ok	OFF	ok	OFF	OFF	OFF	ok	OFF	OFF	OFF	ok	OFF	OFF	OFF	OFF	ok	OFF	ok	ok
redZoneTouchdownRate	400	value	58.0	61.8	61.2	59.9	61.2	60.5	62.3	62.3	60.2	62.0	61.4	57.9	61.3	57.3	63.9	62.7	62.3	60.2	60.6	59.5	59.9	59.14	60.0	62.1	61.3	59.5	58.4	62.0	59.4	58.2
redZoneTouchdownRate	400	verdict	ok	OFF	OFF	OFF	OFF	OFF	OFF	OFF	OFF	OFF	OFF	ok	OFF	ok	OFF	OFF	OFF	OFF	OFF	OFF	OFF	OFF	OFF	OFF	OFF	OFF	ok	OFF	OFF	ok
redZoneTripsPerTeamGame	100	value	3.44	3.43	3.43	3.33	3.54	3.33	3.48	3.67	3.51	3.51	3.40	3.29	3.37	3.43	3.54	3.56	3.52	3.37	3.37	3.36	3.35	3.31	3.33	3.58	3.31	3.24	3.36	3.59	3.50	3.22
redZoneTripsPerTeamGame	100	verdict	ok	ok	ok	ok	ok	ok	ok	OFF	ok	ok	ok	ok	ok	ok	ok	OFF	ok	ok	ok	ok	ok	ok	ok	OFF	ok	ok	ok	OFF	ok	ok
redZoneTripsPerTeamGame	200	value	3.42	3.38	3.38	3.39	3.50	3.31	3.56	3.53	3.47	3.56	3.42	3.29	3.48	3.47	3.49	3.46	3.60	3.37	3.34	3.35	3.42	3.37	3.36	3.58	3.42	3.27	3.36	3.42	3.47	3.31
redZoneTripsPerTeamGame	200	verdict	ok	ok	ok	ok	ok	ok	OFF	ok	ok	OFF	ok	ok	ok	ok	ok	ok	OFF	ok	ok	ok	ok	ok	ok	OFF	ok	ok	ok	ok	ok	ok
redZoneTripsPerTeamGame	400	value	3.41	3.34	3.35	3.34	3.52	3.35	3.53	3.49	3.47	3.57	3.44	3.22	3.42	3.44	3.54	3.44	3.59	3.41	3.29	3.37	3.48	3.32	3.27	3.51	3.39	3.31	3.35	3.50	3.36	3.30
redZoneTripsPerTeamGame	400	verdict	ok	ok	ok	ok	ok	ok	ok	ok	ok	OFF	ok	ok	ok	ok	ok	ok	OFF	ok	ok	ok	ok	ok	ok	ok	ok	ok	ok	ok	ok	ok
runShare.fourthLong	100	value	0.0	0.0	9.5	0.0	0.0	6.3	5.0	7.4	4.0	10.7	2.8	4.3	10.0	3.8	10.3	0.0	0.0	14.8	3.7	0.0	0.0	6.9	4.0	7.7	2.9	0.0	0.0	2.9	6.3	0.0
runShare.fourthLong	100	verdict	OFF	OFF	OFF	OFF	OFF	ok	ok	ok	ok	OFF	ok	ok	OFF	ok	OFF	OFF	OFF	OFF	ok	OFF	OFF	ok	ok	OFF	ok	OFF	OFF	ok	ok	OFF
runShare.fourthLong	200	value	5.6	7.0	6.3	3.2	1.8	5.8	4.8	3.3	5.8	6.0	4.5	1.8	10.1	6.0	13.7	2.0	0.0	14.9	1.8	3.7	7.8	3.3	3.9	4.3	3.2	1.9	1.9	3.4	5.3	6.0
runShare.fourthLong	200	verdict	ok	ok	ok	ok	ok	ok	ok	ok	ok	ok	ok	ok	OFF	ok	OFF	ok	OFF	OFF	ok	ok	OFF	ok	ok	ok	ok	ok	ok	ok	ok	ok
runShare.fourthLong	400	value	5.1	4.1	5.7	2.8	5.9	2.7	4.2	3.6	3.7	4.6	5.7	3.2	8.3	3.4	9.2	3.8	8.6	12.1	5.6	8.0	4.3	3.3	2.6	4.0	2.5	6.1	4.6	3.8	6.2	9.0
runShare.fourthLong	400	verdict	ok	ok	ok	ok	ok	ok	ok	ok	ok	ok	ok	ok	OFF	ok	OFF	ok	OFF	OFF	ok	OFF	ok	ok	ok	ok	ok	ok	ok	ok	ok	OFF
runShare.fourthMedium	100	value	16.3	10.2	17.8	14.7	15.8	15.6	16.3	14.0	18.2	16.1	25.0	17.8	7.3	16.3	15.0	24.4	8.8	15.8	14.3	11.1	6.8	8.3	17.9	10.9	17.9	2.1	12.8	16.7	11.6	29.1
runShare.fourthMedium	100	verdict	OFF	ok	OFF	OFF	OFF	OFF	OFF	OFF	OFF	OFF	OFF	OFF	ok	OFF	OFF	OFF	ok	OFF	OFF	ok	ok	ok	OFF	ok	OFF	ok	OFF	OFF	OFF	OFF
runShare.fourthMedium	200	value	16.9	12.8	18.6	15.5	15.1	15.0	17.6	15.9	16.7	13.8	20.3	14.9	10.8	18.9	11.54	19.4	14.6	14.7	13.8	12.6	7.7	11.4	12.0	9.0	13.8	11.9	13.8	20.2	10.2	24.8
runShare.fourthMedium	200	verdict	OFF	OFF	OFF	OFF	OFF	OFF	OFF	OFF	OFF	OFF	OFF	OFF	ok	OFF	OFF	OFF	OFF	OFF	OFF	OFF	ok	ok	OFF	ok	OFF	OFF	OFF	OFF	ok	OFF
runShare.fourthMedium	400	value	18.3	14.5	19.9	12.9	11.7	15.9	15.9	15.7	17.4	10.7	16.4	15.1	10.1	18.0	14.7	17.4	14.2	12.8	17.4	14.2	11.0	16.1	12.1	15.2	10.3	16.0	13.2	19.4	13.7	19.6
runShare.fourthMedium	400	verdict	OFF	OFF	OFF	OFF	OFF	OFF	OFF	OFF	OFF	ok	OFF	OFF	ok	OFF	OFF	OFF	OFF	OFF	OFF	OFF	ok	OFF	OFF	OFF	ok	OFF	OFF	OFF	OFF	OFF
runShare.fourthShort	100	value	92.3	84.7	94.0	90.9	89.1	92.6	90.4	90.9	92.9	85.3	88.9	93.7	88.9	91.2	93.3	89.3	90.5	90.1	88.8	85.5	90.7	93.3	89.5	89.6	88.8	88.9	89.9	89.8	90.5	88.2
runShare.fourthShort	100	verdict	OFF	OFF	OFF	OFF	OFF	OFF	OFF	OFF	OFF	OFF	OFF	OFF	OFF	OFF	OFF	OFF	OFF	OFF	OFF	OFF	OFF	OFF	OFF	OFF	OFF	OFF	OFF	OFF	OFF	OFF
runShare.fourthShort	200	value	92.6	87.7	93.4	88.8	89.0	90.3	89.5	90.7	92.6	86.3	87.8	94.1	88.7	87.9	92.1	90.0	89.4	89.7	89.7	86.7	89.2	91.0	88.5	90.6	89.1	90.8	89.4	91.8	92.1	87.6
runShare.fourthShort	200	verdict	OFF	OFF	OFF	OFF	OFF	OFF	OFF	OFF	OFF	OFF	OFF	OFF	OFF	OFF	OFF	OFF	OFF	OFF	OFF	OFF	OFF	OFF	OFF	OFF	OFF	OFF	OFF	OFF	OFF	OFF
runShare.fourthShort	400	value	91.7	88.6	91.9	89.2	89.7	90.4	89.8	90.0	90.7	87.6	87.8	93.2	88.2	89.5	91.3	89.8	90.2	89.6	91.3	88.8	90.8	91.0	89.0	90.0	89.8	91.1	89.6	90.6	91.4	89.1
runShare.fourthShort	400	verdict	OFF	OFF	OFF	OFF	OFF	OFF	OFF	OFF	OFF	OFF	OFF	OFF	OFF	OFF	OFF	OFF	OFF	OFF	OFF	OFF	OFF	OFF	OFF	OFF	OFF	OFF	OFF	OFF	OFF	OFF
runShare.secondLong	100	value	23.2	22.9	23.1	20.8	22.7	22.8	23.2	22.9	23.2	22.0	21.7	21.7	21.0	21.7	22.9	21.4	22.5	23.3	21.4	23.0	23.4	22.8	23.6	22.5	22.5	22.5	21.3	23.2	24.1	23.7
runShare.secondLong	100	verdict	OFF	OFF	OFF	OFF	OFF	OFF	OFF	OFF	OFF	OFF	OFF	OFF	OFF	OFF	OFF	OFF	OFF	OFF	OFF	OFF	OFF	OFF	OFF	OFF	OFF	OFF	OFF	OFF	OFF	OFF
runShare.secondLong	200	value	23.0	23.2	23.6	21.5	22.5	22.5	23.0	23.0	23.5	22.2	22.0	22.6	21.7	22.5	22.3	22.0	23.2	23.3	22.8	23.3	22.6	22.3	24.0	23.1	23.1	22.9	22.1	23.2	23.6	22.7
runShare.secondLong	200	verdict	OFF	OFF	OFF	OFF	OFF	OFF	OFF	OFF	OFF	OFF	OFF	OFF	OFF	OFF	OFF	OFF	OFF	OFF	OFF	OFF	OFF	OFF	OFF	OFF	OFF	OFF	OFF	OFF	OFF	OFF
runShare.secondLong	400	value	23.0	23.5	23.0	22.2	23.3	22.7	22.5	22.8	23.7	22.4	22.3	23.0	22.6	22.8	22.7	22.1	23.2	22.7	22.7	22.9	22.5	22.2	23.4	22.5	22.8	23.0	22.6	22.6	23.3	22.9
runShare.secondLong	400	verdict	OFF	OFF	OFF	OFF	OFF	OFF	OFF	OFF	OFF	OFF	OFF	OFF	OFF	OFF	OFF	OFF	OFF	OFF	OFF	OFF	OFF	OFF	OFF	OFF	OFF	OFF	OFF	OFF	OFF	OFF
runShare.secondMedium	100	value	51.4	53.0	51.61	50.2	52.6	52.6	55.3	50.3	51.1	52.3	51.6	50.8	51.9	50.6	49.3	52.1	49.6	51.8	50.9	51.3	51.1	50.9	51.9	55.8	50.4	52.0	50.7	51.4	51.8	50.0
runShare.secondMedium	100	verdict	ok	OFF	OFF	ok	OFF	OFF	OFF	ok	ok	OFF	ok	ok	OFF	ok	ok	OFF	ok	OFF	ok	ok	ok	ok	OFF	OFF	ok	OFF	ok	ok	OFF	ok
runShare.secondMedium	200	value	52.4	51.7	50.4	51.3	52.2	51.1	52.8	51.0	51.0	53.0	52.2	51.2	51.9	51.0	50.1	51.0	50.4	52.5	51.7	51.2	51.1	51.5	52.2	53.2	49.0	51.5	50.3	50.0	53.1	50.9
runShare.secondMedium	200	verdict	OFF	OFF	ok	ok	OFF	ok	OFF	ok	ok	OFF	OFF	ok	OFF	ok	ok	ok	ok	OFF	OFF	ok	ok	ok	OFF	OFF	ok	ok	ok	ok	OFF	ok
runShare.secondMedium	400	value	51.9	52.7	50.9	51.4	51.7	52.2	52.1	51.5	51.3	52.2	51.9	50.8	51.8	51.1	51.3	51.9	51.9	52.1	51.2	51.8	50.4	51.9	51.8	53.0	51.1	52.3	51.4	50.8	52.7	50.7
runShare.secondMedium	400	verdict	OFF	OFF	ok	ok	OFF	OFF	OFF	ok	ok	OFF	OFF	ok	OFF	ok	ok	OFF	OFF	OFF	ok	OFF	ok	OFF	OFF	OFF	ok	OFF	ok	ok	OFF	ok
runShare.secondShort	100	value	66.7	67.0	63.7	67.0	69.1	64.4	67.1	67.3	66.4	66.6	68.2	65.5	67.4	66.2	63.7	67.4	63.7	68.8	66.9	68.2	69.8	66.8	65.5	66.7	65.7	67.8	68.4	67.7	64.9	68.4
runShare.secondShort	100	verdict	OFF	OFF	ok	OFF	OFF	ok	OFF	OFF	OFF	OFF	OFF	OFF	OFF	OFF	ok	OFF	ok	OFF	OFF	OFF	OFF	OFF	OFF	OFF	OFF	OFF	OFF	OFF	ok	OFF
runShare.secondShort	200	value	65.9	66.4	65.9	66.2	69.0	65.23	67.0	65.2	66.8	66.9	67.8	65.5	66.0	67.1	63.8	66.1	64.5	66.3	66.0	69.0	68.8	66.2	66.1	68.0	66.4	66.0	67.5	66.3	65.7	67.8
runShare.secondShort	200	verdict	OFF	OFF	OFF	OFF	OFF	OFF	OFF	ok	OFF	OFF	OFF	OFF	OFF	OFF	ok	OFF	ok	OFF	OFF	OFF	OFF	OFF	OFF	OFF	OFF	OFF	OFF	OFF	OFF	OFF
runShare.secondShort	400	value	65.5	66.6	66.6	66.7	69.0	65.8	67.3	65.9	67.1	66.9	66.2	64.9	67.0	66.9	65.3	67.7	65.2	65.4	65.5	67.7	69.3	67.8	66.0	68.2	66.9	66.5	67.0	66.1	66.6	67.0
runShare.secondShort	400	verdict	OFF	OFF	OFF	OFF	OFF	OFF	OFF	OFF	OFF	OFF	OFF	ok	OFF	OFF	OFF	OFF	ok	OFF	OFF	OFF	OFF	OFF	OFF	OFF	OFF	OFF	OFF	OFF	OFF	OFF
runShare.thirdLong	100	value	9.1	8.6	7.9	8.8	9.4	10.2	8.9	10.3	10.0	9.3	8.9	9.0	9.9	8.8	9.5	8.6	11.0	10.2	8.8	8.4	9.4	9.3	9.6	10.3	10.0	10.4	8.3	9.6	9.6	9.3
runShare.thirdLong	100	verdict	ok	ok	ok	ok	OFF	OFF	ok	OFF	OFF	OFF	ok	ok	OFF	ok	OFF	ok	OFF	OFF	ok	ok	OFF	OFF	OFF	OFF	OFF	OFF	ok	OFF	OFF	OFF
runShare.thirdLong	200	value	9.0	8.8	9.4	9.4	8.6	10.2	9.2	9.9	10.0	8.8	8.7	9.5	9.7	8.4	8.4	9.6	10.6	9.8	9.8	9.4	9.7	9.7	9.5	10.5	9.7	9.9	9.3	10.0	9.7	9.8
runShare.thirdLong	200	verdict	ok	ok	OFF	OFF	ok	OFF	OFF	OFF	OFF	ok	ok	OFF	OFF	ok	ok	OFF	OFF	OFF	OFF	OFF	OFF	OFF	OFF	OFF	OFF	OFF	OFF	OFF	OFF	OFF
runShare.thirdLong	400	value	9.14	9.3	9.3	9.8	9.2	10.0	9.0	9.2	9.5	9.2	8.9	9.6	9.8	9.3	8.9	9.7	10.1	10.0	9.7	9.3	9.3	9.15	9.3	9.7	8.9	10.0	9.7	10.1	9.8	9.9
runShare.thirdLong	400	verdict	OFF	OFF	OFF	OFF	OFF	OFF	ok	OFF	OFF	OFF	ok	OFF	OFF	OFF	ok	OFF	OFF	OFF	OFF	OFF	OFF	OFF	OFF	OFF	ok	OFF	OFF	OFF	OFF	OFF
runShare.thirdMedium	100	value	18.1	19.7	19.8	21.8	24.6	19.0	20.7	19.5	21.8	22.5	21.2	21.0	23.4	20.4	21.0	23.7	22.8	22.4	21.7	18.6	22.1	21.1	23.4	18.8	23.1	19.9	23.1	23.4	20.1	23.0
runShare.thirdMedium	100	verdict	OFF	OFF	OFF	OFF	OFF	OFF	OFF	OFF	OFF	OFF	OFF	OFF	OFF	OFF	OFF	OFF	OFF	OFF	OFF	OFF	OFF	OFF	OFF	OFF	OFF	OFF	OFF	OFF	OFF	OFF
runShare.thirdMedium	200	value	20.9	22.2	20.8	22.5	21.9	19.9	22.2	20.2	22.0	21.9	22.0	21.3	24.3	20.4	22.4	23.7	22.8	22.3	21.8	21.3	23.5	21.4	23.3	19.2	23.0	21.5	21.7	23.4	20.4	23.7
runShare.thirdMedium	200	verdict	OFF	OFF	OFF	OFF	OFF	OFF	OFF	OFF	OFF	OFF	OFF	OFF	OFF	OFF	OFF	OFF	OFF	OFF	OFF	OFF	OFF	OFF	OFF	OFF	OFF	OFF	OFF	OFF	OFF	OFF
runShare.thirdMedium	400	value	21.4	21.8	20.7	21.9	21.4	20.8	21.9	21.0	21.6	21.5	21.6	21.1	23.5	20.3	21.0	22.5	22.5	22.0	22.0	21.3	22.9	20.9	22.3	20.8	22.9	21.6	21.4	22.4	21.1	23.4
runShare.thirdMedium	400	verdict	OFF	OFF	OFF	OFF	OFF	OFF	OFF	OFF	OFF	OFF	OFF	OFF	OFF	OFF	OFF	OFF	OFF	OFF	OFF	OFF	OFF	OFF	OFF	OFF	OFF	OFF	OFF	OFF	OFF	OFF
runShare.thirdShort	100	value	95.2	93.4	95.2	94.9	92.9	94.8	93.3	94.4	95.3	93.1	93.9	95.4	93.7	92.6	94.4	94.3	93.0	94.7	94.3	92.4	94.7	95.2	92.6	94.1	93.1	93.5	94.4	94.7	92.2	95.8
runShare.thirdShort	100	verdict	OFF	OFF	OFF	OFF	OFF	OFF	OFF	OFF	OFF	OFF	OFF	OFF	OFF	OFF	OFF	OFF	OFF	OFF	OFF	OFF	OFF	OFF	OFF	OFF	OFF	OFF	OFF	OFF	OFF	OFF
runShare.thirdShort	200	value	94.9	93.6	94.9	94.6	93.6	94.8	93.2	94.0	94.4	94.1	93.0	95.0	94.0	93.1	94.4	94.4	93.3	94.7	94.7	93.1	94.2	94.9	93.1	93.8	94.2	93.7	94.4	94.7	93.1	94.5
runShare.thirdShort	200	verdict	OFF	OFF	OFF	OFF	OFF	OFF	OFF	OFF	OFF	OFF	OFF	OFF	OFF	OFF	OFF	OFF	OFF	OFF	OFF	OFF	OFF	OFF	OFF	OFF	OFF	OFF	OFF	OFF	OFF	OFF
runShare.thirdShort	400	value	94.6	93.6	94.1	94.3	93.5	94.3	93.5	94.2	94.1	94.0	93.2	95.2	93.6	94.3	94.3	94.2	93.9	93.8	94.7	94.2	94.5	95.0	93.6	94.1	94.4	93.8	94.6	94.1	93.9	94.4
runShare.thirdShort	400	verdict	OFF	OFF	OFF	OFF	OFF	OFF	OFF	OFF	OFF	OFF	OFF	OFF	OFF	OFF	OFF	OFF	OFF	OFF	OFF	OFF	OFF	OFF	OFF	OFF	OFF	OFF	OFF	OFF	OFF	OFF
rushingYards	100	value	137.3	139.0	134.2	141.4	161.0	139.6	165.3	143.0	158.8	147.5	146.5	140.0	157.6	135.5	156.2	160.9	148.3	141.4	141.2	132.5	142.2	145.9	154.7	141.9	143.5	138.4	137.7	145.5	143.1	136.6
rushingYards	100	verdict	OFF	OFF	OFF	OFF	OFF	OFF	OFF	OFF	OFF	OFF	OFF	OFF	OFF	OFF	OFF	OFF	OFF	OFF	OFF	OFF	OFF	OFF	OFF	OFF	OFF	OFF	OFF	OFF	OFF	OFF
rushingYards	200	value	136.2	139.4	133.2	144.3	160.6	134.7	160.3	143.2	159.7	151.1	146.8	138.6	160.8	136.5	153.6	157.8	146.0	139.5	141.3	134.7	144.1	148.6	155.8	142.1	148.8	140.4	139.8	143.8	141.0	138.9
rushingYards	200	verdict	OFF	OFF	OFF	OFF	OFF	OFF	OFF	OFF	OFF	OFF	OFF	OFF	OFF	OFF	OFF	OFF	OFF	OFF	OFF	OFF	OFF	OFF	OFF	OFF	OFF	OFF	OFF	OFF	OFF	OFF
rushingYards	400	value	133.1	138.2	132.5	143.6	162.3	135.7	158.7	143.7	159.8	151.6	146.7	137.1	161.2	135.7	152.1	156.7	150.2	138.3	140.8	133.5	141.9	149.4	150.7	142.6	150.7	140.3	141.0	146.2	140.4	140.0
rushingYards	400	verdict	OFF	OFF	OFF	OFF	OFF	OFF	OFF	OFF	OFF	OFF	OFF	OFF	OFF	OFF	OFF	OFF	OFF	OFF	OFF	OFF	OFF	OFF	OFF	OFF	OFF	OFF	OFF	OFF	OFF	OFF
sackRate	100	value	3.8	3.5	3.5	3.9	3.7	3.8	4.1	3.8	3.6	3.7	4.0	4.1	4.0	3.6	3.2	3.5	3.9	3.4	3.9	3.6	3.5	4.1	3.8	4.0	4.2	3.6	3.4	3.6	3.5	3.5
sackRate	100	verdict	OFF	OFF	OFF	OFF	OFF	OFF	OFF	OFF	OFF	OFF	OFF	OFF	OFF	OFF	OFF	OFF	OFF	OFF	OFF	OFF	OFF	OFF	OFF	OFF	OFF	OFF	OFF	OFF	OFF	OFF
sackRate	200	value	3.6	3.7	3.8	3.7	3.8	3.7	4.2	3.7	3.8	3.6	3.9	3.8	3.9	3.6	3.4	3.9	3.9	3.4	3.5	3.6	3.5	4.0	3.8	3.9	4.0	3.6	3.5	3.9	3.5	3.6
sackRate	200	verdict	OFF	OFF	OFF	OFF	OFF	OFF	OFF	OFF	OFF	OFF	OFF	OFF	OFF	OFF	OFF	OFF	OFF	OFF	OFF	OFF	OFF	OFF	OFF	OFF	OFF	OFF	OFF	OFF	OFF	OFF
sackRate	400	value	3.3	3.8	3.8	3.7	3.8	3.6	4.0	3.7	3.8	3.5	3.7	3.7	3.8	3.5	3.6	3.9	3.7	3.5	3.6	3.5	3.6	3.9	3.8	3.9	3.9	3.7	3.7	3.7	3.6	3.6
sackRate	400	verdict	OFF	OFF	OFF	OFF	OFF	OFF	OFF	OFF	OFF	OFF	OFF	OFF	OFF	OFF	OFF	OFF	OFF	OFF	OFF	OFF	OFF	OFF	OFF	OFF	OFF	OFF	OFF	OFF	OFF	OFF
sacksPerPressure	100	value	15.2	12.9	12.8	14.6	13.7	14.6	15.4	14.5	14.1	14.1	14.5	14.6	14.5	14.2	12.7	13.1	14.8	13.1	14.3	14.5	12.8	15.0	14.4	15.6	14.7	13.6	13.7	13.1	13.2	13.5
sacksPerPressure	100	verdict	OFF	OFF	OFF	OFF	OFF	OFF	OFF	OFF	OFF	OFF	OFF	OFF	OFF	OFF	OFF	OFF	OFF	OFF	OFF	OFF	OFF	OFF	OFF	OFF	OFF	OFF	OFF	OFF	OFF	OFF
sacksPerPressure	200	value	14.4	13.8	13.8	14.0	14.3	14.2	15.4	13.9	14.7	13.9	14.0	14.1	14.3	14.0	13.2	14.3	14.8	12.9	13.0	14.3	13.1	14.2	14.0	14.9	14.4	13.4	13.6	13.9	12.9	13.7
sacksPerPressure	200	verdict	OFF	OFF	OFF	OFF	OFF	OFF	OFF	OFF	OFF	OFF	OFF	OFF	OFF	OFF	OFF	OFF	OFF	OFF	OFF	OFF	OFF	OFF	OFF	OFF	OFF	OFF	OFF	OFF	OFF	OFF
sacksPerPressure	400	value	13.1	14.0	13.8	13.8	14.4	14.0	14.4	14.1	14.5	13.7	13.3	13.8	13.9	13.9	13.8	14.4	14.0	13.3	13.4	13.9	13.4	14.1	14.4	15.1	14.2	13.8	14.0	13.7	13.7	13.9
sacksPerPressure	400	verdict	OFF	OFF	OFF	OFF	OFF	OFF	OFF	OFF	OFF	OFF	OFF	OFF	OFF	OFF	OFF	OFF	OFF	OFF	OFF	OFF	OFF	OFF	OFF	OFF	OFF	OFF	OFF	OFF	OFF	OFF
safeties	100	value	0.02	0.02	0.005	0.04	0.00	0.02	0.02	0.01	0.03	0.03	0.02	0.02	0.02	0.02	0.02	0.03	0.03	0.01	0.02	0.02	0.02	0.03	0.05	0.04	0.02	0.02	0.00	0.005	0.005	0.03
safeties	100	verdict	ok	ok	OFF	ok	OFF	ok	ok	ok	ok	ok	ok	ok	ok	ok	ok	ok	ok	ok	ok	ok	ok	ok	ok	ok	ok	ok	OFF	OFF	OFF	ok
safeties	200	value	0.02	0.02	0.01	0.03	0.008	0.02	0.03	0.01	0.02	0.02	0.02	0.02	0.02	0.02	0.03	0.02	0.03	0.01	0.02	0.02	0.02	0.03	0.04	0.03	0.03	0.02	0.008	0.02	0.02	0.02
safeties	200	verdict	ok	ok	ok	ok	OFF	ok	ok	ok	ok	ok	ok	ok	ok	ok	ok	ok	ok	ok	ok	ok	ok	ok	ok	ok	ok	ok	OFF	ok	ok	ok
safeties	400	value	0.02	0.02	0.02	0.02	0.02	0.02	0.02	0.02	0.01	0.02	0.01	0.03	0.01	0.02	0.02	0.02	0.02	0.01	0.02	0.03	0.03	0.02	0.03	0.02	0.03	0.02	0.01	0.01	0.02	0.02
safeties	400	verdict	ok	ok	ok	ok	ok	ok	ok	ok	ok	ok	ok	ok	ok	ok	ok	ok	ok	ok	ok	ok	ok	ok	ok	ok	ok	ok	ok	ok	ok	ok
scramblesPerGame	100	value	1.8	1.9	2.2	2.1	1.8	1.9	1.9	1.9	1.6	2.0	2.4	2.3	1.8	2.0	1.8	2.2	2.0	2.1	2.1	2.2	2.0	1.9	2.0	2.0	2.2	1.8	1.8	2.2	1.9	2.3
scramblesPerGame	100	verdict	OFF	OFF	OFF	OFF	OFF	OFF	OFF	OFF	OFF	OFF	OFF	OFF	OFF	OFF	OFF	OFF	OFF	OFF	OFF	OFF	OFF	OFF	OFF	OFF	OFF	OFF	OFF	OFF	OFF	OFF
scramblesPerGame	200	value	1.9	2.0	2.1	2.0	2.0	2.0	1.8	1.8	1.7	1.9	2.2	2.1	1.9	2.1	1.9	2.2	2.0	2.0	1.9	2.0	2.0	2.0	2.0	2.1	2.1	2.0	2.0	2.2	1.9	2.3
scramblesPerGame	200	verdict	OFF	OFF	OFF	OFF	OFF	OFF	OFF	OFF	OFF	OFF	OFF	OFF	OFF	OFF	OFF	OFF	OFF	OFF	OFF	OFF	OFF	OFF	OFF	OFF	OFF	OFF	OFF	OFF	OFF	OFF
scramblesPerGame	400	value	1.9	2.0	2.1	2.1	1.9	1.9	2.0	1.8	1.9	2.0	2.2	2.1	2.0	2.0	2.0	2.1	2.0	2.1	2.0	2.0	2.0	2.1	2.1	2.1	2.0	2.0	1.9	2.1	1.9	2.1
scramblesPerGame	400	verdict	OFF	OFF	OFF	OFF	OFF	OFF	OFF	OFF	OFF	OFF	OFF	OFF	OFF	OFF	OFF	OFF	OFF	OFF	OFF	OFF	OFF	OFF	OFF	OFF	OFF	OFF	OFF	OFF	OFF	OFF
snaps.backfield	100	value	73.1	73.1	73.3	72.9	72.9	72.4	73.5	72.6	72.6	73.4	72.7	73.3	73.6	73.0	73.4	72.9	73.1	72.41	72.7	74.0	72.9	72.8	73.6	72.8	73.4	73.6	72.9	74.4	72.7	72.5
snaps.backfield	100	verdict	OFF	OFF	OFF	OFF	OFF	ok	OFF	OFF	OFF	OFF	OFF	OFF	OFF	OFF	OFF	OFF	OFF	OFF	OFF	OFF	OFF	OFF	OFF	OFF	OFF	OFF	OFF	OFF	OFF	OFF
snaps.backfield	200	value	73.1	73.1	72.7	72.9	73.4	72.3	73.3	72.9	73.1	73.3	72.8	73.3	73.8	73.1	73.4	72.9	73.2	72.6	72.7	73.4	72.9	73.3	73.7	73.1	73.5	73.1	73.3	73.9	72.6	73.0
snaps.backfield	200	verdict	OFF	OFF	OFF	OFF	OFF	ok	OFF	OFF	OFF	OFF	OFF	OFF	OFF	OFF	OFF	OFF	OFF	OFF	OFF	OFF	OFF	OFF	OFF	OFF	OFF	OFF	OFF	OFF	OFF	OFF
snaps.backfield	400	value	73.1	73.0	73.0	72.9	73.3	72.7	73.4	72.8	73.1	73.4	72.7	73.2	73.7	72.8	73.3	72.9	73.0	72.9	72.7	73.4	73.1	73.3	73.5	73.2	73.5	73.1	72.9	73.5	72.3	73.2
snaps.backfield	400	verdict	OFF	OFF	OFF	OFF	OFF	OFF	OFF	OFF	OFF	OFF	OFF	OFF	OFF	OFF	OFF	OFF	OFF	OFF	OFF	OFF	OFF	OFF	OFF	OFF	OFF	OFF	OFF	OFF	ok	OFF
snaps.defensiveBack	100	value	324.5	322.6	325.1	322.3	321.1	321.2	323.0	319.8	320.3	321.9	322.1	323.7	325.4	323.5	324.9	323.1	324.8	321.1	319.5	327.7	321.6	321.1	325.8	323.1	325.3	325.8	322.7	328.1	320.1	322.7
snaps.defensiveBack	100	verdict	OFF	ok	OFF	ok	ok	ok	ok	ok	ok	ok	ok	ok	OFF	ok	OFF	ok	OFF	ok	ok	OFF	ok	ok	OFF	ok	OFF	OFF	ok	OFF	ok	ok
snaps.defensiveBack	200	value	323.8	323.0	322.2	323.6	323.2	321.4	324.0	322.1	322.5	322.7	322.9	324.5	326.1	324.0	325.0	322.8	323.3	321.6	320.2	325.2	322.3	323.4	325.6	323.2	326.2	324.6	323.7	326.4	321.3	324.4
snaps.defensiveBack	200	verdict	ok	ok	ok	ok	ok	ok	OFF	ok	ok	ok	ok	OFF	OFF	OFF	OFF	ok	ok	ok	ok	OFF	ok	ok	OFF	ok	OFF	OFF	ok	OFF	ok	OFF
snaps.defensiveBack	400	value	323.93	322.8	323.3	323.2	322.8	322.7	324.3	322.0	323.0	323.93	321.6	324.1	326.1	322.6	324.5	323.2	323.2	322.8	321.7	325.8	322.9	324.0	325.7	323.5	325.6	323.6	323.1	324.7	319.3	324.2
snaps.defensiveBack	400	verdict	OFF	ok	ok	ok	ok	ok	OFF	ok	ok	OFF	ok	OFF	OFF	ok	OFF	ok	ok	ok	ok	OFF	ok	OFF	OFF	ok	OFF	ok	ok	OFF	ok	OFF
snaps.frontSeven	100	value	420.0	418.5	420.3	418.2	418.0	415.4	420.4	415.0	415.9	418.5	417.1	419.5	421.8	418.5	421.0	419.1	420.2	415.3	414.5	422.7	416.8	417.0	421.7	418.9	420.1	420.6	416.8	424.9	414.3	416.7
snaps.frontSeven	100	verdict	OFF	OFF	OFF	OFF	OFF	OFF	OFF	OFF	OFF	OFF	OFF	OFF	OFF	OFF	OFF	OFF	OFF	OFF	OFF	OFF	OFF	OFF	OFF	OFF	OFF	OFF	OFF	OFF	OFF	OFF
snaps.frontSeven	200	value	419.1	418.4	417.5	418.3	420.4	415.5	420.2	417.7	418.8	419.4	417.9	420.1	422.7	419.0	421.3	418.8	419.3	416.3	415.8	420.0	417.9	419.1	421.4	419.2	421.7	418.7	418.9	422.6	416.0	419.1
snaps.frontSeven	200	verdict	OFF	OFF	OFF	OFF	OFF	OFF	OFF	OFF	OFF	OFF	OFF	OFF	OFF	OFF	OFF	OFF	OFF	OFF	OFF	OFF	OFF	OFF	OFF	OFF	OFF	OFF	OFF	OFF	OFF	OFF
snaps.frontSeven	400	value	419.2	418.2	418.5	417.8	419.7	417.5	420.2	417.4	419.3	420.2	416.9	419.6	422.4	416.6	420.3	418.5	419.0	417.7	416.7	420.5	418.5	419.4	421.4	419.4	421.3	418.2	418.0	420.5	413.9	419.4
snaps.frontSeven	400	verdict	OFF	OFF	OFF	OFF	OFF	OFF	OFF	OFF	OFF	OFF	OFF	OFF	OFF	OFF	OFF	OFF	OFF	OFF	OFF	OFF	OFF	OFF	OFF	OFF	OFF	OFF	OFF	OFF	OFF	OFF
snaps.offensiveLine	100	value	337.8	335.0	337.9	334.5	335.2	334.6	337.0	332.9	332.5	335.4	335.2	337.1	337.9	335.7	338.2	335.5	336.6	333.2	332.6	339.4	334.6	334.9	338.8	337.0	337.4	338.6	334.8	340.4	331.4	335.1
snaps.offensiveLine	100	verdict	OFF	OFF	OFF	OFF	OFF	OFF	OFF	ok	ok	OFF	OFF	OFF	OFF	OFF	OFF	OFF	OFF	OFF	ok	OFF	OFF	OFF	OFF	OFF	OFF	OFF	OFF	OFF	ok	OFF
snaps.offensiveLine	200	value	336.8	335.4	335.3	335.4	337.1	334.4	337.2	334.7	335.3	336.4	335.6	337.5	339.3	336.1	338.1	335.6	335.8	334.1	333.2	337.3	335.4	336.8	338.7	336.5	338.4	337.4	336.2	339.2	333.5	336.7
snaps.offensiveLine	200	verdict	OFF	OFF	OFF	OFF	OFF	OFF	OFF	OFF	OFF	OFF	OFF	OFF	OFF	OFF	OFF	OFF	OFF	OFF	OFF	OFF	OFF	OFF	OFF	OFF	OFF	OFF	OFF	OFF	OFF	OFF
snaps.offensiveLine	400	value	336.5	335.4	336.0	335.3	336.6	335.5	337.4	334.9	336.2	337.2	334.4	336.7	338.6	334.5	336.8	335.7	335.9	335.3	334.2	338.0	335.9	336.9	338.8	336.1	338.0	336.5	335.4	337.4	331.9	337.1
snaps.offensiveLine	400	verdict	OFF	OFF	OFF	OFF	OFF	OFF	OFF	OFF	OFF	OFF	OFF	OFF	OFF	OFF	OFF	OFF	OFF	OFF	OFF	OFF	OFF	OFF	OFF	OFF	OFF	OFF	OFF	OFF	ok	OFF
snaps.quarterback	100	value	67.7	67.4	67.8	67.3	67.2	67.0	67.6	66.81	66.9	67.3	67.2	67.6	67.9	67.5	67.8	67.5	67.7	66.9	66.7	68.2	67.1	67.1	68.0	67.5	67.8	67.9	67.2	68.5	66.8	67.2
snaps.quarterback	100	verdict	OFF	OFF	OFF	OFF	OFF	OFF	OFF	OFF	OFF	OFF	OFF	OFF	OFF	OFF	OFF	OFF	OFF	OFF	ok	OFF	OFF	OFF	OFF	OFF	OFF	OFF	OFF	OFF	ok	OFF
snaps.quarterback	200	value	67.5	67.4	67.2	67.4	67.6	67.0	67.7	67.3	67.4	67.5	67.3	67.7	68.1	67.6	67.9	67.4	67.5	67.1	66.9	67.7	67.3	67.5	67.9	67.5	68.0	67.6	67.5	68.1	67.0	67.6
snaps.quarterback	200	verdict	OFF	OFF	OFF	OFF	OFF	OFF	OFF	OFF	OFF	OFF	OFF	OFF	OFF	OFF	OFF	OFF	OFF	OFF	OFF	OFF	OFF	OFF	OFF	OFF	OFF	OFF	OFF	OFF	OFF	OFF
snaps.quarterback	400	value	67.6	67.4	67.4	67.4	67.5	67.3	67.7	67.2	67.5	67.6	67.1	67.6	68.0	67.2	67.7	67.4	67.5	67.3	67.1	67.8	67.4	67.6	67.9	67.5	67.9	67.4	67.4	67.7	66.7	67.6
snaps.quarterback	400	verdict	OFF	OFF	OFF	OFF	OFF	OFF	OFF	OFF	OFF	OFF	OFF	OFF	OFF	OFF	OFF	OFF	OFF	OFF	OFF	OFF	OFF	OFF	OFF	OFF	OFF	OFF	OFF	OFF	ok	OFF
snaps.receiver	100	value	183.5	182.2	184.2	182.1	181.3	181.9	182.4	180.8	180.6	181.9	182.4	182.7	184.1	183.3	183.9	182.7	183.9	181.6	179.8	185.4	181.7	181.0	184.4	183.1	184.2	184.3	181.9	185.6	180.2	182.7
snaps.receiver	100	verdict	OFF	OFF	OFF	OFF	OFF	OFF	OFF	OFF	OFF	OFF	OFF	OFF	OFF	OFF	OFF	OFF	OFF	OFF	OFF	OFF	OFF	OFF	OFF	OFF	OFF	OFF	OFF	OFF	OFF	OFF
snaps.receiver	200	value	183.1	182.5	182.5	182.8	182.5	182.0	183.3	182.2	182.0	182.3	182.8	183.4	184.4	183.5	184.0	182.5	182.5	181.9	180.5	184.0	182.2	182.2	184.0	182.8	184.7	183.7	182.7	184.6	181.4	183.5
snaps.receiver	200	verdict	OFF	OFF	OFF	OFF	OFF	OFF	OFF	OFF	OFF	OFF	OFF	OFF	OFF	OFF	OFF	OFF	OFF	OFF	OFF	OFF	OFF	OFF	OFF	OFF	OFF	OFF	OFF	OFF	OFF	OFF
snaps.receiver	400	value	183.1	182.6	183.0	182.7	182.4	182.6	183.2	182.1	182.6	183.0	181.9	183.2	184.4	182.4	183.7	182.9	182.5	182.5	181.7	184.5	182.4	183.1	184.2	182.8	184.3	182.9	182.6	183.5	180.3	183.3
snaps.receiver	400	verdict	OFF	OFF	OFF	OFF	OFF	OFF	OFF	OFF	OFF	OFF	OFF	OFF	OFF	OFF	OFF	OFF	OFF	OFF	OFF	OFF	OFF	OFF	OFF	OFF	OFF	OFF	OFF	OFF	OFF	OFF
snaps.tightEnd	100	value	81.6	81.5	81.3	81.5	81.6	80.5	81.9	80.6	81.5	81.3	80.9	81.6	81.9	80.9	81.6	81.6	81.4	80.7	81.1	81.6	81.0	81.6	81.7	81.4	81.2	81.4	81.2	82.2	80.9	80.8
snaps.tightEnd	100	verdict	ok	ok	ok	ok	ok	ok	ok	ok	ok	ok	ok	ok	ok	ok	ok	ok	ok	ok	ok	ok	ok	ok	ok	ok	ok	ok	ok	ok	ok	ok
snaps.tightEnd	200	value	81.4	81.4	80.9	81.4	82.0	80.6	81.6	81.1	81.8	81.6	81.1	81.6	82.1	81.1	81.7	81.6	81.8	80.9	81.1	81.2	81.3	81.9	81.8	81.6	81.6	81.0	81.6	81.9	81.1	81.3
snaps.tightEnd	200	verdict	ok	ok	ok	ok	ok	ok	ok	ok	ok	ok	ok	ok	ok	ok	ok	ok	ok	ok	ok	ok	ok	ok	ok	ok	ok	ok	ok	ok	ok	ok
snaps.tightEnd	400	value	81.5	81.1	81.1	81.1	81.7	81.1	81.7	81.1	81.7	81.7	81.1	81.5	82.0	80.8	81.5	81.3	81.7	81.1	81.1	81.3	81.5	81.4	81.8	81.6	81.7	81.0	81.3	81.7	80.6	81.4
snaps.tightEnd	400	verdict	ok	ok	ok	ok	ok	ok	ok	ok	ok	ok	ok	ok	ok	ok	ok	ok	ok	ok	ok	ok	ok	ok	ok	ok	ok	ok	ok	ok	ok	ok
snapsInsideOwn10	100	value	1.62	1.97	1.89	1.73	1.52	1.66	1.75	1.59	1.98	1.53	1.43	1.65	1.77	1.62	1.46	1.60	1.76	1.75	1.68	1.97	1.39	1.60	1.80	1.67	1.73	1.40	1.56	1.69	1.43	1.64
snapsInsideOwn10	100	verdict	ok	OFF	OFF	ok	OFF	ok	ok	ok	OFF	OFF	OFF	ok	ok	ok	OFF	ok	ok	ok	ok	OFF	OFF	ok	ok	ok	ok	OFF	ok	ok	OFF	ok
snapsInsideOwn10	200	value	1.70	1.82	1.76	1.73	1.66	1.67	1.76	1.60	1.81	1.52	1.55	1.76	1.66	1.63	1.53	1.63	1.68	1.66	1.65	1.80	1.51	1.62	1.74	1.65	1.68	1.46	1.69	1.71	1.57	1.75
snapsInsideOwn10	200	verdict	ok	ok	ok	ok	ok	ok	ok	ok	ok	OFF	ok	ok	ok	ok	OFF	ok	ok	ok	ok	ok	OFF	ok	ok	ok	ok	OFF	ok	ok	ok	ok
snapsInsideOwn10	400	value	1.69	1.80	1.74	1.70	1.60	1.74	1.77	1.56	1.69	1.53	1.54	1.77	1.63	1.68	1.61	1.54	1.65	1.59	1.69	1.70	1.61	1.61	1.80	1.57	1.68	1.54	1.69	1.60	1.51	1.77
snapsInsideOwn10	400	verdict	ok	ok	ok	ok	ok	ok	ok	ok	ok	OFF	OFF	ok	ok	ok	ok	OFF	ok	ok	ok	ok	ok	ok	ok	ok	ok	OFF	ok	ok	OFF	ok
spikesPerGame	100	value	0.3	0.2	0.2	0.2	0.1	0.2	0.2	0.3	0.2	0.2	0.2	0.2	0.1	0.2	0.2	0.1	0.2	0.2	0.2	0.2	0.3	0.1	0.2	0.2	0.2	0.3	0.2	0.2	0.2	0.2
spikesPerGame	100	verdict	ok	ok	ok	ok	ok	ok	ok	ok	ok	ok	ok	ok	ok	ok	ok	ok	ok	ok	ok	ok	ok	ok	ok	ok	ok	ok	ok	ok	ok	ok
spikesPerGame	200	value	0.2	0.2	0.2	0.2	0.1	0.2	0.2	0.3	0.2	0.2	0.2	0.2	0.1	0.2	0.2	0.2	0.2	0.2	0.2	0.1	0.2	0.2	0.2	0.1	0.2	0.2	0.2	0.2	0.2	0.2
spikesPerGame	200	verdict	ok	ok	ok	ok	ok	ok	ok	ok	ok	ok	ok	ok	ok	ok	ok	ok	ok	ok	ok	ok	ok	ok	ok	ok	ok	ok	ok	ok	ok	ok
spikesPerGame	400	value	0.2	0.2	0.2	0.2	0.1	0.2	0.2	0.2	0.2	0.2	0.2	0.2	0.2	0.2	0.2	0.2	0.2	0.2	0.2	0.2	0.2	0.2	0.2	0.2	0.2	0.2	0.2	0.2	0.2	0.2
spikesPerGame	400	verdict	ok	ok	ok	ok	ok	ok	ok	ok	ok	ok	ok	ok	ok	ok	ok	ok	ok	ok	ok	ok	ok	ok	ok	ok	ok	ok	ok	ok	ok	ok
targetShare.runningBack	100	value	18.9	21.2	19.4	25.0	24.8	22.4	22.6	20.0	23.4	20.5	23.9	23.3	27.2	21.1	20.5	22.3	19.9	20.6	24.0	21.5	22.4	24.6	24.9	20.5	25.7	24.4	21.2	22.0	22.8	23.8
targetShare.runningBack	100	verdict	ok	OFF	ok	OFF	OFF	OFF	OFF	OFF	OFF	OFF	OFF	OFF	OFF	OFF	OFF	OFF	OFF	OFF	OFF	OFF	OFF	OFF	OFF	OFF	OFF	OFF	OFF	OFF	OFF	OFF
targetShare.runningBack	200	value	18.8	21.0	19.1	24.6	24.5	22.5	22.0	20.4	24.2	20.5	23.3	23.6	26.5	20.1	19.9	22.3	20.6	21.6	23.4	21.8	22.1	25.1	24.9	20.7	24.8	24.2	21.0	21.9	22.7	24.1
targetShare.runningBack	200	verdict	ok	OFF	ok	OFF	OFF	OFF	OFF	OFF	OFF	OFF	OFF	OFF	OFF	OFF	OFF	OFF	OFF	OFF	OFF	OFF	OFF	OFF	OFF	OFF	OFF	OFF	OFF	OFF	OFF	OFF
targetShare.runningBack	400	value	18.9	21.2	19.1	24.2	24.6	22.4	22.4	20.9	23.9	20.8	22.7	23.9	26.4	19.8	19.5	22.7	20.3	21.9	23.8	21.8	22.2	24.8	25.2	20.6	24.8	23.9	20.5	21.5	22.8	24.3
targetShare.runningBack	400	verdict	ok	OFF	ok	OFF	OFF	OFF	OFF	OFF	OFF	OFF	OFF	OFF	OFF	OFF	ok	OFF	OFF	OFF	OFF	OFF	OFF	OFF	OFF	OFF	OFF	OFF	OFF	OFF	OFF	OFF
targetShare.tightEnd	100	value	8.4	8.5	8.7	9.2	9.1	9.8	8.8	9.1	9.3	8.0	8.5	8.6	8.8	8.3	8.5	9.1	8.0	8.2	8.8	7.8	8.5	9.6	9.7	8.7	8.7	9.6	8.1	8.5	8.8	8.3
targetShare.tightEnd	100	verdict	OFF	OFF	OFF	OFF	OFF	OFF	OFF	OFF	OFF	OFF	OFF	OFF	OFF	OFF	OFF	OFF	OFF	OFF	OFF	OFF	OFF	OFF	OFF	OFF	OFF	OFF	OFF	OFF	OFF	OFF
targetShare.tightEnd	200	value	8.4	9.1	8.6	9.0	8.8	9.9	8.6	8.9	9.5	8.3	8.6	8.5	9.0	7.9	8.7	9.0	7.9	8.0	8.9	8.3	8.7	9.2	9.1	8.6	9.3	9.3	8.2	8.7	8.4	8.2
targetShare.tightEnd	200	verdict	OFF	OFF	OFF	OFF	OFF	OFF	OFF	OFF	OFF	OFF	OFF	OFF	OFF	OFF	OFF	OFF	OFF	OFF	OFF	OFF	OFF	OFF	OFF	OFF	OFF	OFF	OFF	OFF	OFF	OFF
targetShare.tightEnd	400	value	8.2	9.0	8.6	8.9	8.6	9.8	9.0	8.7	9.3	8.4	8.6	8.4	9.1	8.2	8.6	9.2	7.9	8.1	9.0	8.5	9.0	8.8	8.9	8.7	9.3	9.3	8.3	8.8	8.3	8.3
targetShare.tightEnd	400	verdict	OFF	OFF	OFF	OFF	OFF	OFF	OFF	OFF	OFF	OFF	OFF	OFF	OFF	OFF	OFF	OFF	OFF	OFF	OFF	OFF	OFF	OFF	OFF	OFF	OFF	OFF	OFF	OFF	OFF	OFF
targetShare.wideReceiver	100	value	72.6	70.3	72.0	65.8	66.1	67.8	68.6	70.9	67.3	71.5	67.7	68.1	63.9	70.7	71.0	68.6	72.1	71.2	67.2	70.8	69.2	65.8	65.4	70.8	65.6	66.0	70.7	69.5	68.4	68.0
targetShare.wideReceiver	100	verdict	OFF	OFF	OFF	OFF	OFF	OFF	OFF	OFF	OFF	OFF	OFF	OFF	OFF	OFF	OFF	OFF	OFF	OFF	OFF	OFF	OFF	OFF	OFF	OFF	OFF	OFF	OFF	OFF	OFF	OFF
targetShare.wideReceiver	200	value	72.8	69.9	72.3	66.3	66.7	67.7	69.4	70.7	66.3	71.2	68.1	67.9	64.5	72.0	71.4	68.7	71.5	70.4	67.7	69.9	69.2	65.7	66.0	70.7	66.0	66.5	70.8	69.4	68.9	67.6
targetShare.wideReceiver	200	verdict	OFF	OFF	OFF	OFF	OFF	OFF	OFF	OFF	OFF	OFF	OFF	OFF	OFF	OFF	OFF	OFF	OFF	OFF	OFF	OFF	OFF	OFF	OFF	OFF	OFF	OFF	OFF	OFF	OFF	OFF
targetShare.wideReceiver	400	value	72.9	69.8	72.3	66.9	66.8	67.8	68.6	70.4	66.9	70.9	68.7	67.7	64.5	72.1	71.9	68.1	71.8	70.1	67.2	69.7	68.8	66.4	65.9	70.7	65.9	66.8	71.2	69.8	68.9	67.5
targetShare.wideReceiver	400	verdict	OFF	OFF	OFF	OFF	OFF	OFF	OFF	OFF	OFF	OFF	OFF	OFF	OFF	OFF	OFF	OFF	OFF	OFF	OFF	OFF	OFF	OFF	OFF	OFF	OFF	OFF	OFF	OFF	OFF	OFF
thirdDownConversion	100	value	34.7	34.4	33.9	33.5	35.9	34.6	36.4	35.5	35.3	35.4	34.3	33.0	34.4	33.6	36.1	36.1	35.7	35.8	35.1	34.8	34.6	35.4	33.6	35.3	33.5	35.3	34.5	34.3	34.9	32.3
thirdDownConversion	100	verdict	OFF	OFF	OFF	OFF	OFF	OFF	OFF	OFF	OFF	OFF	OFF	OFF	OFF	OFF	OFF	OFF	OFF	OFF	OFF	OFF	OFF	OFF	OFF	OFF	OFF	OFF	OFF	OFF	OFF	OFF
thirdDownConversion	200	value	35.1	35.0	34.7	34.0	35.2	34.8	36.4	35.5	35.6	35.9	34.6	33.4	34.1	34.8	36.0	36.0	36.1	36.1	35.2	34.2	34.9	35.2	34.3	36.2	34.3	35.0	34.2	34.2	35.6	32.1
thirdDownConversion	200	verdict	OFF	OFF	OFF	OFF	OFF	OFF	OFF	OFF	OFF	OFF	OFF	OFF	OFF	OFF	OFF	OFF	OFF	OFF	OFF	OFF	OFF	OFF	OFF	OFF	OFF	OFF	OFF	OFF	OFF	OFF
thirdDownConversion	400	value	34.6	35.3	34.1	34.7	35.7	35.1	35.7	35.9	35.7	35.4	34.7	33.3	35.2	34.6	35.7	35.6	36.0	36.2	34.7	34.1	34.9	34.4	33.8	35.5	34.8	34.7	34.2	35.1	35.6	32.5
thirdDownConversion	400	verdict	OFF	OFF	OFF	OFF	OFF	OFF	OFF	OFF	OFF	OFF	OFF	OFF	OFF	OFF	OFF	OFF	OFF	OFF	OFF	OFF	OFF	OFF	OFF	OFF	OFF	OFF	OFF	OFF	OFF	OFF
thirdDownDistance	100	value	7.3	7.3	7.5	7.3	7.2	7.2	7.3	7.3	7.2	7.3	7.4	7.43	7.3	7.4	7.3	7.2	7.1	7.4	7.2	7.5	7.3	7.3	7.3	7.1	7.3	7.3	7.3	7.4	7.3	7.5
thirdDownDistance	100	verdict	ok	ok	OFF	ok	ok	ok	ok	ok	ok	ok	ok	OFF	ok	ok	ok	ok	ok	ok	ok	OFF	ok	ok	ok	ok	ok	ok	ok	ok	ok	OFF
thirdDownDistance	200	value	7.3	7.3	7.4	7.3	7.2	7.2	7.3	7.3	7.2	7.2	7.3	7.4	7.3	7.3	7.4	7.3	7.2	7.3	7.2	7.5	7.2	7.2	7.3	7.1	7.3	7.3	7.3	7.4	7.3	7.5
thirdDownDistance	200	verdict	ok	ok	ok	ok	ok	ok	ok	ok	ok	ok	ok	ok	ok	ok	ok	ok	ok	ok	ok	OFF	ok	ok	ok	ok	ok	ok	ok	ok	ok	OFF
thirdDownDistance	400	value	7.3	7.3	7.3	7.3	7.2	7.2	7.3	7.2	7.3	7.2	7.2	7.42	7.2	7.2	7.3	7.3	7.2	7.3	7.3	7.45	7.3	7.3	7.4	7.2	7.3	7.3	7.4	7.3	7.3	7.5
thirdDownDistance	400	verdict	ok	ok	ok	ok	ok	ok	ok	ok	ok	ok	ok	OFF	ok	ok	ok	ok	ok	ok	ok	OFF	ok	ok	ok	ok	ok	ok	ok	ok	ok	OFF
threeAndOut	100	value	19.5	18.4	18.1	20.9	17.5	18.4	18.0	17.1	19.4	18.1	18.7	19.7	18.7	18.7	17.6	17.7	17.7	19.05	19.9	21.4	18.4	19.4	19.6	17.9	19.07	19.06	19.0	19.8	18.1	19.7
threeAndOut	100	verdict	ok	OFF	OFF	ok	OFF	OFF	OFF	OFF	ok	OFF	OFF	ok	OFF	OFF	OFF	OFF	OFF	OFF	ok	ok	OFF	ok	ok	OFF	OFF	OFF	OFF	ok	OFF	ok
threeAndOut	200	value	18.8	18.3	18.3	20.2	18.4	19.1	17.9	17.5	19.8	18.3	18.8	19.5	17.9	17.9	17.5	17.5	17.5	18.7	19.8	20.2	18.4	19.3	18.8	18.1	19.2	19.3	19.3	19.2	18.4	19.8
threeAndOut	200	verdict	OFF	OFF	OFF	ok	OFF	ok	OFF	OFF	ok	OFF	OFF	ok	OFF	OFF	OFF	OFF	OFF	OFF	ok	ok	OFF	ok	OFF	OFF	ok	ok	ok	ok	OFF	ok
threeAndOut	400	value	19.0	18.5	18.6	19.3	18.1	19.1	18.0	17.8	18.8	18.1	18.8	19.9	17.7	18.4	17.7	17.8	17.7	18.7	19.4	19.4	18.6	19.5	19.2	18.4	18.8	19.3	18.9	18.5	18.9	20.2
threeAndOut	400	verdict	OFF	OFF	OFF	ok	OFF	ok	OFF	OFF	OFF	OFF	OFF	ok	OFF	OFF	OFF	OFF	OFF	OFF	ok	ok	OFF	ok	ok	OFF	OFF	ok	OFF	OFF	OFF	ok
throwawaysPerDropback	100	value	5.0	6.2	4.6	6.2	6.9	5.3	6.0	5.4	6.0	5.2	5.1	7.3	7.4	4.9	5.2	5.7	5.3	5.4	5.4	5.9	5.3	6.6	6.7	5.7	7.1	6.7	6.0	5.8	5.9	6.4
throwawaysPerDropback	100	verdict	unsourced	unsourced	unsourced	unsourced	unsourced	unsourced	unsourced	unsourced	unsourced	unsourced	unsourced	unsourced	unsourced	unsourced	unsourced	unsourced	unsourced	unsourced	unsourced	unsourced	unsourced	unsourced	unsourced	unsourced	unsourced	unsourced	unsourced	unsourced	unsourced	unsourced
throwawaysPerDropback	200	value	4.9	6.1	4.7	6.1	6.9	5.4	6.1	5.3	6.4	5.5	5.4	7.1	7.4	5.1	5.3	5.7	5.4	5.6	5.8	5.9	5.2	6.7	6.8	5.3	6.6	6.7	6.0	5.9	6.0	6.3
throwawaysPerDropback	200	verdict	unsourced	unsourced	unsourced	unsourced	unsourced	unsourced	unsourced	unsourced	unsourced	unsourced	unsourced	unsourced	unsourced	unsourced	unsourced	unsourced	unsourced	unsourced	unsourced	unsourced	unsourced	unsourced	unsourced	unsourced	unsourced	unsourced	unsourced	unsourced	unsourced	unsourced
throwawaysPerDropback	400	value	5.0	5.9	4.8	6.1	6.5	5.6	6.2	5.4	6.6	5.5	5.5	6.9	7.2	5.2	5.1	5.7	5.5	5.6	5.9	5.7	5.4	6.8	6.7	5.1	6.7	6.7	5.9	5.6	5.9	6.4
throwawaysPerDropback	400	verdict	unsourced	unsourced	unsourced	unsourced	unsourced	unsourced	unsourced	unsourced	unsourced	unsourced	unsourced	unsourced	unsourced	unsourced	unsourced	unsourced	unsourced	unsourced	unsourced	unsourced	unsourced	unsourced	unsourced	unsourced	unsourced	unsourced	unsourced	unsourced	unsourced	unsourced
tiesPerGame	100	value	0.020	0.000	0.000	0.000	0.000	0.000	0.010	0.000	0.000	0.000	0.000	0.010	0.000	0.000	0.010	0.010	0.000	0.000	0.000	0.010	0.000	0.000	0.000	0.000	0.000	0.000	0.000	0.000	0.000	0.000
tiesPerGame	100	verdict	OFF	ok	ok	ok	ok	ok	ok	ok	ok	ok	ok	ok	ok	ok	ok	ok	ok	ok	ok	ok	ok	ok	ok	ok	ok	ok	ok	ok	ok	ok
tiesPerGame	200	value	0.010	0.000	0.000	0.000	0.000	0.000	0.005	0.000	0.000	0.005	0.005	0.005	0.005	0.010	0.005	0.005	0.000	0.000	0.000	0.005	0.000	0.000	0.000	0.005	0.000	0.000	0.000	0.000	0.005	0.000
tiesPerGame	200	verdict	ok	ok	ok	ok	ok	ok	ok	ok	ok	ok	ok	ok	ok	ok	ok	ok	ok	ok	ok	ok	ok	ok	ok	ok	ok	ok	ok	ok	ok	ok
tiesPerGame	400	value	0.008	0.000	0.000	0.003	0.000	0.003	0.010	0.000	0.003	0.008	0.003	0.003	0.005	0.005	0.005	0.005	0.000	0.000	0.003	0.003	0.000	0.000	0.000	0.003	0.003	0.000	0.005	0.003	0.003	0.003
tiesPerGame	400	verdict	ok	ok	ok	ok	ok	ok	ok	ok	ok	ok	ok	ok	ok	ok	ok	ok	ok	ok	ok	ok	ok	ok	ok	ok	ok	ok	ok	ok	ok	ok
timeoutsPerGame	100	value	5.5	5.0	5.3	4.7	4.6	4.8	5.1	5.1	5.1	5.2	4.8	4.9	5.3	5.2	5.4	4.9	5.3	5.2	4.9	5.2	5.3	4.8	5.0	5.0	5.2	5.4	5.1	4.9	5.3	5.0
timeoutsPerGame	100	verdict	OFF	OFF	OFF	OFF	OFF	OFF	OFF	OFF	OFF	OFF	OFF	OFF	OFF	OFF	OFF	OFF	OFF	OFF	OFF	OFF	OFF	OFF	OFF	OFF	OFF	OFF	OFF	OFF	OFF	OFF
timeoutsPerGame	200	value	5.5	4.9	5.2	4.9	4.7	5.0	5.2	5.2	5.2	5.1	4.9	5.0	5.2	5.2	5.2	5.0	5.4	5.2	4.9	5.1	5.3	4.9	4.8	5.3	5.3	5.2	5.3	5.1	5.4	5.0
timeoutsPerGame	200	verdict	OFF	OFF	OFF	OFF	OFF	OFF	OFF	OFF	OFF	OFF	OFF	OFF	OFF	OFF	OFF	OFF	OFF	OFF	OFF	OFF	OFF	OFF	OFF	OFF	OFF	OFF	OFF	OFF	OFF	OFF
timeoutsPerGame	400	value	5.4	5.0	5.1	4.9	4.9	5.0	5.1	5.2	5.2	5.2	4.9	5.0	5.1	5.2	5.2	4.9	5.3	5.2	5.1	5.1	5.4	5.1	4.9	5.5	5.2	5.2	5.4	5.1	5.3	5.0
timeoutsPerGame	400	verdict	OFF	OFF	OFF	OFF	OFF	OFF	OFF	OFF	OFF	OFF	OFF	OFF	OFF	OFF	OFF	OFF	OFF	OFF	OFF	OFF	OFF	OFF	OFF	OFF	OFF	OFF	OFF	OFF	OFF	OFF
turnovers	100	value	1.54	1.40	1.51	1.54	1.44	1.44	1.47	1.40	1.35	1.30	1.40	1.49	1.53	1.46	1.24	1.40	1.57	1.38	1.38	1.49	1.32	1.64	1.62	1.47	1.53	1.55	1.42	1.62	1.49	1.50
turnovers	100	verdict	OFF	OFF	OFF	OFF	OFF	OFF	OFF	OFF	ok	ok	OFF	OFF	OFF	OFF	ok	OFF	OFF	OFF	OFF	OFF	ok	OFF	OFF	OFF	OFF	OFF	OFF	OFF	OFF	OFF
turnovers	200	value	1.51	1.39	1.45	1.48	1.52	1.45	1.52	1.50	1.44	1.37	1.44	1.51	1.60	1.44	1.31	1.43	1.49	1.40	1.42	1.51	1.29	1.58	1.59	1.45	1.51	1.51	1.40	1.49	1.36	1.54
turnovers	200	verdict	OFF	OFF	OFF	OFF	OFF	OFF	OFF	OFF	OFF	ok	OFF	OFF	OFF	OFF	ok	OFF	OFF	OFF	OFF	OFF	ok	OFF	OFF	OFF	OFF	OFF	OFF	OFF	ok	OFF
turnovers	400	value	1.46	1.39	1.46	1.49	1.53	1.46	1.49	1.40	1.52	1.44	1.46	1.48	1.51	1.44	1.29	1.47	1.44	1.45	1.41	1.55	1.33	1.49	1.56	1.38	1.55	1.49	1.38	1.50	1.34	1.52
turnovers	400	verdict	OFF	OFF	OFF	OFF	OFF	OFF	OFF	OFF	OFF	OFF	OFF	OFF	OFF	OFF	ok	OFF	OFF	OFF	OFF	OFF	ok	OFF	OFF	OFF	OFF	OFF	OFF	OFF	ok	OFF
twoPointConversion	100	value	34.0	45.1	42.4	29.0	48.1	39.0	59.6	47.6	40.5	20.6	46.7	42.1	32.4	41.2	35.3	36.4	40.0	43.2	35.9	45.9	38.5	37.1	43.1	46.7	49.1	46.2	39.6	44.2	45.2	38.2
twoPointConversion	100	verdict	ok	ok	ok	OFF	ok	ok	ok	ok	ok	OFF	ok	ok	OFF	ok	ok	ok	ok	ok	ok	ok	ok	ok	ok	ok	ok	ok	ok	ok	ok	ok
twoPointConversion	200	value	35.9	44.1	43.1	36.5	46.6	37.9	42.3	41.6	46.3	41.9	45.0	37.9	44.7	51.9	40.5	34.2	44.4	44.4	34.6	44.6	41.0	43.1	47.1	46.5	42.3	48.4	42.7	50.0	38.9	35.3
twoPointConversion	200	verdict	ok	ok	ok	ok	ok	ok	ok	ok	ok	ok	ok	ok	ok	ok	ok	ok	ok	ok	ok	ok	ok	ok	ok	ok	ok	ok	ok	ok	ok	ok
twoPointConversion	400	value	40.1	48.2	45.5	38.6	42.5	42.8	43.7	37.5	44.2	42.9	45.4	38.2	45.3	44.2	41.5	36.2	46.6	45.0	41.2	40.9	37.2	38.9	41.7	49.2	41.1	41.9	41.1	45.4	40.4	38.9
twoPointConversion	400	verdict	ok	ok	ok	ok	ok	ok	ok	ok	ok	ok	ok	ok	ok	ok	ok	ok	ok	ok	ok	ok	ok	ok	ok	ok	ok	ok	ok	ok	ok	ok
twoPointTries	100	value	0.27	0.26	0.17	0.16	0.14	0.21	0.24	0.21	0.185	0.17	0.15	0.19	0.17	0.17	0.26	0.17	0.30	0.22	0.20	0.185	0.20	0.18	0.26	0.23	0.27	0.26	0.24	0.22	0.16	0.17
twoPointTries	100	verdict	ok	ok	OFF	OFF	OFF	ok	ok	ok	OFF	OFF	OFF	ok	OFF	OFF	ok	OFF	OFF	ok	ok	OFF	ok	OFF	ok	ok	ok	ok	ok	ok	OFF	OFF
twoPointTries	200	value	0.26	0.23	0.16	0.185	0.18	0.24	0.24	0.19	0.20	0.185	0.15	0.17	0.19	0.20	0.21	0.18	0.27	0.23	0.20	0.185	0.20	0.18	0.21	0.25	0.24	0.23	0.24	0.20	0.18	0.17
twoPointTries	200	verdict	ok	ok	OFF	OFF	OFF	ok	ok	ok	ok	OFF	OFF	OFF	ok	ok	ok	OFF	ok	ok	ok	OFF	ok	OFF	ok	ok	ok	ok	ok	ok	OFF	OFF
twoPointTries	400	value	0.25	0.21	0.18	0.18	0.20	0.23	0.22	0.22	0.20	0.21	0.16	0.16	0.20	0.20	0.23	0.19	0.26	0.21	0.22	0.20	0.22	0.186	0.20	0.24	0.21	0.21	0.22	0.22	0.20	0.18
twoPointTries	400	verdict	ok	ok	OFF	OFF	ok	ok	ok	ok	ok	ok	OFF	OFF	ok	ok	ok	ok	ok	ok	ok	ok	ok	OFF	ok	ok	ok	ok	ok	ok	ok	OFF
twoPointTriesPass	100	value	0.150	0.170	0.100	0.100	0.080	0.110	0.140	0.130	0.135	0.100	0.090	0.115	0.115	0.115	0.150	0.100	0.175	0.110	0.090	0.090	0.125	0.125	0.170	0.120	0.135	0.140	0.155	0.135	0.105	0.095
twoPointTriesPass	100	verdict	ok	ok	OFF	OFF	OFF	ok	ok	ok	ok	OFF	OFF	ok	ok	ok	ok	OFF	ok	ok	OFF	OFF	ok	ok	ok	ok	ok	ok	ok	ok	OFF	OFF
twoPointTriesPass	200	value	0.173	0.155	0.103	0.123	0.108	0.140	0.135	0.113	0.138	0.125	0.093	0.093	0.110	0.125	0.125	0.110	0.160	0.125	0.105	0.113	0.115	0.105	0.128	0.158	0.143	0.130	0.140	0.123	0.110	0.095
twoPointTriesPass	200	verdict	ok	ok	OFF	ok	OFF	ok	ok	ok	ok	ok	OFF	OFF	ok	ok	ok	ok	ok	ok	OFF	ok	ok	OFF	ok	ok	ok	ok	ok	ok	ok	OFF
twoPointTriesPass	400	value	0.155	0.126	0.113	0.108	0.123	0.131	0.129	0.131	0.131	0.131	0.099	0.100	0.110	0.128	0.145	0.121	0.136	0.125	0.116	0.118	0.123	0.111	0.119	0.154	0.119	0.128	0.131	0.133	0.123	0.094
twoPointTriesPass	400	verdict	ok	ok	ok	OFF	ok	ok	ok	ok	ok	ok	OFF	OFF	ok	ok	ok	ok	ok	ok	ok	ok	ok	ok	ok	ok	ok	ok	ok	ok	ok	OFF
twoPointTriesRun	100	value	0.115	0.085	0.065	0.055	0.055	0.095	0.095	0.080	0.050	0.070	0.060	0.075	0.055	0.055	0.105	0.065	0.125	0.110	0.105	0.095	0.070	0.050	0.085	0.105	0.130	0.120	0.085	0.080	0.050	0.075
twoPointTriesRun	100	verdict	OFF	ok	ok	ok	ok	ok	ok	ok	ok	ok	ok	ok	ok	ok	OFF	ok	OFF	OFF	OFF	ok	ok	ok	ok	OFF	OFF	OFF	ok	ok	ok	ok
twoPointTriesRun	200	value	0.085	0.078	0.060	0.063	0.075	0.098	0.108	0.080	0.063	0.060	0.058	0.073	0.080	0.078	0.085	0.073	0.110	0.100	0.098	0.073	0.080	0.075	0.085	0.095	0.100	0.103	0.100	0.078	0.070	0.075
twoPointTriesRun	200	verdict	ok	ok	ok	ok	ok	ok	OFF	ok	ok	ok	ok	ok	ok	ok	ok	ok	OFF	ok	ok	ok	ok	ok	ok	ok	ok	OFF	ok	ok	ok	ok
twoPointTriesRun	400	value	0.091	0.084	0.069	0.068	0.078	0.103	0.089	0.089	0.073	0.079	0.064	0.064	0.091	0.076	0.084	0.069	0.121	0.089	0.105	0.081	0.093	0.075	0.076	0.090	0.091	0.081	0.088	0.085	0.073	0.086
twoPointTriesRun	400	verdict	ok	ok	ok	ok	ok	OFF	ok	ok	ok	ok	ok	ok	ok	ok	ok	ok	OFF	ok	OFF	ok	ok	ok	ok	ok	ok	ok	ok	ok	ok	ok
winTotalSigma	100	verdict	n/a	n/a	n/a	n/a	n/a	n/a	n/a	n/a	n/a	n/a	n/a	n/a	n/a	n/a	n/a	n/a	n/a	n/a	n/a	n/a	n/a	n/a	n/a	n/a	n/a	n/a	n/a	n/a	n/a	n/a
winTotalSigma	200	verdict	n/a	n/a	n/a	n/a	n/a	n/a	n/a	n/a	n/a	n/a	n/a	n/a	n/a	n/a	n/a	n/a	n/a	n/a	n/a	n/a	n/a	n/a	n/a	n/a	n/a	n/a	n/a	n/a	n/a	n/a
winTotalSigma	400	verdict	n/a	n/a	n/a	n/a	n/a	n/a	n/a	n/a	n/a	n/a	n/a	n/a	n/a	n/a	n/a	n/a	n/a	n/a	n/a	n/a	n/a	n/a	n/a	n/a	n/a	n/a	n/a	n/a	n/a	n/a
yardsPerAttempt	100	value	6.6	6.3	6.4	6.0	5.8	6.4	6.1	6.5	6.1	6.597	5.8	5.9	5.9	6.3	6.3	6.1	6.3	6.6	6.2	6.0	6.3	5.9	5.8	6.3	6.1	6.2	6.1	6.1	6.3	6.1
yardsPerAttempt	100	verdict	ok	OFF	OFF	OFF	OFF	OFF	OFF	OFF	OFF	OFF	OFF	OFF	OFF	OFF	OFF	OFF	OFF	ok	OFF	OFF	OFF	OFF	OFF	OFF	OFF	OFF	OFF	OFF	OFF	OFF
yardsPerAttempt	200	value	6.5	6.3	6.5	6.1	5.8	6.4	6.2	6.3	5.9	6.4	6.0	5.9	5.8	6.5	6.4	6.1	6.4	6.4	6.2	6.1	6.3	5.9	5.8	6.4	6.0	6.2	6.2	6.1	6.3	6.1
yardsPerAttempt	200	verdict	OFF	OFF	OFF	OFF	OFF	OFF	OFF	OFF	OFF	OFF	OFF	OFF	OFF	OFF	OFF	OFF	OFF	OFF	OFF	OFF	OFF	OFF	OFF	OFF	OFF	OFF	OFF	OFF	OFF	OFF
yardsPerAttempt	400	value	6.5	6.3	6.4	6.1	6.0	6.3	6.1	6.3	6.0	6.3	6.1	5.9	5.8	6.4	6.4	6.0	6.4	6.3	6.1	6.2	6.3	5.9	5.8	6.3	6.0	6.1	6.3	6.2	6.3	6.0
yardsPerAttempt	400	verdict	OFF	OFF	OFF	OFF	OFF	OFF	OFF	OFF	OFF	OFF	OFF	OFF	OFF	OFF	OFF	OFF	OFF	OFF	OFF	OFF	OFF	OFF	OFF	OFF	OFF	OFF	OFF	OFF	OFF	OFF
yardsPerCarry	100	value	4.4	4.4	4.3	4.5	5.1	4.5	5.2	4.65	5.0	4.7	4.7	4.5	5.0	4.4	5.0	5.1	4.7	4.5	4.6	4.3	4.6	4.7	4.8	4.5	4.7	4.4	4.4	4.6	4.6	4.4
yardsPerCarry	100	verdict	ok	ok	ok	ok	OFF	ok	OFF	OFF	OFF	OFF	OFF	ok	OFF	ok	OFF	OFF	OFF	ok	ok	ok	ok	OFF	OFF	ok	OFF	ok	ok	ok	ok	ok
yardsPerCarry	200	value	4.4	4.5	4.3	4.62	5.1	4.4	5.0	4.62	5.1	4.8	4.7	4.5	5.1	4.4	4.9	5.0	4.7	4.5	4.6	4.3	4.61	4.8	4.9	4.5	4.8	4.5	4.5	4.6	4.5	4.5
yardsPerCarry	200	verdict	ok	ok	ok	OFF	OFF	ok	OFF	OFF	OFF	OFF	OFF	ok	OFF	ok	OFF	OFF	OFF	ok	ok	ok	OFF	OFF	OFF	ok	OFF	ok	ok	ok	ok	ok
yardsPerCarry	400	value	4.3	4.5	4.2	4.62	5.1	4.4	5.0	4.62	5.0	4.8	4.7	4.4	5.1	4.4	4.9	5.0	4.8	4.4	4.5	4.3	4.5	4.8	4.8	4.6	4.8	4.5	4.5	4.7	4.5	4.5
yardsPerCarry	400	verdict	ok	ok	ok	OFF	OFF	ok	OFF	OFF	OFF	OFF	OFF	ok	OFF	ok	OFF	OFF	OFF	ok	ok	ok	ok	OFF	OFF	ok	OFF	ok	ok	OFF	ok	ok
yardsPerCompletion	100	value	10.4	9.9	10.2	9.8	9.5	10.2	9.9	10.1	9.9	10.4	9.5	9.6	9.8	10.0	10.0	10.0	10.1	10.27	9.7	9.9	10.0	9.8	9.9	10.1	10.1	9.9	9.7	9.9	9.8	10.1
yardsPerCompletion	100	verdict	ok	OFF	OFF	OFF	OFF	OFF	OFF	OFF	OFF	ok	OFF	OFF	OFF	OFF	OFF	OFF	OFF	OFF	OFF	OFF	OFF	OFF	OFF	OFF	OFF	OFF	OFF	OFF	OFF	OFF
yardsPerCompletion	200	value	10.26	10.0	10.2	9.9	9.7	10.1	10.0	9.9	9.7	10.1	9.7	9.7	9.8	10.2	10.2	9.9	10.2	10.0	9.8	9.9	10.0	9.9	10.0	10.2	9.9	10.0	9.8	10.0	9.9	10.0
yardsPerCompletion	200	verdict	OFF	OFF	OFF	OFF	OFF	OFF	OFF	OFF	OFF	OFF	OFF	OFF	OFF	OFF	OFF	OFF	OFF	OFF	OFF	OFF	OFF	OFF	OFF	OFF	OFF	OFF	OFF	OFF	OFF	OFF
yardsPerCompletion	400	value	10.27	10.0	10.25	9.9	9.8	10.1	10.0	9.9	9.7	10.0	9.8	9.6	9.7	10.2	10.1	9.9	10.2	9.9	9.8	10.0	10.0	9.8	9.9	10.0	9.9	9.9	10.0	10.1	9.9	10.0
yardsPerCompletion	400	verdict	OFF	OFF	OFF	OFF	OFF	OFF	OFF	OFF	OFF	OFF	OFF	OFF	OFF	OFF	OFF	OFF	OFF	OFF	OFF	OFF	OFF	OFF	OFF	OFF	OFF	OFF	OFF	OFF	OFF	OFF
yardsPerPlay	100	value	5.2	5.0	5.0	4.9	5.1	5.1	5.2	5.2	5.2	5.3	4.9	4.9	5.1	5.0	5.4	5.2	5.2	5.2	5.0	4.8	5.1	4.9	5.0	5.0	5.0	5.0	5.0	5.0	5.1	4.9
yardsPerPlay	100	verdict	ok	ok	ok	ok	ok	ok	ok	ok	ok	ok	ok	ok	ok	ok	ok	ok	ok	ok	ok	ok	ok	ok	ok	ok	ok	ok	ok	ok	ok	ok
yardsPerPlay	200	value	5.1	5.0	5.0	5.0	5.1	5.0	5.2	5.1	5.1	5.2	5.0	4.9	5.1	5.1	5.3	5.1	5.2	5.1	5.0	4.9	5.1	5.0	5.0	5.1	5.0	5.0	5.0	5.0	5.1	4.9
yardsPerPlay	200	verdict	ok	ok	ok	ok	ok	ok	ok	ok	ok	ok	ok	ok	ok	ok	ok	ok	ok	ok	ok	ok	ok	ok	ok	ok	ok	ok	ok	ok	ok	ok
yardsPerPlay	400	value	5.1	5.0	5.0	5.0	5.2	5.0	5.2	5.1	5.2	5.2	5.0	4.9	5.1	5.1	5.3	5.1	5.2	5.1	5.0	4.9	5.1	5.0	5.0	5.1	5.0	5.0	5.0	5.1	5.1	4.9
yardsPerPlay	400	verdict	ok	ok	ok	ok	ok	ok	ok	ok	ok	ok	ok	ok	ok	ok	ok	ok	ok	ok	ok	ok	ok	ok	ok	ok	ok	ok	ok	ok	ok	ok
ypcEvenCount	100	value	4.8	4.8	4.7	4.9	5.6	4.9	5.3	5.0	5.4	5.01	4.9	4.8	5.5	4.7	5.1	5.3	5.1	4.7	5.0	4.4	4.8	4.9	5.04	4.8	4.9	4.8	4.6	4.8	4.7	4.9
ypcEvenCount	100	verdict	ok	ok	ok	ok	OFF	ok	OFF	ok	OFF	OFF	ok	ok	OFF	ok	OFF	OFF	OFF	ok	ok	ok	ok	ok	OFF	ok	ok	ok	ok	ok	ok	ok
ypcEvenCount	200	value	4.8	4.8	4.6	5.0	5.5	4.7	5.3	5.0	5.5	5.1	4.9	4.7	5.5	4.7	5.2	5.3	5.0	4.7	4.9	4.5	4.9	5.1	5.2	4.8	5.04	4.9	4.8	4.8	4.7	4.9
ypcEvenCount	200	verdict	ok	ok	ok	ok	OFF	ok	OFF	ok	OFF	OFF	ok	ok	OFF	ok	OFF	OFF	ok	ok	ok	ok	ok	OFF	OFF	ok	OFF	ok	ok	ok	ok	ok
ypcEvenCount	400	value	4.7	4.8	4.5	4.9	5.5	4.7	5.3	4.9	5.5	5.1	5.0	4.7	5.5	4.7	5.2	5.2	5.1	4.7	4.9	4.5	4.8	5.1	5.04	4.9	5.1	4.8	4.8	4.9	4.7	4.9
ypcEvenCount	400	verdict	ok	ok	ok	ok	OFF	ok	OFF	ok	OFF	OFF	ok	ok	OFF	ok	OFF	OFF	OFF	ok	ok	ok	ok	OFF	OFF	ok	OFF	ok	ok	ok	ok	ok
ypcOutnumberedByOne	100	verdict	n/a	n/a	n/a	n/a	n/a	n/a	n/a	n/a	n/a	n/a	n/a	n/a	n/a	n/a	n/a	n/a	n/a	n/a	n/a	n/a	n/a	n/a	n/a	n/a	n/a	n/a	n/a	n/a	n/a	n/a
ypcOutnumberedByOne	200	verdict	n/a	n/a	n/a	n/a	n/a	n/a	n/a	n/a	n/a	n/a	n/a	n/a	n/a	n/a	n/a	n/a	n/a	n/a	n/a	n/a	n/a	n/a	n/a	n/a	n/a	n/a	n/a	n/a	n/a	n/a
ypcOutnumberedByOne	400	verdict	n/a	n/a	n/a	n/a	n/a	n/a	n/a	n/a	n/a	n/a	n/a	n/a	n/a	n/a	n/a	n/a	n/a	n/a	n/a	n/a	n/a	n/a	n/a	n/a	n/a	n/a	n/a	n/a	n/a	n/a
ypcOutnumberingByOne	100	value	—	4.94	5.0	—	6.1	6.2	—	—	5.4	6.0	—	5.6	—	—	5.6	—	5.1	—	6.2	—	5.5	—	5.0	4.3	—	—	5.0	5.7	5.7	5.1
ypcOutnumberingByOne	100	verdict	n/a	OFF	OFF	n/a	OFF	OFF	n/a	n/a	OFF	OFF	n/a	OFF	n/a	n/a	OFF	n/a	OFF	n/a	OFF	n/a	OFF	n/a	OFF	ok	n/a	n/a	OFF	OFF	OFF	OFF
ypcOutnumberingByOne	200	value	4.9	5.7	4.6	4.9	6.1	5.9	6.0	5.3	5.8	6.3	5.2	5.5	6.5	5.3	6.0	6.1	5.5	5.2	5.7	5.6	5.6	5.2	5.0	4.7	5.7	5.2	5.3	5.8	5.4	5.1
ypcOutnumberingByOne	200	verdict	ok	OFF	ok	ok	OFF	OFF	OFF	OFF	OFF	OFF	OFF	OFF	OFF	OFF	OFF	OFF	OFF	OFF	OFF	OFF	OFF	OFF	OFF	ok	OFF	OFF	OFF	OFF	OFF	OFF
ypcOutnumberingByOne	400	value	5.2	5.4	4.7	5.3	6.3	5.5	5.6	5.1	5.9	6.0	5.6	5.3	6.6	5.1	5.9	6.0	5.6	5.4	5.6	5.2	5.5	5.5	5.3	4.8	5.5	5.4	5.6	5.6	5.4	5.0
ypcOutnumberingByOne	400	verdict	OFF	OFF	ok	OFF	OFF	OFF	OFF	OFF	OFF	OFF	OFF	OFF	OFF	OFF	OFF	OFF	OFF	OFF	OFF	OFF	OFF	OFF	OFF	ok	OFF	OFF	OFF	OFF	OFF	OFF
