# simharness noise sweep — every graded row at 30 seeds, one unchanged tree.
# Written by scripts/harness-noise.py --sweep; read by --report. Do not hand-edit.
#
# tree              c88a831211fcd8f3b0c70978889d3d21dfe671ae
# working tree      clean
# seeds             1-30
# games             400, 200, 100 — the shorter runs are the FIRST n games of the longest,
#                   same world, same games, same draws
# machine           x86_64, 4 cores, Intel(R) Xeon(R) Processor @ 2.80GHz
# note              E2 #42 on 2fecf8b: the harness reads the record; sixteen rows arrive with bands
#
# run               seeds 1-15 at 400 and 200 and 100 games, 2026-09-15T15:58Z, 414 s, back to back
# run               seeds 16-30 at 400 and 200 and 100 games, 2026-09-15T16:05Z, 404 s, back to back
#
# One line per row per game count: `value` is what the column printed, `verdict`
# is the mark beside it. A `count:` row is a trial count the run printed or a
# printed row implies, kept so the binomial and Poisson models can be recomputed
# without re-running the sweep.
id	games	field	s1	s2	s3	s4	s5	s6	s7	s8	s9	s10	s11	s12	s13	s14	s15	s16	s17	s18	s19	s20	s21	s22	s23	s24	s25	s26	s27	s28	s29	s30
averageStart.2024	100	value	31.4	32.0	31.8	31.9	32.4	32.4	32.2	31.6	32.1	32.4	32.1	31.9	32.2	31.6	31.8	32.1	32.2	32.4	31.8	31.8	32.2	31.8	32.1	31.8	31.9	32.0	31.9	31.8	32.1	31.7
averageStart.2024	100	verdict	stale	stale	stale	stale	stale	stale	stale	stale	stale	stale	stale	stale	stale	stale	stale	stale	stale	stale	stale	stale	stale	stale	stale	stale	stale	stale	stale	stale	stale	stale
averageStart.2024	200	value	31.6	32.0	31.9	32.0	32.2	32.3	31.9	32.1	32.0	32.3	32.0	32.0	32.1	31.6	32.0	32.1	32.1	32.6	31.7	32.0	32.0	32.3	31.9	32.2	31.8	32.3	31.7	31.7	32.2	31.8
averageStart.2024	200	verdict	stale	stale	stale	stale	stale	stale	stale	stale	stale	stale	stale	stale	stale	stale	stale	stale	stale	stale	stale	stale	stale	stale	stale	stale	stale	stale	stale	stale	stale	stale
averageStart.2024	400	value	31.8	32.2	31.9	32.0	32.0	32.4	32.0	32.2	32.0	32.0	32.1	32.1	32.2	31.9	31.9	32.2	31.9	32.7	31.8	32.4	32.0	32.0	32.1	32.1	31.9	32.1	31.9	31.8	32.0	31.9
averageStart.2024	400	verdict	stale	stale	stale	stale	stale	stale	stale	stale	stale	stale	stale	stale	stale	stale	stale	stale	stale	stale	stale	stale	stale	stale	stale	stale	stale	stale	stale	stale	stale	stale
averageStart.2025	100	value	31.4	32.0	31.8	31.9	32.4	32.4	32.2	31.6	32.1	32.4	32.1	31.9	32.2	31.6	31.8	32.1	32.2	32.4	31.8	31.8	32.2	31.8	32.1	31.8	31.9	32.0	31.9	31.8	32.1	31.7
averageStart.2025	100	verdict	ok	ok	ok	ok	OFF	OFF	ok	ok	ok	OFF	ok	ok	ok	ok	ok	ok	ok	OFF	ok	ok	ok	ok	ok	ok	ok	ok	ok	ok	ok	ok
averageStart.2025	200	value	31.6	32.0	31.9	32.0	32.2	32.33	31.9	32.1	32.0	32.3	32.0	32.0	32.1	31.6	32.0	32.1	32.1	32.6	31.7	32.0	32.0	32.3	31.9	32.2	31.8	32.3	31.7	31.7	32.2	31.8
averageStart.2025	200	verdict	ok	ok	ok	ok	ok	OFF	ok	ok	ok	ok	ok	ok	ok	ok	ok	ok	ok	OFF	ok	ok	ok	ok	ok	ok	ok	ok	ok	ok	ok	ok
averageStart.2025	400	value	31.8	32.2	31.9	32.0	32.0	32.4	32.0	32.2	32.0	32.0	32.1	32.1	32.2	31.9	31.9	32.2	31.9	32.7	31.8	32.4	32.0	32.0	32.1	32.1	31.9	32.1	31.9	31.8	32.0	31.9
averageStart.2025	400	verdict	ok	ok	ok	ok	ok	OFF	ok	ok	ok	ok	ok	ok	ok	ok	ok	ok	ok	OFF	ok	OFF	ok	ok	ok	ok	ok	ok	ok	ok	ok	ok
betweenTeamSigma	100	value	6.27	5.46	8.84	5.76	6.88	6.11	5.75	8.56	6.79	5.47	5.03	5.18	6.64	7.34	7.55	6.24	8.59	5.29	5.45	6.39	4.02	4.47	7.05	6.04	5.50	4.23	5.57	4.32	6.23	5.90
betweenTeamSigma	100	verdict	(OFF)	(ok)	(OFF)	(ok)	(OFF)	(OFF)	(ok)	(OFF)	(OFF)	(ok)	(ok)	(ok)	(OFF)	(OFF)	(OFF)	(OFF)	(OFF)	(ok)	(ok)	(OFF)	(OFF)	(OFF)	(OFF)	(OFF)	(ok)	(OFF)	(ok)	(OFF)	(OFF)	(ok)
betweenTeamSigma	200	value	5.68	5.54	7.02	6.27	6.73	5.72	5.44	7.15	5.97	5.40	6.39	6.93	6.63	6.32	5.78	6.06	7.90	6.53	6.00	6.29	3.22	5.64	5.86	7.67	5.48	4.58	4.84	4.55	6.24	5.67
betweenTeamSigma	200	verdict	(ok)	(ok)	(OFF)	(OFF)	(OFF)	(ok)	(ok)	(OFF)	(ok)	(ok)	(OFF)	(OFF)	(OFF)	(OFF)	(ok)	(OFF)	(OFF)	(OFF)	(ok)	(OFF)	(OFF)	(ok)	(ok)	(OFF)	(ok)	(OFF)	(ok)	(OFF)	(OFF)	(ok)
betweenTeamSigma	400	value	6.15	6.65	6.45	6.09	6.29	6.52	6.07	7.07	5.41	6.02	6.33	6.37	6.85	6.01	5.61	6.54	7.18	6.45	5.42	5.76	4.21	5.79	6.30	7.30	5.87	5.65	5.70	5.04	6.33	6.17
betweenTeamSigma	400	verdict	(OFF)	(OFF)	(OFF)	(OFF)	(OFF)	(OFF)	(OFF)	(OFF)	(ok)	(OFF)	(OFF)	(OFF)	(OFF)	(OFF)	(ok)	(OFF)	(OFF)	(OFF)	(ok)	(ok)	(OFF)	(ok)	(OFF)	(OFF)	(ok)	(ok)	(ok)	(ok)	(OFF)	(OFF)
carries10plus	100	value	12.8	10.8	11.9	10.5	11.5	11.201	10.5	12.7	12.2	9.9	11.8	9.6	11.1	11.0	11.0	13.1	11.8	12.1	11.6	10.1	11.4	12.3	12.0	12.7	12.3	11.7	12.5	11.0	12.2	9.5
carries10plus	100	verdict	OFF	ok	OFF	ok	OFF	OFF	ok	OFF	OFF	ok	OFF	ok	ok	ok	ok	OFF	OFF	OFF	OFF	ok	OFF	OFF	OFF	OFF	OFF	OFF	OFF	ok	OFF	OFF
carries10plus	200	value	12.5	11.5	12.1	10.8	11.22	11.21	10.5	12.5	12.0	10.3	11.8	9.6	11.8	11.3	11.4	12.9	11.6	12.0	11.7	10.3	11.2	12.4	12.0	12.7	11.8	11.9	12.7	10.6	12.6	9.7
carries10plus	200	verdict	OFF	OFF	OFF	ok	OFF	OFF	ok	OFF	OFF	ok	OFF	ok	OFF	OFF	OFF	OFF	OFF	OFF	OFF	ok	ok	OFF	OFF	OFF	OFF	OFF	OFF	ok	OFF	ok
carries10plus	400	value	12.3	11.7	12.0	10.8	11.0	10.9	10.7	12.7	11.5	10.4	11.6	9.7	12.3	11.4	11.5	13.0	11.5	11.6	11.5	10.6	11.3	12.3	12.1	12.5	12.0	11.8	12.9	10.4	12.5	9.7
carries10plus	400	verdict	OFF	OFF	OFF	ok	ok	ok	ok	OFF	OFF	ok	OFF	ok	OFF	OFF	OFF	OFF	OFF	OFF	OFF	ok	OFF	OFF	OFF	OFF	OFF	OFF	OFF	ok	OFF	ok
carries20plus	100	value	3.1	2.9	2.8	2.3	3.1	2.8	2.4	3.3	3.0	2.4	2.6	2.3	2.6	2.1	2.7	3.1	2.8	2.6	2.7	2.1	2.9	3.7	2.9	3.5	3.3	3.0	3.1	2.8	3.0	1.98
carries20plus	100	verdict	OFF	OFF	OFF	ok	OFF	OFF	ok	OFF	OFF	ok	OFF	ok	OFF	ok	OFF	OFF	OFF	OFF	OFF	ok	OFF	OFF	OFF	OFF	OFF	OFF	OFF	OFF	OFF	OFF
carries20plus	200	value	3.0	3.1	2.8	2.6	2.9	2.54	2.3	3.1	2.9	2.3	2.8	2.4	2.8	2.5	2.9	3.0	2.7	2.7	2.7	2.3	2.8	3.4	3.0	3.3	3.0	3.2	3.2	2.6	3.0	2.1
carries20plus	200	verdict	OFF	OFF	OFF	OFF	OFF	OFF	ok	OFF	OFF	ok	OFF	ok	OFF	ok	OFF	OFF	OFF	OFF	OFF	ok	OFF	OFF	OFF	OFF	OFF	OFF	OFF	OFF	OFF	ok
carries20plus	400	value	3.0	3.1	2.8	2.7	2.9	2.6	2.5	3.0	2.7	2.3	2.8	2.4	2.9	2.52	3.0	3.2	2.8	2.6	2.7	2.5	2.8	3.4	2.9	3.2	3.2	3.0	3.3	2.5	3.0	2.2
carries20plus	400	verdict	OFF	OFF	OFF	OFF	OFF	OFF	ok	OFF	OFF	ok	OFF	ok	OFF	OFF	OFF	OFF	OFF	OFF	OFF	ok	OFF	OFF	OFF	OFF	OFF	OFF	OFF	ok	OFF	ok
carries2orFewer	100	value	40.1	43.0	41.6	45.5	42.5	43.4	45.0	39.8	42.1	45.0	41.3	46.2	41.6	41.5	44.2	39.7	42.8	40.5	41.7	45.3	43.5	40.6	42.2	40.8	41.2	40.8	40.0	44.9	38.7	46.9
carries2orFewer	100	verdict	OFF	ok	ok	ok	ok	ok	ok	OFF	ok	ok	ok	ok	ok	ok	ok	OFF	ok	OFF	ok	ok	ok	ok	ok	ok	ok	ok	OFF	ok	OFF	OFF
carries2orFewer	200	value	40.1	42.6	41.2	44.6	43.1	43.9	44.8	40.0	42.4	45.6	41.6	46.0	41.7	41.8	43.4	39.9	42.9	40.9	41.7	45.5	43.8	41.1	41.3	41.1	41.4	41.5	40.4	45.3	39.0	47.0
carries2orFewer	200	verdict	OFF	ok	ok	ok	ok	ok	ok	OFF	ok	ok	ok	ok	ok	ok	ok	OFF	ok	ok	ok	ok	ok	ok	ok	ok	ok	ok	OFF	ok	OFF	OFF
carries2orFewer	400	value	40.3	42.4	41.2	44.9	44.0	44.5	45.0	39.7	42.3	44.9	42.1	45.8	41.2	41.6	43.1	39.5	42.7	40.7	42.3	44.7	43.7	41.2	40.5	41.3	41.7	41.6	40.1	45.5	39.6	46.8
carries2orFewer	400	verdict	OFF	ok	ok	ok	ok	ok	ok	OFF	ok	ok	ok	ok	ok	ok	ok	OFF	ok	ok	ok	ok	ok	ok	OFF	ok	ok	ok	OFF	ok	OFF	OFF
carriesStuffed	100	value	17.2	19.2	18.3	20.8	19.2	19.1	21.1	17.7	18.7	20.5	17.6	21.0	18.1	18.4	18.6	17.1	19.5	18.0	18.3	21.0	19.2	17.6	18.1	18.0	17.6	18.1	16.7	20.1	16.2	21.0
carriesStuffed	100	verdict	OFF	ok	ok	OFF	ok	ok	OFF	ok	ok	OFF	ok	OFF	ok	ok	ok	OFF	ok	ok	ok	OFF	ok	ok	ok	ok	ok	ok	OFF	OFF	OFF	OFF
carriesStuffed	200	value	17.49	19.3	17.8	20.5	19.4	19.8	20.9	17.46	18.9	20.5	17.7	20.8	18.2	18.4	19.1	17.3	19.2	17.9	17.9	21.2	19.4	17.48	17.9	17.8	17.9	18.6	17.0	20.2	16.5	21.2
carriesStuffed	200	verdict	OFF	ok	ok	OFF	ok	ok	OFF	OFF	ok	OFF	ok	OFF	ok	ok	ok	OFF	ok	ok	ok	OFF	ok	OFF	ok	ok	ok	ok	OFF	OFF	OFF	OFF
carriesStuffed	400	value	17.5	19.2	18.1	20.5	19.8	20.1	20.9	17.2	18.5	20.3	18.3	20.5	17.7	18.6	18.9	17.6	19.3	17.9	18.6	20.7	19.7	18.0	17.6	18.2	18.1	18.4	17.0	20.5	17.1	21.3
carriesStuffed	400	verdict	ok	ok	ok	OFF	ok	OFF	OFF	OFF	ok	OFF	ok	OFF	ok	ok	ok	ok	ok	ok	ok	OFF	ok	ok	ok	ok	ok	ok	OFF	OFF	OFF	OFF
checkdownsPerDropback	100	value	16.0	15.0	13.9	14.1	14.8	13.9	14.8	13.0	11.4	13.4	14.5	13.6	14.6	13.4	13.2	14.9	13.3	16.8	13.3	17.3	12.8	13.9	15.7	16.1	13.6	15.3	14.1	14.6	13.5	14.4
checkdownsPerDropback	100	verdict	unsourced	unsourced	unsourced	unsourced	unsourced	unsourced	unsourced	unsourced	unsourced	unsourced	unsourced	unsourced	unsourced	unsourced	unsourced	unsourced	unsourced	unsourced	unsourced	unsourced	unsourced	unsourced	unsourced	unsourced	unsourced	unsourced	unsourced	unsourced	unsourced	unsourced
checkdownsPerDropback	200	value	16.0	15.2	14.4	14.4	14.8	14.2	14.5	13.0	11.3	13.3	14.5	13.9	15.3	13.3	13.1	14.9	13.3	16.9	13.0	17.2	12.9	14.7	15.3	16.5	13.5	15.6	14.1	14.5	13.5	14.5
checkdownsPerDropback	200	verdict	unsourced	unsourced	unsourced	unsourced	unsourced	unsourced	unsourced	unsourced	unsourced	unsourced	unsourced	unsourced	unsourced	unsourced	unsourced	unsourced	unsourced	unsourced	unsourced	unsourced	unsourced	unsourced	unsourced	unsourced	unsourced	unsourced	unsourced	unsourced	unsourced	unsourced
checkdownsPerDropback	400	value	15.9	15.6	14.2	14.3	14.5	14.3	14.7	13.1	11.4	13.3	14.1	13.6	15.5	13.5	12.9	15.1	13.2	16.9	13.5	17.2	12.9	14.4	15.2	16.4	13.9	15.9	14.1	14.2	13.4	14.5
checkdownsPerDropback	400	verdict	unsourced	unsourced	unsourced	unsourced	unsourced	unsourced	unsourced	unsourced	unsourced	unsourced	unsourced	unsourced	unsourced	unsourced	unsourced	unsourced	unsourced	unsourced	unsourced	unsourced	unsourced	unsourced	unsourced	unsourced	unsourced	unsourced	unsourced	unsourced	unsourced	unsourced
completionPercentage	100	value	59.7	61.3	63.2	61.6	61.3	61.1	63.0	63.7	65.1	64.8	61.3	62.7	58.6	65.3	62.5	60.7	62.4	60.6	61.6	62.9	64.4	62.5	60.8	60.8	61.8	62.2	62.3	60.8	61.8	64.9
completionPercentage	100	verdict	OFF	ok	ok	ok	ok	OFF	ok	ok	ok	ok	ok	ok	OFF	ok	ok	OFF	ok	OFF	ok	ok	ok	ok	OFF	OFF	ok	ok	ok	OFF	ok	ok
completionPercentage	200	value	59.9	61.5	63.3	61.8	61.1	61.1	62.4	63.3	64.6	64.0	61.0	62.6	58.6	64.8	62.4	61.8	62.6	60.3	62.1	62.3	63.6	62.2	60.8	60.3	61.7	61.4	62.2	60.9	61.4	64.2
completionPercentage	200	verdict	OFF	ok	ok	ok	OFF	OFF	ok	ok	ok	ok	OFF	ok	OFF	ok	ok	ok	ok	OFF	ok	ok	ok	ok	OFF	OFF	ok	ok	ok	OFF	ok	ok
completionPercentage	400	value	59.9	61.19	63.3	62.4	61.6	61.19	61.4	63.3	64.4	64.6	61.0	62.9	58.6	64.8	62.4	61.8	62.3	59.9	62.3	62.5	64.0	62.1	61.1	60.7	61.5	60.9	61.8	61.1	61.6	63.8
completionPercentage	400	verdict	OFF	OFF	ok	ok	ok	OFF	ok	ok	ok	ok	OFF	ok	OFF	ok	ok	ok	ok	OFF	ok	ok	ok	ok	OFF	OFF	ok	OFF	ok	OFF	ok	ok
completionsZeroOrFewer	100	value	6.0	5.2	5.5	5.7	5.4	5.4	5.9	5.2	6.0	5.3	6.0	5.2	5.7	6.4	5.5	6.3	5.4	6.3	5.7	6.3	5.6	5.4	5.5	5.8	5.8	5.9	5.5	5.8	5.6	5.4
completionsZeroOrFewer	100	verdict	OFF	ok	ok	OFF	ok	ok	OFF	ok	OFF	ok	OFF	ok	OFF	OFF	ok	OFF	ok	OFF	OFF	OFF	ok	ok	ok	OFF	OFF	OFF	ok	OFF	ok	ok
completionsZeroOrFewer	200	value	5.9	5.62	5.9	5.6	5.5	5.61	5.8	5.3	5.6	5.5	5.7	5.1	5.3	6.0	5.6	5.9	5.5	6.0	5.8	5.9	5.1	5.5	5.7	6.1	6.0	6.3	5.5	5.62	5.7	5.2
completionsZeroOrFewer	200	verdict	OFF	OFF	OFF	ok	ok	OFF	OFF	ok	ok	ok	OFF	ok	ok	OFF	ok	OFF	ok	OFF	OFF	OFF	ok	ok	OFF	OFF	OFF	OFF	ok	OFF	OFF	ok
completionsZeroOrFewer	400	value	6.0	5.4	5.9	5.5	5.7	5.61	5.5	5.6	5.7	5.5	5.7	5.3	5.5	5.7	5.7	6.0	5.4	5.8	5.9	6.1	5.4	5.8	5.7	6.0	6.0	6.1	5.5	5.7	5.65	5.4
completionsZeroOrFewer	400	verdict	OFF	ok	OFF	ok	OFF	OFF	ok	ok	OFF	ok	OFF	ok	ok	OFF	OFF	OFF	ok	OFF	OFF	OFF	ok	OFF	OFF	OFF	OFF	OFF	ok	OFF	OFF	ok
count:attempts	100	value	6530	6706.666667	6794.520548	6790.47619	6672.131148	6701.639344	6638.709677	6333.333333	6535.384615	6552.238806	6550.819672	6828.571429	6667.79661	6393.846154	6698.412698	6780	6716.129032	6571.929825	6609.836066	6448.387097	6507.936508	6493.548387	6538.709677	6613.333333	6520.634921	6622.580645	6666.666667	6636.065574	6670	6458.461538
count:attempts	200	value	13100	13166.666667	13421.538462	13387.096774	13486.666667	13350.819672	13547.540984	12857.142857	13144.615385	13200	13357.377049	13406.25	13349.152542	13093.75	13496.774194	13403.278689	13320.634921	13150.877193	13136.507937	13298.360656	13352.380952	13134.42623	13278.688525	13294.915254	13206.451613	13313.333333	13344.262295	13298.360656	13066.666667	13193.846154
count:attempts	400	value	26562.711864	26200	26730.15873	26387.301587	26609.836066	26819.672131	26898.360656	25725	26289.230769	26215.384615	26322.580645	26550	26522.033898	26175	26864.516129	26321.311475	26615.873016	25972.413793	26567.741935	26400	26692.063492	25832.258065	26308.196721	26549.152542	26167.741935	26373.333333	26622.95082	26859.016393	26216.393443	26237.5
count:carries	100	value	6420	6150	6150	6153	6227	6285	6276	6288	6181	6177	6281	6125	6222	6214	6274	6247	6192	6261	6302	6112	6226	6339	6249	6225	6257	6235	6179	6150	6164	6197
count:carries	200	value	12632	12308	12289	12387	12451	12653	12416	12637	12479	12276	12579	12324	12367	12370	12481	12507	12440	12650	12569	12245	12378	12673	12442	12484	12524	12431	12393	12305	12496	12380
count:carries	400	value	25117	24759	24812	24775	24709	25069	24834	25274	25032	24637	25144	24618	25013	24898	24942	25049	25095	25237	25069	24499	24813	25316	25078	24996	25083	24868	24856	24605	24975	24758
count:completions	100	value	3898.41	4111.186667	4294.136986	4182.933333	4090.016393	4094.701639	4182.387097	4034.333333	4254.535385	4245.850746	4015.652459	4281.514286	3907.328814	4175.181538	4186.507937	4115.46	4190.864516	3982.589474	4071.659016	4056.035484	4191.111111	4058.467742	3975.535484	4020.906667	4029.752381	4119.245161	4153.333333	4034.727869	4122.06	4191.541538
count:completions	200	value	7846.9	8097.5	8495.833846	8273.225806	8240.353333	8157.35082	8453.665574	8138.571429	8491.421538	8448	8148	8392.3125	7822.60339	8484.75	8421.987097	8283.22623	8338.71746	7929.978947	8157.771429	8284.878689	8492.114286	8169.613115	8073.442623	8016.833898	8148.380645	8174.386667	8300.131148	8098.701639	8022.933333	8470.449231
count:completions	400	value	15911.064407	16031.78	16920.190476	16465.67619	16391.659016	16410.957377	16515.593443	16283.925	16930.264615	16935.138462	16056.774194	16699.95	15541.911864	16961.4	16763.458065	16266.570492	16581.688889	15557.475862	16551.703226	16500	17082.920635	16041.832258	16074.308197	16115.335593	16093.16129	16061.36	16452.983607	16410.859016	16149.298361	16739.525
count:drives	100	value	2280	2280	2260	2260	2280	2280	2240	2180	2160	2180	2240	2260	2300	2160	2260	2280	2260	2280	2260	2280	2200	2220	2220	2320	2260	2240	2220	2240	2220	2180
count:drives	200	value	4640	4520	4480	4480	4600	4560	4560	4400	4360	4440	4520	4560	4600	4360	4520	4520	4480	4600	4440	4600	4440	4480	4480	4640	4480	4560	4440	4560	4400	4440
count:drives	400	value	9200	9040	8880	8960	9120	9200	9280	8800	8720	8800	9120	9040	9200	8720	8880	9040	8960	9280	8960	9200	8960	8960	8960	9200	9040	9120	8960	9200	8880	8960
count:dropbacks	100	value	6981.327801	7233.229058	7306.792237	7256.212256	7114.007399	7132.754741	7114.844064	6777.662157	6994.168863	7029.354268	7048.669098	7304.219097	7185.204802	6840.089371	7148.614195	7233.160622	7166.97309	7045.570357	7089.226679	6931.795319	6984.2925	6982.862903	7058.091426	7107.638889	7021.494709	7099.459568	7146.833681	7123.897579	7144.340602	6935.058711
count:dropbacks	200	value	14054.054054	14158.862296	14388.293619	14361.55914	14426.002766	14276.210841	14504.196245	13710.729105	14065.021168	14149.377593	14306.725908	14348.445596	14384.533898	14068.347193	14421.527662	14384.265024	14227.035224	14113.060429	14021.273793	14286.978874	14295.614296	14054.440529	14290.300546	14241.864231	14164.710616	14311.481096	14302.04193	14239.460141	14004.845967	14157.680326
count:dropbacks	400	value	28414.031012	28178.980229	28659.208659	28361.772487	28474.933678	28704.323452	28762.575966	27375.776398	28171.5792	28094.895758	28206.210431	28442.367601	28514.083141	28052.959502	28697.630839	28134.140535	28427.697836	27829.951968	28389.773792	28416.666667	28506.815672	27668.317494	28291.567868	28411.983965	28145.413044	28329.86833	28506.185883	28793.156334	28125.149109	28147.089397
count:fieldGoals	100	value	317	342	344	354	360	347	360	326	356	348	357	370	367	322	340	346	325	367	375	321	365	343	371	336	348	360	349	359	355	365
count:fieldGoals	200	value	660	694	676	703	716	730	721	662	682	694	702	724	734	691	700	700	658	731	744	686	742	690	741	698	702	746	712	681	695	737
count:fieldGoals	400	value	1366	1441	1380	1399	1425	1409	1458	1324	1385	1392	1371	1458	1443	1407	1407	1442	1333	1473	1462	1441	1445	1398	1448	1402	1402	1486	1427	1382	1379	1422
count:fieldGoals.30to39	100	value	108	106	96	108	101	107	105	98	109	113	116	106	115	90	93	102	106	108	85	96	101	104	97	105	100	95	99	112	97	107
count:fieldGoals.30to39	200	value	216	224	203	214	201	218	215	195	204	219	204	198	212	194	192	211	206	219	205	206	221	206	213	203	205	201	200	189	204	221
count:fieldGoals.30to39	400	value	420	452	428	417	406	415	422	393	392	442	405	425	414	401	402	433	414	437	416	405	421	414	439	408	391	412	406	397	387	417
count:fieldGoals.40to49	100	value	111	111	117	133	123	103	109	101	105	102	121	129	120	96	130	113	97	111	142	112	118	110	127	113	119	115	125	110	131	116
count:fieldGoals.40to49	200	value	236	227	235	238	222	230	217	210	213	210	241	241	240	221	240	218	204	241	258	236	240	224	236	233	234	242	242	229	236	235
count:fieldGoals.40to49	400	value	464	472	451	470	448	438	457	417	427	421	467	483	475	453	459	455	408	500	477	478	460	450	481	470	457	493	474	472	473	469
count:fieldGoals.50plus	100	value	25	42	45	34	58	51	54	40	50	39	26	44	40	51	38	44	43	54	56	38	46	45	38	39	48	55	56	41	42	46
count:fieldGoals.50plus	200	value	67	67	77	77	107	96	105	88	94	80	75	90	94	108	81	99	75	104	103	84	89	79	81	93	101	109	106	72	81	78
count:fieldGoals.50plus	400	value	164	146	159	161	214	184	193	180	208	171	148	176	180	213	181	213	160	186	212	186	190	158	160	188	187	216	220	141	184	154
count:fieldGoals.under30	100	value	73	83	86	79	78	86	92	87	92	94	94	91	92	85	79	87	79	94	92	75	100	84	109	79	81	95	69	96	85	96
count:fieldGoals.under30	200	value	141	176	161	174	186	186	184	169	171	185	182	195	188	168	187	172	173	167	178	160	192	181	211	169	162	194	164	191	174	203
count:fieldGoals.under30	400	value	318	371	342	351	357	372	386	334	358	358	351	374	374	340	365	341	351	350	357	372	374	376	368	336	367	365	327	372	335	382
count:fourthDownGoes	100	value	300	300	280	280	300	280	300	250	260	260	300	300	280	260	260	260	280	250	256	280	300	260	300	240	260	300	260	280	240	300
count:fourthDownGoes	200	value	560	560	520	600	560	560	560	520	516	560	560	600	560	520	516	518	520	520	500	600	520	520	560	512	560	560	520	520	508	600
count:fourthDownGoes	400	value	1120	1120	1120	1120	1120	1200	1120	1016	1024	1120	1120	1200	1040	1040	1040	1040	1120	1120	1040	1120	1040	1040	1120	1032	1120	1040	1040	1120	1040	1120
count:fourthDowns	100	value	1631.32137	1621.621622	1481.481481	1530.054645	1538.461538	1590.909091	1612.903226	1436.781609	1354.166667	1405.405405	1604.278075	1587.301587	1573.033708	1444.444444	1468.926554	1494.252874	1538.461538	1552.795031	1523.809524	1573.033708	1554.404145	1485.714286	1538.461538	1548.387097	1452.513966	1562.5	1452.513966	1590.909091	1500	1587.301587
count:fourthDowns	200	value	3218.390805	3200	2872.928177	3174.603175	3060.10929	3093.922652	3274.853801	2841.530055	2850.828729	3010.752688	3076.923077	3243.243243	3236.99422	2905.027933	3035.294118	2994.219653	2905.027933	3095.238095	2958.579882	3351.955307	2954.545455	2921.348315	3163.841808	3141.104294	3093.922652	3128.49162	2937.853107	3132.53012	2936.416185	3243.243243
count:fourthDowns	400	value	6436.781609	6436.781609	6054.054054	5957.446809	6400	6486.486486	6627.218935	5675.977654	5657.458564	6021.505376	6187.845304	6486.486486	6153.846154	5810.055866	5842.696629	5909.090909	6153.846154	6363.636364	5942.857143	6588.235294	5942.857143	5810.055866	6222.222222	6216.86747	6327.683616	6190.47619	5810.055866	6400	5842.696629	6187.845304
count:games	100	value	100	100	100	100	100	100	100	100	100	100	100	100	100	100	100	100	100	100	100	100	100	100	100	100	100	100	100	100	100	100
count:games	200	value	200	200	200	200	200	200	200	200	200	200	200	200	200	200	200	200	200	200	200	200	200	200	200	200	200	200	200	200	200	200
count:games	400	value	400	400	400	400	400	400	400	400	400	400	400	400	400	400	400	400	400	400	400	400	400	400	400	400	400	400	400	400	400	400
count:kickoffs	100	value	1024	1027	1114	1059	1053	1077	1024	1065	1109	1096	1062	1035	1047	1039	1048	1076	1078	1034	1085	976	1064	1060	1087	1056	1071	1062	1072	1043	1088	1007
count:kickoffs	200	value	2078	2053	2213	2087	2099	2122	2021	2171	2172	2130	2143	2085	2093	2115	2105	2143	2153	2057	2150	2009	2146	2131	2151	2125	2130	2101	2139	2066	2154	2064
count:kickoffs	400	value	4201	4173	4327	4169	4158	4207	4156	4384	4354	4191	4278	4163	4201	4256	4250	4300	4271	4185	4249	4091	4290	4262	4286	4215	4240	4202	4330	4112	4263	4092
count:onsideKicks	100	value	15	21	16	22	28	17	18	23	33	24	14	22	18	28	18	21	24	24	20	14	25	13	20	20	28	29	19	20	23	17
count:onsideKicks	200	value	33	40	28	46	50	45	36	49	64	45	38	46	40	50	42	40	49	44	38	29	48	33	46	45	56	53	37	37	50	30
count:onsideKicks	400	value	74	71	61	84	87	93	74	107	113	91	82	84	82	88	90	81	102	90	80	66	80	67	75	95	91	96	81	75	97	75
count:plays	100	value	17100	17030	17100	17050	17020	17100	16900	16700	16800	16800	17000	17010	17100	16600	17100	17100	17100	16900	17100	16600	16800	16900	17010	17100	17000	17040	17000	17000	17100	16600
count:plays	200	value	34200	33800	34200	33800	34200	34040	34000	33600	33800	33600	34200	34000	34080	33400	34080	34200	34000	34000	34000	33800	33800	34000	34000	34200	33800	34060	34000	34004	34000	33600
count:plays	400	value	68400	67600	67600	67600	68000	68120	68400	67200	67600	67200	68160	67600	68400	67200	68000	68000	68000	68000	68000	67600	67600	67600	67600	68120	68016	68400	68400	68120	68000	67200
count:punts	100	value	970	974	859	917	907	921	914	857	774	825	913	924	924	868	914	896	917	937	896	994	848	898	850	985	875	877	864	927	877	895
count:punts	200	value	1959	1883	1719	1801	1861	1842	1936	1666	1642	1747	1822	1860	1887	1742	1827	1776	1786	1860	1721	1995	1736	1786	1768	1923	1802	1812	1714	1948	1728	1835
count:punts	400	value	3809	3772	3400	3600	3759	3752	3913	3310	3269	3506	3675	3681	3764	3391	3550	3513	3532	3721	3533	3894	3517	3531	3478	3784	3650	3703	3467	3875	3490	3747
count:scrimmage	100	value	13620	13540	13620	13540	13540	13620	13580	13280	13400	13360	13540	13580	13580	13264	13620	13600	13520	13460	13520	13280	13400	13440	13540	13520	13500	13540	13500	13460	13500	13300
count:scrimmage	200	value	27120	26840	27080	27000	27160	27160	27200	26640	26840	26760	27160	27080	27160	26680	27120	27200	26920	27040	27040	26880	27000	26960	27040	27040	26960	27040	27040	26960	26960	26840
count:scrimmage	400	value	54320	53840	54080	54000	54080	54240	54480	53520	53920	53440	54160	54000	54400	53520	54080	54080	54000	54000	54000	53680	53840	53920	54000	54000	54160	54160	54320	54160	53920	53680
count:teamGames	100	value	200	200	200	200	200	200	200	200	200	200	200	200	200	200	200	200	200	200	200	200	200	200	200	200	200	200	200	200	200	200
count:teamGames	200	value	400	400	400	400	400	400	400	400	400	400	400	400	400	400	400	400	400	400	400	400	400	400	400	400	400	400	400	400	400	400
count:teamGames	400	value	800	800	800	800	800	800	800	800	800	800	800	800	800	800	800	800	800	800	800	800	800	800	800	800	800	800	800	800	800	800
count:twoPointTries	100	value	36	48	44	50	36	56	38	46	48	40	36	34	50	32	48	40	42	24	44	44	44	54	32	36	44	52	40	48	54	32
count:twoPointTries	200	value	80	84	96	100	74	96	72	88	96	84	80	76	92	80	76	92	96	60	92	88	84	100	64	68	84	84	88	92	92	80
count:twoPointTries	400	value	152	168	168	184	152	176	160	176	192	168	160	152	160	160	152	184	192	128	168	144	184	176	136	152	168	152	168	176	160	152
defensiveReturnTouchdowns	100	value	0.11	0.15	0.16	0.12	0.14	0.16	0.11	0.14	0.145	0.12	0.15	0.18	0.15	0.14	0.16	0.10	0.18	0.13	0.17	0.15	0.14	0.17	0.16	0.145	0.14	0.12	0.16	0.19	0.14	0.12
defensiveReturnTouchdowns	100	verdict	ok	OFF	OFF	ok	ok	OFF	ok	ok	OFF	ok	OFF	OFF	OFF	ok	OFF	ok	OFF	ok	OFF	OFF	ok	OFF	OFF	OFF	ok	ok	OFF	OFF	ok	ok
defensiveReturnTouchdowns	200	value	0.13	0.15	0.15	0.14	0.13	0.15	0.09	0.14	0.15	0.11	0.15	0.15	0.16	0.143	0.13	0.11	0.16	0.11	0.15	0.145	0.11	0.14	0.145	0.14	0.15	0.16	0.16	0.18	0.11	0.11
defensiveReturnTouchdowns	200	verdict	ok	OFF	OFF	ok	ok	OFF	ok	ok	OFF	ok	OFF	OFF	OFF	OFF	ok	ok	OFF	ok	OFF	OFF	ok	ok	OFF	ok	OFF	OFF	OFF	OFF	ok	ok
defensiveReturnTouchdowns	400	value	0.15	0.145	0.13	0.15	0.14	0.17	0.13	0.14	0.12	0.11	0.15	0.15	0.16	0.14	0.13	0.11	0.143	0.12	0.14	0.14	0.11	0.13	0.14	0.141	0.12	0.16	0.15	0.17	0.12	0.11
defensiveReturnTouchdowns	400	verdict	OFF	OFF	ok	OFF	ok	OFF	ok	ok	ok	ok	OFF	OFF	OFF	ok	ok	ok	OFF	ok	ok	ok	ok	ok	ok	OFF	ok	OFF	OFF	OFF	ok	ok
driveEndDowns	100	value	4.6	4.6	4.9	5.2	5.0	5.4	5.4	4.8	4.69	4.8	5.0	5.5	5.6	5.0	4.9	4.9	5.3	5.6	3.8	5.6	5.5	4.6	5.5	3.6	5.0	5.0	4.4	4.9	3.9	5.9
driveEndDowns	100	verdict	OFF	OFF	ok	ok	ok	ok	ok	ok	OFF	ok	ok	ok	ok	ok	ok	ok	ok	ok	OFF	ok	ok	OFF	ok	OFF	ok	ok	OFF	ok	OFF	ok
driveEndDowns	200	value	4.67	4.5	4.6	5.5	5.0	5.6	5.0	4.7	4.4	5.2	5.1	5.5	5.2	4.9	4.6	4.8	5.2	5.0	4.1	5.6	4.7	4.7	4.9	4.1	4.7	5.0	4.4	4.7	4.2	5.6
driveEndDowns	200	verdict	OFF	OFF	OFF	ok	ok	ok	ok	ok	OFF	ok	ok	ok	ok	ok	OFF	ok	ok	ok	OFF	ok	ok	ok	ok	OFF	ok	ok	OFF	ok	OFF	ok
driveEndDowns	400	value	4.8	4.6	4.7	5.2	4.7	5.7	4.69	4.3	4.2	5.2	5.1	5.4	4.8	4.8	4.68	4.9	5.0	5.1	4.4	5.0	4.8	4.8	4.9	4.4	4.68	4.6	4.3	5.1	4.4	5.4
driveEndDowns	400	verdict	ok	OFF	ok	ok	ok	ok	OFF	OFF	OFF	ok	ok	ok	ok	ok	OFF	ok	ok	ok	OFF	ok	ok	ok	ok	OFF	OFF	OFF	OFF	ok	OFF	ok
driveEndPunt	100	value	42.2	41.8	37.3	39.9	39.1	39.6	40.0	38.6	35.3	37.1	40.3	40.3	39.7	39.5	40.1	38.6	39.6	40.3	38.7	43.0	37.9	39.8	37.9	41.9	38.5	38.4	38.2	41.1	38.8	40.2
driveEndPunt	100	verdict	OFF	OFF	ok	OFF	OFF	OFF	OFF	ok	ok	ok	OFF	OFF	OFF	OFF	OFF	ok	OFF	OFF	ok	OFF	ok	OFF	ok	OFF	ok	ok	ok	OFF	ok	OFF
driveEndPunt	200	value	41.8	41.2	37.8	39.7	39.9	39.7	41.4	37.4	37.0	38.7	39.7	40.2	40.5	39.1	39.9	38.6	39.2	39.8	38.0	42.7	38.4	39.1	38.8	40.8	39.6	39.1	38.0	42.1	38.5	40.3
driveEndPunt	200	verdict	OFF	OFF	ok	OFF	OFF	OFF	OFF	ok	ok	ok	OFF	OFF	OFF	OFF	OFF	ok	OFF	OFF	ok	OFF	ok	OFF	ok	OFF	OFF	OFF	ok	OFF	ok	OFF
driveEndPunt	400	value	40.8	41.0	37.7	39.8	40.5	40.1	41.6	37.2	37.0	39.1	39.7	40.1	40.2	38.1	39.2	38.3	39.0	39.6	38.8	41.8	38.7	38.9	38.2	40.5	39.8	40.0	38.0	41.7	38.8	41.2
driveEndPunt	400	verdict	OFF	OFF	ok	OFF	OFF	OFF	OFF	ok	ok	OFF	OFF	OFF	OFF	ok	OFF	ok	ok	OFF	ok	OFF	ok	ok	ok	OFF	OFF	OFF	ok	OFF	ok	OFF
driveEndTouchdown	100	value	22.6	21.6	25.4	22.4	22.4	22.4	21.0	24.9	25.9	25.3	22.3	20.8	20.8	23.9	22.3	23.7	24.3	20.2	22.5	19.9	22.9	23.2	22.9	22.9	23.6	23.0	23.4	21.0	24.3	20.7
driveEndTouchdown	100	verdict	ok	ok	OFF	ok	ok	ok	ok	OFF	OFF	OFF	ok	ok	ok	OFF	ok	ok	OFF	ok	ok	ok	ok	ok	ok	ok	ok	ok	ok	ok	OFF	ok
driveEndTouchdown	200	value	22.0	21.4	25.4	22.1	21.9	21.5	20.2	25.6	25.4	23.6	22.8	21.2	20.8	23.6	22.4	23.6	24.3	20.5	22.9	19.9	23.0	23.4	22.3	22.6	23.1	21.5	23.2	21.1	24.1	21.4
driveEndTouchdown	200	verdict	ok	ok	OFF	ok	ok	ok	ok	OFF	OFF	ok	ok	ok	ok	ok	ok	ok	OFF	ok	ok	ok	ok	ok	ok	ok	ok	ok	ok	ok	OFF	ok
driveEndTouchdown	400	value	22.0	21.3	24.5	22.1	21.6	21.4	20.6	26.1	25.5	23.1	23.0	21.2	21.3	23.9	23.0	23.6	24.0	20.6	22.5	20.3	23.2	23.4	22.9	22.4	22.7	21.4	23.7	20.8	23.7	21.4
driveEndTouchdown	400	verdict	ok	ok	OFF	ok	ok	ok	ok	OFF	OFF	ok	ok	ok	ok	OFF	ok	ok	OFF	ok	ok	ok	ok	ok	ok	ok	ok	ok	ok	ok	ok	ok
drives3orFewer	100	value	31.3	32.0	30.9	32.0	33.3	31.3	31.3	30.3	29.9	31.0	30.9	31.8	33.4	30.7	31.3	31.8	31.4	32.0	32.3	33.1	31.3	31.1	31.8	34.2	30.7	32.2	30.3	31.6	30.4	30.3
drives3orFewer	100	verdict	OFF	OFF	OFF	OFF	ok	OFF	OFF	OFF	OFF	OFF	OFF	OFF	ok	OFF	OFF	OFF	OFF	OFF	OFF	OFF	OFF	OFF	OFF	ok	OFF	OFF	OFF	OFF	OFF	OFF
drives3orFewer	200	value	32.7	31.9	30.8	31.7	33.0	32.0	32.9	30.4	30.2	31.5	31.3	32.5	33.2	30.7	31.4	30.8	31.0	32.8	31.0	33.3	30.5	31.4	32.1	33.9	30.5	32.5	31.1	32.5	30.3	31.0
drives3orFewer	200	verdict	OFF	OFF	OFF	OFF	OFF	OFF	OFF	OFF	OFF	OFF	OFF	OFF	OFF	OFF	OFF	OFF	OFF	OFF	OFF	ok	OFF	OFF	OFF	ok	OFF	OFF	OFF	OFF	OFF	OFF
drives3orFewer	400	value	32.5	32.6	30.2	31.5	33.0	32.1	32.9	30.4	29.5	31.1	31.7	32.3	33.0	30.7	30.8	31.3	31.1	33.7	31.4	33.4	30.8	31.5	31.9	33.1	30.7	32.6	31.2	32.3	30.4	32.1
drives3orFewer	400	verdict	OFF	OFF	OFF	OFF	OFF	OFF	OFF	OFF	OFF	OFF	OFF	OFF	OFF	OFF	OFF	OFF	OFF	ok	OFF	ok	OFF	OFF	OFF	OFF	OFF	OFF	OFF	OFF	OFF	OFF
drives4to7	100	value	40.8	39.0	40.4	39.2	38.3	40.4	40.2	40.0	38.7	38.3	40.2	39.8	39.1	39.1	39.0	38.6	41.2	40.3	38.3	39.9	38.6	38.9	38.2	39.3	40.2	38.4	40.2	39.3	39.1	40.0
drives4to7	100	verdict	OFF	OFF	OFF	OFF	ok	OFF	OFF	OFF	OFF	ok	OFF	OFF	OFF	OFF	OFF	OFF	OFF	OFF	ok	OFF	OFF	OFF	ok	OFF	OFF	ok	OFF	OFF	OFF	OFF
drives4to7	200	value	40.5	39.2	40.3	39.2	38.8	39.4	39.0	39.9	39.6	39.0	39.9	39.6	38.9	38.9	39.2	40.0	40.4	39.6	38.9	39.8	39.8	39.1	38.6	39.3	40.4	39.6	39.3	39.2	39.1	40.3
drives4to7	200	verdict	OFF	OFF	OFF	OFF	OFF	OFF	OFF	OFF	OFF	OFF	OFF	OFF	OFF	OFF	OFF	OFF	OFF	OFF	OFF	OFF	OFF	OFF	OFF	OFF	OFF	OFF	OFF	OFF	OFF	OFF
drives4to7	400	value	40.1	38.9	40.6	39.2	39.0	40.1	39.4	39.4	39.8	38.8	40.4	39.6	38.7	38.9	39.1	39.9	39.9	39.3	39.4	39.7	40.2	39.1	38.6	39.6	40.6	39.6	39.8	39.9	39.5	39.3
drives4to7	400	verdict	OFF	OFF	OFF	OFF	OFF	OFF	OFF	OFF	OFF	OFF	OFF	OFF	OFF	OFF	OFF	OFF	OFF	OFF	OFF	OFF	OFF	OFF	OFF	OFF	OFF	OFF	OFF	OFF	OFF	OFF
drives8plus	100	value	27.8	29.0	28.7	28.8	28.4	28.3	28.5	29.7	31.4	30.6	28.9	28.5	27.5	30.2	29.6	29.5	27.4	27.6	29.4	27.0	30.1	30.1	30.0	26.5	29.1	29.4	29.4	29.1	30.5	29.74
drives8plus	100	verdict	ok	ok	ok	ok	ok	ok	ok	ok	OFF	OFF	ok	ok	ok	OFF	ok	ok	ok	ok	ok	ok	OFF	OFF	OFF	ok	ok	ok	ok	ok	OFF	OFF
drives8plus	200	value	26.7	28.8	28.9	29.1	28.2	28.6	28.1	29.7	30.2	29.5	28.8	27.9	27.9	30.4	29.3	29.2	28.6	27.5	30.0	26.8	29.72	29.5	29.3	26.8	29.1	27.9	29.6	28.3	30.5	28.7
drives8plus	200	verdict	ok	ok	ok	ok	ok	ok	ok	ok	OFF	ok	ok	ok	ok	OFF	ok	ok	ok	ok	OFF	ok	OFF	ok	ok	ok	ok	ok	ok	ok	OFF	ok
drives8plus	400	value	27.4	28.6	29.3	29.2	28.0	27.8	27.7	30.2	30.7	30.1	27.9	28.2	28.3	30.5	30.0	28.8	29.1	27.0	29.2	26.9	29.0	29.4	29.5	27.3	28.7	27.7	29.0	27.7	30.1	28.6
drives8plus	400	verdict	ok	ok	ok	ok	ok	ok	ok	OFF	OFF	OFF	ok	ok	ok	OFF	OFF	ok	ok	ok	ok	ok	ok	ok	ok	ok	ok	ok	ok	ok	OFF	ok
drivesPerTeamGame	100	value	11.4	11.4	11.3	11.3	11.4	11.4	11.2	10.9	10.8	10.9	11.2	11.3	11.5	10.8	11.3	11.4	11.3	11.4	11.3	11.4	11.0	11.1	11.1	11.6	11.3	11.2	11.1	11.2	11.1	10.9
drivesPerTeamGame	100	verdict	ok	ok	ok	ok	ok	ok	ok	ok	ok	ok	ok	ok	ok	ok	ok	ok	ok	ok	ok	ok	ok	ok	ok	ok	ok	ok	ok	ok	ok	ok
drivesPerTeamGame	200	value	11.6	11.3	11.2	11.2	11.5	11.4	11.4	11.0	10.9	11.1	11.3	11.4	11.5	10.9	11.3	11.3	11.2	11.5	11.1	11.5	11.1	11.2	11.2	11.6	11.2	11.4	11.1	11.4	11.0	11.1
drivesPerTeamGame	200	verdict	ok	ok	ok	ok	ok	ok	ok	ok	ok	ok	ok	ok	ok	ok	ok	ok	ok	ok	ok	ok	ok	ok	ok	ok	ok	ok	ok	ok	ok	ok
drivesPerTeamGame	400	value	11.5	11.3	11.1	11.2	11.4	11.5	11.6	11.0	10.9	11.0	11.4	11.3	11.5	10.9	11.1	11.3	11.2	11.6	11.2	11.5	11.2	11.2	11.2	11.5	11.3	11.4	11.2	11.5	11.1	11.2
drivesPerTeamGame	400	verdict	ok	ok	ok	ok	ok	ok	ok	ok	ok	ok	ok	ok	ok	ok	ok	ok	ok	ok	ok	ok	ok	ok	ok	ok	ok	ok	ok	ok	ok	ok
dropback10plus	100	value	20.4	20.9	23.1	22.4	21.0	22.2	21.4	22.2	23.5	23.7	20.4	22.2	20.7	22.5	22.7	21.5	22.0	19.7	21.7	21.7	21.8	22.0	21.7	20.4	22.4	21.4	21.7	21.6	21.7	22.7
dropback10plus	100	verdict	OFF	OFF	OFF	OFF	OFF	OFF	OFF	OFF	OFF	OFF	OFF	OFF	OFF	OFF	OFF	OFF	OFF	OFF	OFF	OFF	OFF	OFF	OFF	OFF	OFF	OFF	OFF	OFF	OFF	OFF
dropback10plus	200	value	20.8	20.9	22.7	22.0	20.7	21.6	21.2	22.5	23.6	22.9	21.1	22.3	20.2	22.4	22.3	21.5	22.8	19.8	22.3	21.1	22.1	21.6	21.7	20.3	22.3	20.7	21.7	21.5	21.7	22.5
dropback10plus	200	verdict	OFF	OFF	OFF	OFF	OFF	OFF	OFF	OFF	OFF	OFF	OFF	OFF	OFF	OFF	OFF	OFF	OFF	OFF	OFF	OFF	OFF	OFF	OFF	OFF	OFF	OFF	OFF	OFF	OFF	OFF
dropback10plus	400	value	20.7	20.7	22.2	21.9	21.1	21.4	21.1	22.5	23.6	22.8	21.5	22.2	20.6	22.6	22.3	21.2	22.7	19.7	22.1	20.8	22.3	21.6	21.4	20.5	22.1	20.6	21.4	21.7	21.7	22.2
dropback10plus	400	verdict	OFF	OFF	OFF	OFF	OFF	OFF	OFF	OFF	OFF	OFF	OFF	OFF	OFF	OFF	OFF	OFF	OFF	OFF	OFF	OFF	OFF	OFF	OFF	OFF	OFF	OFF	OFF	OFF	OFF	OFF
dropback20plus	100	value	6.8	5.9	7.4	6.8	6.5	6.5	6.5	6.6	7.0	7.6	6.6	6.7	6.3	6.7	6.5	6.7	6.4	5.9	6.5	6.5	6.9	6.5	6.9	6.4	6.7	6.6	5.9	6.3	6.1	6.8
dropback20plus	100	verdict	OFF	OFF	OFF	OFF	OFF	OFF	OFF	OFF	OFF	OFF	OFF	OFF	OFF	OFF	OFF	OFF	OFF	OFF	OFF	OFF	OFF	OFF	OFF	OFF	OFF	OFF	OFF	OFF	OFF	OFF
dropback20plus	200	value	6.6	6.1	7.0	6.4	6.4	6.6	6.6	6.8	6.9	7.2	6.7	6.8	6.2	6.6	6.4	6.6	6.7	5.8	6.7	6.4	6.8	6.4	6.8	6.4	6.7	6.4	6.3	6.3	6.1	7.1
dropback20plus	200	verdict	OFF	OFF	OFF	OFF	OFF	OFF	OFF	OFF	OFF	OFF	OFF	OFF	OFF	OFF	OFF	OFF	OFF	OFF	OFF	OFF	OFF	OFF	OFF	OFF	OFF	OFF	OFF	OFF	OFF	OFF
dropback20plus	400	value	6.4	6.1	6.7	6.4	6.3	6.6	6.6	6.9	6.9	7.1	6.7	6.7	6.1	6.6	6.6	6.6	6.8	5.9	6.7	6.3	6.7	6.5	6.6	6.4	6.6	6.2	6.4	6.4	6.4	6.7
dropback20plus	400	verdict	OFF	OFF	OFF	OFF	OFF	OFF	OFF	OFF	OFF	OFF	OFF	OFF	OFF	OFF	OFF	OFF	OFF	OFF	OFF	OFF	OFF	OFF	OFF	OFF	OFF	OFF	OFF	OFF	OFF	OFF
dropback40plus	100	value	1.54	1.4	1.7	1.6	1.3	1.3	1.4	1.3	1.2	1.7	1.5	1.4	1.52	1.54	1.3	1.4	1.5	1.1	1.4	1.6	1.2	1.4	1.1	1.54	1.4	1.504	1.2	1.4	1.1	1.52
dropback40plus	100	verdict	OFF	ok	OFF	OFF	ok	ok	ok	ok	ok	OFF	ok	ok	OFF	OFF	ok	ok	ok	ok	ok	OFF	ok	ok	ok	OFF	ok	OFF	ok	ok	ok	OFF
dropback40plus	200	value	1.4	1.3	1.7	1.4	1.5	1.4	1.4	1.4	1.3	1.6	1.5	1.52	1.5	1.4	1.4	1.4	1.6	1.2	1.4	1.6	1.3	1.3	1.3	1.4	1.4	1.4	1.3	1.3	1.1	1.7
dropback40plus	200	verdict	ok	ok	OFF	ok	ok	ok	ok	ok	ok	OFF	ok	OFF	ok	ok	ok	ok	OFF	ok	ok	OFF	ok	ok	ok	ok	ok	ok	ok	ok	ok	OFF
dropback40plus	400	value	1.4	1.3	1.5	1.5	1.4	1.5	1.3	1.4	1.3	1.55	1.51	1.52	1.3	1.4	1.4	1.4	1.52	1.4	1.3	1.54	1.3	1.4	1.4	1.4	1.2	1.4	1.3	1.3	1.2	1.6
dropback40plus	400	verdict	ok	ok	ok	ok	ok	ok	ok	ok	ok	OFF	OFF	OFF	ok	ok	ok	ok	OFF	ok	ok	OFF	ok	ok	ok	ok	ok	ok	ok	ok	ok	OFF
dropbackLoss	100	value	4.8	5.2	5.0	5.1	4.4	4.4	4.8	5.1	5.0	5.0	5.0	4.5	5.0	5.0	4.5	4.8	4.9	5.0	4.7	5.0	5.2	5.1	5.1	5.2	5.2	5.0	5.3	5.1	4.6	5.1
dropbackLoss	100	verdict	OFF	OFF	OFF	OFF	OFF	OFF	OFF	OFF	OFF	OFF	OFF	OFF	OFF	OFF	OFF	OFF	OFF	OFF	OFF	OFF	OFF	OFF	OFF	OFF	OFF	OFF	OFF	OFF	OFF	OFF
dropbackLoss	200	value	5.0	5.0	5.0	5.2	4.8	4.7	4.8	4.8	5.0	4.8	4.9	4.6	5.0	5.0	4.6	5.0	5.1	4.9	4.7	4.9	4.9	4.9	5.1	5.0	5.1	5.2	5.0	5.0	4.8	5.0
dropbackLoss	200	verdict	OFF	OFF	OFF	OFF	OFF	OFF	OFF	OFF	OFF	OFF	OFF	OFF	OFF	OFF	OFF	OFF	OFF	OFF	OFF	OFF	OFF	OFF	OFF	OFF	OFF	OFF	OFF	OFF	OFF	OFF
dropbackLoss	400	value	5.0	5.0	4.9	5.1	4.7	4.7	4.8	4.7	5.0	4.9	4.9	4.9	5.0	5.0	4.8	4.9	4.9	4.9	4.9	5.2	4.9	4.8	5.1	4.9	5.2	5.0	4.9	5.0	4.9	5.0
dropbackLoss	400	verdict	OFF	OFF	OFF	OFF	OFF	OFF	OFF	OFF	OFF	OFF	OFF	OFF	OFF	OFF	OFF	OFF	OFF	OFF	OFF	OFF	OFF	OFF	OFF	OFF	OFF	OFF	OFF	OFF	OFF	OFF
dropbackNoGain	100	value	39.9	37.8	36.5	38.0	38.5	38.4	36.8	35.9	35.0	34.9	38.2	37.0	40.5	35.0	37.4	39.1	37.0	39.0	38.1	36.9	35.4	36.9	38.5	38.7	37.7	37.6	37.3	38.6	38.0	34.62
dropbackNoGain	100	verdict	OFF	OFF	OFF	OFF	OFF	OFF	OFF	OFF	OFF	OFF	OFF	OFF	OFF	OFF	OFF	OFF	OFF	OFF	OFF	OFF	OFF	OFF	OFF	OFF	OFF	OFF	OFF	OFF	OFF	OFF
dropbackNoGain	200	value	39.6	37.9	36.6	37.7	38.5	38.3	37.5	36.4	35.2	35.7	38.5	36.9	40.3	35.2	37.4	37.9	36.9	39.2	37.8	37.3	36.0	37.4	38.5	39.3	37.9	38.3	37.4	38.6	38.3	35.2
dropbackNoGain	200	verdict	OFF	OFF	OFF	OFF	OFF	OFF	OFF	OFF	OFF	OFF	OFF	OFF	OFF	OFF	OFF	OFF	OFF	OFF	OFF	OFF	OFF	OFF	OFF	OFF	OFF	OFF	OFF	OFF	OFF	OFF
dropbackNoGain	400	value	39.7	38.1	36.6	37.0	38.1	38.3	38.2	36.6	35.3	35.2	38.5	36.6	40.4	35.1	37.3	37.9	37.2	39.6	37.4	37.3	35.8	37.5	38.2	38.9	38.0	38.7	37.8	38.4	38.0	35.8
dropbackNoGain	400	verdict	OFF	OFF	OFF	OFF	OFF	OFF	OFF	OFF	OFF	OFF	OFF	OFF	OFF	OFF	OFF	OFF	OFF	OFF	OFF	OFF	OFF	OFF	OFF	OFF	OFF	OFF	OFF	OFF	OFF	OFF
dropsPerTarget	100	value	10.1	10.7	10.9	10.9	9.9	9.9	9.9	10.3	10.7	10.0	10.8	10.4	10.4	10.2	10.2	10.8	9.4	9.9	10.6	8.9	10.5	11.1	9.2	10.0	9.6	9.6	9.9	10.3	10.3	9.8
dropsPerTarget	100	verdict	unsourced	unsourced	unsourced	unsourced	unsourced	unsourced	unsourced	unsourced	unsourced	unsourced	unsourced	unsourced	unsourced	unsourced	unsourced	unsourced	unsourced	unsourced	unsourced	unsourced	unsourced	unsourced	unsourced	unsourced	unsourced	unsourced	unsourced	unsourced	unsourced	unsourced
dropsPerTarget	200	value	10.3	10.4	10.7	10.6	10.0	9.9	10.0	10.5	10.9	10.4	11.1	10.3	10.5	10.5	10.7	10.2	10.2	9.7	11.0	9.1	10.8	10.6	9.6	9.7	9.9	9.7	10.1	10.1	10.5	10.0
dropsPerTarget	200	verdict	unsourced	unsourced	unsourced	unsourced	unsourced	unsourced	unsourced	unsourced	unsourced	unsourced	unsourced	unsourced	unsourced	unsourced	unsourced	unsourced	unsourced	unsourced	unsourced	unsourced	unsourced	unsourced	unsourced	unsourced	unsourced	unsourced	unsourced	unsourced	unsourced	unsourced
dropsPerTarget	400	value	10.3	10.1	10.6	10.4	10.2	10.0	10.2	10.2	10.9	10.4	10.8	10.0	10.3	10.5	10.7	10.0	10.5	9.7	10.7	9.4	10.7	10.5	9.7	9.7	9.7	9.7	10.1	10.1	10.7	10.0
dropsPerTarget	400	verdict	unsourced	unsourced	unsourced	unsourced	unsourced	unsourced	unsourced	unsourced	unsourced	unsourced	unsourced	unsourced	unsourced	unsourced	unsourced	unsourced	unsourced	unsourced	unsourced	unsourced	unsourced	unsourced	unsourced	unsourced	unsourced	unsourced	unsourced	unsourced	unsourced	unsourced
extraPointsMade	100	value	96.9	97.5	97.2	97.0	96.3	96.8	96.8	96.6	97.5	97.6	97.8	97.9	97.0	96.8	97.4	97.7	97.6	97.0	97.1	96.0	97.2	97.3	96.8	97.0	96.6	96.2	97.3	95.9	97.5	97.5
extraPointsMade	100	verdict	ok	ok	ok	ok	ok	ok	ok	ok	ok	ok	ok	ok	ok	ok	ok	ok	ok	ok	ok	ok	ok	ok	ok	ok	ok	ok	ok	ok	ok	ok
extraPointsMade	200	value	97.2	96.5	96.7	97.1	96.3	96.8	97.2	97.0	97.3	97.5	98.2	96.8	96.5	96.5	96.2	97.1	97.3	98.0	97.1	96.8	97.4	97.4	97.4	97.0	95.9	96.6	96.8	96.4	97.8	97.3
extraPointsMade	200	verdict	ok	ok	ok	ok	ok	ok	ok	ok	ok	ok	ok	ok	ok	ok	ok	ok	ok	ok	ok	ok	ok	ok	ok	ok	ok	ok	ok	ok	ok	ok
extraPointsMade	400	value	97.3	96.5	97.1	96.9	96.9	96.8	97.1	96.6	97.1	97.5	97.2	96.9	97.3	96.3	96.3	97.1	97.3	97.7	97.2	97.5	97.3	97.1	98.0	96.5	96.2	97.1	97.1	96.4	96.8	97.3
extraPointsMade	400	verdict	ok	ok	ok	ok	ok	ok	ok	ok	ok	ok	ok	ok	ok	ok	ok	ok	ok	ok	ok	ok	ok	ok	ok	ok	ok	ok	ok	ok	ok	ok
fieldGoalAttempts30to39	100	value	34.1	31.0	27.9	30.5	28.1	30.8	29.2	30.1	30.6	32.5	32.5	28.6	31.3	28.0	27.4	29.5	32.6	29.4	22.7	29.9	27.7	30.3	26.1	31.3	28.7	26.4	28.4	31.2	27.3	29.3
fieldGoalAttempts30to39	100	verdict	OFF	ok	ok	ok	ok	ok	ok	ok	ok	OFF	OFF	ok	ok	ok	ok	ok	OFF	ok	OFF	ok	ok	ok	ok	ok	ok	ok	ok	ok	ok	ok
fieldGoalAttempts30to39	200	value	32.7	32.3	30.0	30.4	28.1	29.9	29.8	29.5	29.9	31.6	29.1	27.3	28.9	28.1	27.4	30.1	31.3	30.0	27.6	30.0	29.8	29.9	28.7	29.1	29.2	26.9	28.1	27.8	29.4	30.0
fieldGoalAttempts30to39	200	verdict	OFF	OFF	ok	ok	ok	ok	ok	ok	ok	ok	ok	ok	ok	ok	ok	ok	ok	ok	ok	ok	ok	ok	ok	ok	ok	ok	ok	ok	ok	ok
fieldGoalAttempts30to39	400	value	30.7	31.4	31.0	29.8	28.5	29.5	28.9	29.7	28.3	31.8	29.5	29.1	28.7	28.5	28.6	30.0	31.1	29.7	28.5	28.1	29.1	29.6	30.3	29.1	27.9	27.7	28.5	28.7	28.1	29.3
fieldGoalAttempts30to39	400	verdict	ok	ok	ok	ok	ok	ok	ok	ok	ok	ok	ok	ok	ok	ok	ok	ok	ok	ok	ok	ok	ok	ok	ok	ok	ok	ok	ok	ok	ok	ok
fieldGoalAttempts40to49	100	value	35.0	32.5	34.0	37.6	34.2	29.7	30.3	31.0	29.5	29.3	33.9	34.9	32.7	29.8	38.2	32.7	29.8	30.2	37.9	34.9	32.3	32.1	34.2	33.6	34.2	31.9	35.8	30.6	36.9	31.8
fieldGoalAttempts40to49	100	verdict	OFF	OFF	OFF	OFF	OFF	OFF	OFF	OFF	OFF	OFF	OFF	OFF	OFF	OFF	OFF	OFF	OFF	OFF	OFF	OFF	OFF	OFF	OFF	OFF	OFF	OFF	OFF	OFF	OFF	OFF
fieldGoalAttempts40to49	200	value	35.8	32.7	34.8	33.9	31.0	31.5	30.1	31.7	31.2	30.3	34.3	33.3	32.7	32.0	34.3	31.1	31.0	33.0	34.7	34.4	32.3	32.5	31.8	33.4	33.3	32.4	34.0	33.6	34.0	31.9
fieldGoalAttempts40to49	200	verdict	OFF	OFF	OFF	OFF	OFF	OFF	OFF	OFF	OFF	OFF	OFF	OFF	OFF	OFF	OFF	OFF	OFF	OFF	OFF	OFF	OFF	OFF	OFF	OFF	OFF	OFF	OFF	OFF	OFF	OFF
fieldGoalAttempts40to49	400	value	34.0	32.8	32.7	33.6	31.4	31.1	31.3	31.5	30.8	30.2	34.1	33.1	32.9	32.2	32.6	31.6	30.6	33.9	32.6	33.2	31.8	32.2	33.2	33.5	32.6	33.2	33.2	34.2	34.3	33.0
fieldGoalAttempts40to49	400	verdict	OFF	OFF	OFF	OFF	OFF	OFF	OFF	OFF	OFF	OFF	OFF	OFF	OFF	OFF	OFF	OFF	OFF	OFF	OFF	OFF	OFF	OFF	OFF	OFF	OFF	OFF	OFF	OFF	OFF	OFF
fieldGoalAttempts50plus	100	value	7.9	12.3	13.1	9.6	16.1	14.7	15.0	12.3	14.0	11.2	7.3	11.9	10.9	15.8	11.2	12.7	13.2	14.7	14.9	11.8	12.6	13.1	10.2	11.6	13.8	15.3	16.0	11.4	11.8	12.6
fieldGoalAttempts50plus	100	verdict	OFF	OFF	OFF	OFF	OFF	OFF	OFF	OFF	OFF	OFF	OFF	OFF	OFF	OFF	OFF	OFF	OFF	OFF	OFF	OFF	OFF	OFF	OFF	OFF	OFF	OFF	OFF	OFF	OFF	OFF
fieldGoalAttempts50plus	200	value	10.2	9.7	11.4	11.0	14.9	13.2	14.6	13.3	13.8	11.5	10.7	12.4	12.8	15.6	11.6	14.1	11.4	14.2	13.8	12.2	12.0	11.4	10.9	13.3	14.4	14.6	14.9	10.6	11.7	10.6
fieldGoalAttempts50plus	200	verdict	OFF	OFF	OFF	OFF	OFF	OFF	OFF	OFF	OFF	OFF	OFF	OFF	OFF	OFF	OFF	OFF	OFF	OFF	OFF	OFF	OFF	OFF	OFF	OFF	OFF	OFF	OFF	OFF	OFF	OFF
fieldGoalAttempts50plus	400	value	12.0	10.1	11.5	11.5	15.0	13.1	13.2	13.6	15.0	12.3	10.8	12.1	12.5	15.1	12.9	14.8	12.0	12.6	14.5	12.9	13.1	11.3	11.0	13.4	13.3	14.5	15.4	10.2	13.3	10.8
fieldGoalAttempts50plus	400	verdict	OFF	OFF	OFF	OFF	OFF	OFF	OFF	OFF	OFF	OFF	OFF	OFF	OFF	OFF	OFF	OFF	OFF	OFF	OFF	OFF	OFF	OFF	OFF	OFF	OFF	OFF	OFF	OFF	OFF	OFF
fieldGoalAttemptsUnder30	100	value	23.0	24.3	25.0	22.3	21.7	24.8	25.6	26.7	25.8	27.0	26.3	24.6	25.1	26.4	23.2	25.1	24.3	25.6	24.5	23.4	27.4	24.5	29.4	23.5	23.3	26.4	19.8	26.7	23.9	26.3
fieldGoalAttemptsUnder30	100	verdict	ok	ok	ok	ok	ok	ok	OFF	OFF	OFF	OFF	OFF	ok	ok	OFF	ok	ok	ok	OFF	ok	ok	OFF	ok	OFF	ok	ok	OFF	ok	OFF	ok	OFF
fieldGoalAttemptsUnder30	200	value	21.4	25.4	23.8	24.8	26.0	25.5	25.5	25.5	25.1	26.7	25.9	26.9	25.6	24.3	26.7	24.6	26.3	22.8	23.9	23.3	25.9	26.2	28.5	24.2	23.1	26.0	23.0	28.0	25.0	27.5
fieldGoalAttemptsUnder30	200	verdict	ok	OFF	ok	ok	OFF	OFF	OFF	OFF	ok	OFF	OFF	OFF	OFF	ok	OFF	ok	OFF	ok	ok	ok	OFF	OFF	OFF	ok	ok	OFF	ok	OFF	ok	OFF
fieldGoalAttemptsUnder30	400	value	23.3	25.7	24.8	25.1	25.1	26.4	26.5	25.2	25.8	25.7	25.6	25.7	25.9	24.2	25.9	23.6	26.3	23.8	24.4	25.8	25.9	26.9	25.4	24.0	26.2	24.6	22.9	26.9	24.3	26.9
fieldGoalAttemptsUnder30	400	verdict	ok	OFF	ok	ok	ok	OFF	OFF	ok	OFF	OFF	OFF	OFF	OFF	ok	OFF	ok	OFF	ok	ok	OFF	OFF	OFF	OFF	ok	OFF	ok	ok	OFF	ok	OFF
fieldGoals30to39	100	value	92.6	93.4	91.7	91.7	93.1	96.3	88.6	90.8	88.1	93.8	91.4	94.3	92.2	93.3	92.5	95.1	92.5	92.6	85.9	91.7	92.1	95.2	92.8	88.6	96.0	91.6	91.9	95.5	93.8	95.3
fieldGoals30to39	100	verdict	ok	ok	ok	ok	ok	ok	OFF	ok	OFF	ok	ok	ok	ok	ok	ok	ok	ok	ok	OFF	ok	ok	ok	ok	OFF	ok	ok	ok	ok	ok	ok
fieldGoals30to39	200	value	92.1	92.4	94.6	91.6	92.5	95.4	90.2	91.3	90.2	94.5	91.7	91.4	91.5	91.8	93.2	94.3	91.7	92.7	91.2	94.2	93.7	94.7	94.4	88.7	93.2	90.0	94.5	93.1	93.6	95.5
fieldGoals30to39	200	verdict	ok	ok	ok	ok	ok	ok	ok	ok	ok	ok	ok	ok	ok	ok	ok	ok	ok	ok	ok	ok	ok	ok	ok	OFF	ok	ok	ok	ok	ok	ok
fieldGoals30to39	400	value	91.0	91.8	93.9	91.8	93.8	93.7	92.4	89.3	90.8	91.9	92.8	92.7	91.1	91.8	95.3	92.8	94.4	94.7	92.1	92.6	94.3	93.2	92.7	89.0	93.6	92.5	92.1	91.4	93.5	94.7
fieldGoals30to39	400	verdict	ok	ok	ok	ok	ok	ok	ok	OFF	ok	ok	ok	ok	ok	ok	ok	ok	ok	ok	ok	ok	ok	ok	ok	OFF	ok	ok	ok	ok	ok	ok
fieldGoals40to49	100	value	82.0	80.2	84.6	78.9	78.0	88.3	86.2	83.2	82.9	81.4	88.4	81.4	81.7	80.2	82.3	82.3	82.5	81.1	84.5	86.6	86.4	79.1	89.8	83.2	80.7	80.9	88.0	87.3	82.4	85.3
fieldGoals40to49	100	verdict	ok	ok	OFF	ok	ok	OFF	OFF	ok	ok	ok	OFF	ok	ok	ok	ok	ok	ok	ok	OFF	OFF	OFF	ok	OFF	ok	ok	ok	OFF	OFF	ok	OFF
fieldGoals40to49	200	value	81.8	81.9	81.7	82.8	82.4	87.0	84.8	83.8	78.9	81.9	88.0	83.8	83.3	80.5	79.6	80.3	80.4	80.9	81.0	85.2	83.3	81.3	82.6	82.4	84.2	79.8	85.5	87.3	83.9	78.7
fieldGoals40to49	200	verdict	ok	ok	ok	ok	ok	OFF	OFF	ok	ok	ok	OFF	ok	ok	ok	ok	ok	ok	ok	ok	OFF	ok	ok	ok	ok	OFF	ok	OFF	OFF	ok	ok
fieldGoals40to49	400	value	81.3	83.9	80.7	83.6	81.7	85.2	83.8	84.2	80.1	82.9	85.9	84.9	82.7	82.6	82.1	79.1	81.1	85.4	80.9	82.8	83.7	83.6	80.2	82.3	82.9	80.7	84.8	86.7	83.1	81.4
fieldGoals40to49	400	verdict	ok	ok	ok	ok	ok	OFF	ok	OFF	ok	ok	OFF	OFF	ok	ok	ok	ok	ok	OFF	ok	ok	ok	ok	ok	ok	ok	ok	OFF	OFF	ok	ok
fieldGoals50plus	100	value	80.0	73.8	62.2	82.4	69.0	74.5	72.2	65.0	76.0	74.4	76.9	70.5	70.0	76.5	86.8	63.6	65.1	85.2	73.2	76.3	71.7	68.9	57.9	56.4	72.9	65.5	78.6	73.2	69.0	63.0
fieldGoals50plus	100	verdict	OFF	ok	OFF	OFF	ok	ok	ok	ok	OFF	ok	OFF	ok	ok	OFF	OFF	OFF	ok	OFF	ok	OFF	ok	ok	OFF	OFF	ok	ok	OFF	ok	ok	OFF
fieldGoals50plus	200	value	82.1	74.6	64.9	74.0	68.2	69.8	75.2	65.9	68.1	72.5	74.7	71.1	68.1	68.5	79.0	65.7	73.3	76.9	70.9	77.4	77.5	65.8	65.4	63.4	76.2	67.9	76.4	68.1	70.4	65.4
fieldGoals50plus	200	verdict	OFF	ok	ok	ok	ok	ok	OFF	ok	ok	ok	ok	ok	ok	ok	OFF	ok	ok	OFF	ok	OFF	OFF	ok	ok	OFF	OFF	ok	OFF	ok	ok	ok
fieldGoals50plus	400	value	76.8	74.0	70.4	70.8	70.1	70.7	73.1	67.8	69.7	69.6	73.0	73.3	71.7	67.6	76.8	70.9	67.5	74.2	73.6	74.7	71.1	67.7	71.9	63.8	78.1	69.4	75.9	70.2	71.7	64.9
fieldGoals50plus	400	verdict	OFF	ok	ok	ok	ok	ok	ok	ok	ok	ok	ok	ok	ok	ok	OFF	ok	ok	ok	ok	ok	ok	ok	ok	ok	OFF	ok	OFF	ok	ok	ok
fieldGoalsPerTeamGame	100	value	1.6	1.7	1.7	1.77	1.8	1.7	1.8	1.6	1.78	1.7	1.79	1.9	1.8	1.6	1.7	1.7	1.6	1.8	1.9	1.6	1.8	1.7	1.9	1.7	1.7	1.8	1.7	1.795	1.78	1.8
fieldGoalsPerTeamGame	100	verdict	OFF	OFF	OFF	OFF	ok	OFF	ok	OFF	OFF	OFF	OFF	ok	ok	OFF	OFF	OFF	OFF	ok	ok	OFF	ok	OFF	ok	OFF	OFF	ok	OFF	OFF	OFF	ok
fieldGoalsPerTeamGame	200	value	1.7	1.7	1.7	1.76	1.79	1.8	1.8	1.7	1.7	1.7	1.76	1.8	1.8	1.7	1.75	1.75	1.6	1.8	1.9	1.7	1.9	1.7	1.9	1.7	1.76	1.9	1.78	1.7	1.7	1.8
fieldGoalsPerTeamGame	200	verdict	OFF	OFF	OFF	OFF	OFF	ok	ok	OFF	OFF	OFF	OFF	ok	ok	OFF	OFF	OFF	OFF	ok	ok	OFF	ok	OFF	ok	OFF	OFF	ok	OFF	OFF	OFF	ok
fieldGoalsPerTeamGame	400	value	1.7	1.8	1.7	1.7	1.78	1.76	1.8	1.7	1.7	1.7	1.7	1.8	1.8	1.76	1.76	1.8	1.7	1.8	1.8	1.8	1.8	1.7	1.8	1.75	1.75	1.9	1.78	1.7	1.7	1.78
fieldGoalsPerTeamGame	400	verdict	OFF	ok	OFF	OFF	OFF	OFF	ok	OFF	OFF	OFF	OFF	ok	ok	OFF	OFF	ok	OFF	ok	ok	ok	ok	OFF	ok	OFF	OFF	ok	OFF	OFF	OFF	OFF
fieldGoalsUnder30	100	value	95.9	96.4	94.2	98.7	97.4	97.7	96.7	95.4	94.6	98.9	97.9	92.3	100.0	96.5	96.2	96.6	94.9	98.9	100.0	92.0	95.0	97.6	98.2	93.7	98.8	98.9	98.6	94.8	97.6	99.0
fieldGoalsUnder30	100	verdict	ok	ok	ok	ok	ok	ok	ok	ok	ok	ok	ok	ok	ok	ok	ok	ok	ok	ok	ok	OFF	ok	ok	ok	ok	ok	ok	ok	ok	ok	ok
fieldGoalsUnder30	200	value	97.2	96.6	96.3	97.1	98.9	97.3	95.1	95.9	95.3	97.8	97.3	94.9	97.9	95.2	96.8	98.3	95.4	97.6	98.9	95.0	96.4	96.7	98.1	95.9	96.9	96.9	97.6	97.4	96.6	99.0
fieldGoalsUnder30	200	verdict	ok	ok	ok	ok	ok	ok	ok	ok	ok	ok	ok	ok	ok	ok	ok	ok	ok	ok	ok	ok	ok	ok	ok	ok	ok	ok	ok	ok	ok	ok
fieldGoalsUnder30	400	value	97.2	97.6	95.6	96.3	97.2	98.1	95.3	97.3	96.6	95.8	96.9	94.9	97.1	96.5	97.0	96.8	96.0	96.6	97.5	96.0	95.7	96.8	96.5	95.8	97.5	95.9	97.2	97.3	97.6	98.2
fieldGoalsUnder30	400	verdict	ok	ok	ok	ok	ok	ok	ok	ok	ok	ok	ok	ok	ok	ok	ok	ok	ok	ok	ok	ok	ok	ok	ok	ok	ok	ok	ok	ok	ok	ok
firstDownGain	100	value	5.3	5.0	5.2	5.0	5.0	5.0	4.8	5.4	5.3	5.0	5.3	4.9	4.8	5.2	5.1	5.3	5.2	4.9	5.0	4.7	5.0	5.3	5.1	5.2	5.3	5.2	5.1	5.0	5.3	4.8
firstDownGain	100	verdict	ok	OFF	ok	OFF	OFF	OFF	OFF	ok	ok	OFF	ok	OFF	OFF	ok	ok	ok	ok	OFF	OFF	OFF	OFF	ok	ok	ok	ok	ok	ok	OFF	ok	OFF
firstDownGain	200	value	5.3	5.0	5.2	5.0	4.9	5.0	4.8	5.4	5.3	5.0	5.2	5.0	4.9	5.2	5.1	5.3	5.1	4.9	5.1	4.7	5.0	5.2	5.2	5.2	5.3	5.09	5.2	4.9	5.3	4.9
firstDownGain	200	verdict	ok	OFF	ok	OFF	OFF	OFF	OFF	ok	ok	OFF	ok	OFF	OFF	ok	ok	ok	ok	OFF	ok	OFF	OFF	ok	ok	ok	ok	OFF	ok	OFF	ok	OFF
firstDownGain	400	value	5.2	5.0	5.1	5.0	4.9	5.0	4.9	5.3	5.3	5.06	5.2	4.9	4.9	5.2	5.1	5.3	5.1	4.9	5.1	4.8	5.0	5.2	5.2	5.2	5.2	5.06	5.2	4.9	5.3	4.9
firstDownGain	400	verdict	ok	OFF	ok	OFF	OFF	OFF	OFF	ok	ok	OFF	ok	OFF	OFF	ok	ok	ok	ok	OFF	ok	OFF	OFF	ok	ok	ok	ok	OFF	ok	OFF	ok	OFF
firstDownsPerTeamGame	100	value	18.5	17.7	19.0	18.1	18.1	18.5	17.7	18.8	19.2	18.5	18.3	17.9	17.6	18.7	18.5	18.92	18.5	17.6	18.3	17.1	18.1	18.5	18.4	18.3	18.7	18.5	18.8	17.9	18.92	17.5
firstDownsPerTeamGame	100	verdict	ok	ok	OFF	ok	ok	ok	ok	ok	OFF	ok	ok	ok	ok	ok	ok	OFF	ok	ok	ok	ok	ok	ok	ok	ok	ok	ok	ok	ok	OFF	ok
firstDownsPerTeamGame	200	value	18.2	17.7	19.0	18.1	18.0	18.0	17.6	18.9	19.2	18.1	18.4	17.8	17.8	18.8	18.4	18.9	18.6	17.8	18.7	17.2	18.3	18.5	18.3	18.1	18.5	18.0	18.8	17.8	18.94	17.7
firstDownsPerTeamGame	200	verdict	ok	ok	OFF	ok	ok	ok	ok	ok	OFF	ok	ok	ok	ok	ok	ok	ok	ok	ok	ok	ok	ok	ok	ok	ok	ok	ok	ok	ok	OFF	ok
firstDownsPerTeamGame	400	value	18.2	17.8	18.901	18.0	17.8	17.8	17.7	19.1	19.3	18.1	18.4	17.7	18.1	18.7	18.5	18.8	18.6	17.7	18.5	17.3	18.3	18.4	18.5	18.1	18.5	18.0	18.9	17.7	18.8	17.6
firstDownsPerTeamGame	400	verdict	ok	ok	OFF	ok	ok	ok	ok	OFF	OFF	ok	ok	ok	ok	ok	ok	ok	ok	ok	ok	ok	ok	ok	ok	ok	ok	ok	ok	ok	ok	ok
firstReadShare	100	value	82.8	84.3	83.7	83.1	82.9	84.2	84.4	83.5	86.2	83.7	84.4	84.3	82.9	84.6	84.8	83.0	83.2	82.2	84.3	82.0	85.0	84.4	82.7	82.5	84.8	82.8	84.5	83.1	84.5	82.0
firstReadShare	100	verdict	unsourced	unsourced	unsourced	unsourced	unsourced	unsourced	unsourced	unsourced	unsourced	unsourced	unsourced	unsourced	unsourced	unsourced	unsourced	unsourced	unsourced	unsourced	unsourced	unsourced	unsourced	unsourced	unsourced	unsourced	unsourced	unsourced	unsourced	unsourced	unsourced	unsourced
firstReadShare	200	value	82.2	83.7	83.6	83.2	83.3	83.6	84.5	83.4	86.3	84.5	84.5	84.4	82.2	84.3	85.2	83.4	83.4	82.5	84.4	81.7	85.1	83.5	83.2	81.6	84.6	83.4	84.5	83.5	84.1	82.3
firstReadShare	200	verdict	unsourced	unsourced	unsourced	unsourced	unsourced	unsourced	unsourced	unsourced	unsourced	unsourced	unsourced	unsourced	unsourced	unsourced	unsourced	unsourced	unsourced	unsourced	unsourced	unsourced	unsourced	unsourced	unsourced	unsourced	unsourced	unsourced	unsourced	unsourced	unsourced	unsourced
firstReadShare	400	value	81.9	83.4	84.1	83.6	83.3	83.3	83.6	83.7	86.1	84.6	84.4	84.8	82.4	84.6	85.4	83.3	83.4	82.7	84.6	81.2	85.0	83.4	83.0	81.9	84.6	83.4	84.4	83.3	84.1	82.7
firstReadShare	400	verdict	unsourced	unsourced	unsourced	unsourced	unsourced	unsourced	unsourced	unsourced	unsourced	unsourced	unsourced	unsourced	unsourced	unsourced	unsourced	unsourced	unsourced	unsourced	unsourced	unsourced	unsourced	unsourced	unsourced	unsourced	unsourced	unsourced	unsourced	unsourced	unsourced	unsourced
fourthAndOneWentForIt	100	value	65.6	69.1	71.9	70.4	67.9	68.3	68.7	65.0	70.9	70.9	67.9	69.9	68.3	71.1	75.5	72.5	73.0	65.3	62.8	68.7	67.5	66.7	73.2	68.8	64.9	71.3	62.1	74.0	68.2	70.1
fourthAndOneWentForIt	100	verdict	ok	ok	ok	ok	ok	ok	ok	ok	ok	ok	ok	ok	ok	ok	OFF	ok	ok	ok	ok	ok	ok	ok	ok	ok	ok	ok	OFF	ok	ok	ok
fourthAndOneWentForIt	200	value	67.1	70.4	71.5	69.8	67.0	68.2	67.9	70.6	70.5	70.0	68.5	69.3	66.9	68.9	69.6	69.0	72.7	69.6	67.9	68.4	66.6	65.1	69.5	69.1	67.0	68.9	63.5	68.6	70.5	70.0
fourthAndOneWentForIt	200	verdict	ok	ok	ok	ok	ok	ok	ok	ok	ok	ok	ok	ok	ok	ok	ok	ok	ok	ok	ok	ok	ok	ok	ok	ok	ok	ok	ok	ok	ok	ok
fourthAndOneWentForIt	400	value	66.6	69.5	74.205	70.0	66.5	69.3	69.4	70.0	71.5	69.6	68.6	69.4	67.3	68.9	71.5	70.2	70.3	67.6	67.7	70.2	69.0	66.8	71.0	69.2	69.4	67.1	66.5	67.2	68.2	70.6
fourthAndOneWentForIt	400	verdict	ok	ok	OFF	ok	ok	ok	ok	ok	ok	ok	ok	ok	ok	ok	ok	ok	ok	ok	ok	ok	ok	ok	ok	ok	ok	ok	ok	ok	ok	ok
fourthDownAttempts	100	value	1.5	1.5	1.4	1.4	1.5	1.4	1.5	1.25	1.3	1.3	1.5	1.5	1.4	1.3	1.3	1.3	1.4	1.25	1.28	1.4	1.5	1.3	1.5	1.2	1.3	1.5	1.3	1.4	1.2	1.5
fourthDownAttempts	100	verdict	ok	ok	ok	ok	ok	ok	ok	OFF	ok	ok	ok	ok	ok	ok	ok	ok	ok	OFF	OFF	ok	ok	ok	ok	OFF	ok	ok	ok	ok	OFF	ok
fourthDownAttempts	200	value	1.4	1.4	1.3	1.5	1.4	1.4	1.4	1.3	1.29	1.4	1.4	1.5	1.4	1.3	1.29	1.295	1.3	1.3	1.25	1.5	1.3	1.3	1.4	1.28	1.4	1.4	1.3	1.3	1.27	1.5
fourthDownAttempts	200	verdict	ok	ok	ok	ok	ok	ok	ok	ok	OFF	ok	ok	ok	ok	ok	OFF	OFF	ok	ok	OFF	ok	ok	ok	ok	OFF	ok	ok	ok	ok	OFF	ok
fourthDownAttempts	400	value	1.4	1.4	1.4	1.4	1.4	1.5	1.4	1.27	1.28	1.4	1.4	1.5	1.3	1.3	1.3	1.3	1.4	1.4	1.3	1.4	1.3	1.3	1.4	1.29	1.4	1.3	1.3	1.4	1.3	1.4
fourthDownAttempts	400	verdict	ok	ok	ok	ok	ok	ok	ok	OFF	OFF	ok	ok	ok	ok	ok	ok	ok	ok	ok	ok	ok	ok	ok	ok	OFF	ok	ok	ok	ok	ok	ok
fourthDownConversion	100	value	61.4	60.9	57.9	53.9	60.5	51.3	56.4	54.4	59.3	55.6	58.4	55.5	47.9	55.3	55.8	53.6	52.9	44.6	62.5	51.1	54.0	57.6	55.7	59.1	55.6	57.3	58.3	55.6	60.4	53.4
fourthDownConversion	100	verdict	OFF	OFF	ok	ok	OFF	ok	ok	ok	ok	ok	ok	ok	OFF	ok	ok	ok	ok	OFF	OFF	ok	ok	ok	ok	ok	ok	ok	ok	ok	OFF	ok
fourthDownConversion	200	value	57.0	58.4	58.8	54.1	58.7	51.1	54.8	56.6	60.4	54.7	55.3	54.6	51.8	55.8	56.2	54.2	53.2	50.9	59.6	52.7	57.2	56.6	55.8	57.4	58.6	55.2	58.5	54.6	60.2	54.1
fourthDownConversion	200	verdict	ok	ok	ok	ok	ok	ok	ok	ok	OFF	ok	ok	ok	ok	ok	ok	ok	ok	ok	ok	ok	ok	ok	ok	ok	ok	ok	ok	ok	OFF	ok
fourthDownConversion	400	value	56.0	59.2	58.1	56.5	57.9	51.1	56.7	59.0	61.6	55.3	55.6	54.7	54.1	56.6	57.4	54.8	55.4	53.1	59.6	53.7	55.6	56.0	56.2	56.1	57.5	56.8	59.6	53.7	59.1	54.2
fourthDownConversion	400	verdict	ok	ok	ok	ok	ok	ok	ok	ok	OFF	ok	ok	ok	ok	ok	ok	ok	ok	ok	ok	ok	ok	ok	ok	ok	ok	ok	ok	ok	ok	ok
fourthDownKicked	100	value	20.1	21.2	23.2	22.8	22.9	22.5	23.0	22.7	25.5	24.2	22.8	23.2	23.4	22.2	22.3	23.0	21.4	23.6	24.6	20.1	24.3	22.8	24.5	21.5	23.4	23.5	23.6	23.0	24.2	23.5
fourthDownKicked	100	verdict	OFF	OFF	ok	OFF	OFF	OFF	OFF	OFF	ok	ok	OFF	ok	ok	OFF	OFF	OFF	OFF	ok	ok	OFF	ok	OFF	ok	OFF	ok	ok	ok	OFF	ok	ok
fourthDownKicked	200	value	20.8	22.2	23.1	22.8	22.7	23.3	22.5	23.2	24.0	23.1	22.8	22.8	23.2	23.3	23.0	23.4	22.1	23.5	25.1	21.0	24.7	22.9	24.3	22.3	22.9	23.9	24.1	21.6	23.7	23.4
fourthDownKicked	200	verdict	OFF	OFF	ok	OFF	OFF	ok	OFF	ok	ok	ok	OFF	OFF	ok	ok	OFF	ok	OFF	ok	ok	OFF	ok	OFF	ok	OFF	OFF	ok	ok	OFF	ok	ok
fourthDownKicked	400	value	21.8	22.8	23.5	22.7	22.7	22.3	22.6	23.4	24.4	23.1	22.3	23.1	23.0	24.1	23.3	24.0	22.4	23.4	24.1	22.4	24.0	23.3	24.1	22.5	22.8	23.8	24.0	21.7	23.3	22.5
fourthDownKicked	400	verdict	OFF	OFF	ok	OFF	OFF	OFF	OFF	ok	ok	ok	OFF	ok	OFF	ok	ok	ok	OFF	ok	ok	OFF	ok	ok	ok	OFF	OFF	ok	ok	OFF	ok	OFF
fourthDownPunted	100	value	61.5	60.3	57.9	59.0	57.7	59.8	58.4	59.8	55.4	57.3	58.4	57.9	58.8	59.8	60.0	59.6	60.4	60.3	58.7	62.2	56.4	59.7	56.0	63.0	58.8	57.3	58.5	59.4	59.8	57.6
fourthDownPunted	100	verdict	OFF	OFF	ok	OFF	ok	OFF	ok	OFF	ok	ok	ok	ok	OFF	OFF	OFF	OFF	OFF	OFF	OFF	OFF	ok	OFF	ok	OFF	OFF	ok	ok	OFF	OFF	ok
fourthDownPunted	200	value	61.8	60.3	58.8	58.4	59.0	58.7	60.4	58.4	57.8	58.3	59.1	58.7	59.5	58.8	60.0	59.3	60.0	59.7	58.0	61.1	57.8	59.3	58.0	61.4	58.9	58.2	58.1	61.8	59.0	58.1
fourthDownPunted	200	verdict	OFF	OFF	OFF	ok	OFF	OFF	OFF	ok	ok	ok	OFF	OFF	OFF	OFF	OFF	OFF	OFF	OFF	ok	OFF	ok	OFF	ok	OFF	OFF	ok	ok	OFF	OFF	ok
fourthDownPunted	400	value	60.8	59.8	58.0	58.5	59.8	59.3	60.5	58.62	57.6	58.3	59.6	58.4	60.0	58.0	58.9	58.4	59.4	59.0	58.3	60.6	58.5	58.8	57.9	60.8	59.5	59.4	58.2	60.8	58.9	59.3
fourthDownPunted	400	verdict	OFF	OFF	ok	ok	OFF	OFF	OFF	OFF	ok	ok	OFF	ok	OFF	ok	OFF	ok	OFF	OFF	ok	OFF	ok	OFF	ok	OFF	OFF	OFF	ok	OFF	OFF	OFF
fourthDownWentForIt	100	value	18.39	18.5	18.9	18.3	19.5	17.6	18.6	17.4	19.2	18.5	18.7	18.9	17.8	18.0	17.7	17.4	18.2	16.1	16.8	17.8	19.3	17.5	19.5	15.5	17.9	19.2	17.9	17.6	16.0	18.9
fourthDownWentForIt	100	verdict	OFF	ok	ok	OFF	ok	OFF	ok	OFF	ok	ok	ok	ok	OFF	OFF	OFF	OFF	OFF	OFF	OFF	OFF	ok	OFF	ok	OFF	OFF	ok	OFF	OFF	OFF	ok
fourthDownWentForIt	200	value	17.4	17.5	18.1	18.9	18.3	18.1	17.1	18.3	18.1	18.6	18.2	18.5	17.3	17.9	17.0	17.3	17.9	16.8	16.9	17.9	17.6	17.8	17.7	16.3	18.1	17.9	17.7	16.6	17.3	18.5
fourthDownWentForIt	200	verdict	OFF	OFF	OFF	ok	OFF	OFF	OFF	OFF	OFF	ok	OFF	ok	OFF	OFF	OFF	OFF	OFF	OFF	OFF	OFF	OFF	OFF	OFF	OFF	OFF	OFF	OFF	OFF	OFF	ok
fourthDownWentForIt	400	value	17.4	17.4	18.5	18.8	17.5	18.5	16.9	17.9	18.1	18.6	18.1	18.5	16.9	17.9	17.8	17.6	18.2	17.6	17.5	17.0	17.5	17.9	18.0	16.6	17.7	16.8	17.9	17.5	17.8	18.1
fourthDownWentForIt	400	verdict	OFF	OFF	ok	ok	OFF	ok	OFF	OFF	OFF	ok	OFF	ok	OFF	OFF	OFF	OFF	OFF	OFF	OFF	OFF	OFF	OFF	OFF	OFF	OFF	OFF	OFF	OFF	OFF	OFF
fumblesKept	100	value	0.61	0.56	0.51	0.57	0.61	0.60	0.51	0.57	0.63	0.57	0.49	0.61	0.62	0.62	0.59	0.67	0.62	0.53	0.64	0.58	0.52	0.57	0.62	0.56	0.52	0.64	0.68	0.63	0.52	0.61
fumblesKept	100	verdict	ok	ok	ok	ok	ok	ok	ok	ok	ok	ok	ok	ok	ok	ok	ok	OFF	ok	ok	OFF	ok	ok	ok	ok	ok	ok	OFF	OFF	ok	ok	ok
fumblesKept	200	value	0.58	0.52	0.55	0.52	0.62	0.59	0.54	0.58	0.61	0.56	0.47	0.63	0.58	0.63	0.56	0.62	0.61	0.61	0.62	0.56	0.49	0.55	0.57	0.54	0.56	0.61	0.67	0.57	0.52	0.61
fumblesKept	200	verdict	ok	ok	ok	ok	ok	ok	ok	ok	ok	ok	ok	ok	ok	ok	ok	ok	ok	ok	ok	ok	ok	ok	ok	ok	ok	ok	OFF	ok	ok	ok
fumblesKept	400	value	0.59	0.55	0.57	0.58	0.62	0.59	0.57	0.56	0.63	0.57	0.52	0.57	0.57	0.61	0.54	0.59	0.57	0.59	0.59	0.56	0.55	0.55	0.56	0.56	0.55	0.56	0.60	0.57	0.53	0.58
fumblesKept	400	verdict	ok	ok	ok	ok	ok	ok	ok	ok	ok	ok	ok	ok	ok	ok	ok	ok	ok	ok	ok	ok	ok	ok	ok	ok	ok	ok	ok	ok	ok	ok
fumblesLost	100	value	0.59	0.54	0.65	0.59	0.61	0.60	0.65	0.50	0.57	0.61	0.53	0.62	0.60	0.53	0.64	0.62	0.51	0.57	0.66	0.58	0.55	0.57	0.45	0.50	0.55	0.57	0.60	0.55	0.56	0.53
fumblesLost	100	verdict	OFF	ok	OFF	OFF	OFF	OFF	OFF	ok	OFF	OFF	ok	OFF	OFF	ok	OFF	OFF	ok	OFF	OFF	OFF	ok	OFF	ok	ok	ok	OFF	OFF	ok	OFF	ok
fumblesLost	200	value	0.55	0.56	0.61	0.58	0.57	0.60	0.61	0.52	0.60	0.57	0.55	0.56	0.54	0.56	0.60	0.61	0.53	0.61	0.62	0.58	0.54	0.553	0.46	0.53	0.53	0.62	0.59	0.53	0.54	0.49
fumblesLost	200	verdict	ok	OFF	OFF	OFF	OFF	OFF	OFF	ok	OFF	OFF	ok	OFF	ok	OFF	OFF	OFF	ok	OFF	OFF	OFF	ok	OFF	ok	ok	ok	OFF	OFF	ok	ok	ok
fumblesLost	400	value	0.55	0.55	0.63	0.57	0.58	0.59	0.57	0.55	0.59	0.56	0.56	0.53	0.54	0.61	0.56	0.56	0.55	0.62	0.61	0.60	0.57	0.551	0.51	0.56	0.54	0.61	0.62	0.56	0.55	0.50
fumblesLost	400	verdict	ok	ok	OFF	OFF	OFF	OFF	OFF	ok	OFF	OFF	OFF	ok	ok	OFF	OFF	OFF	ok	OFF	OFF	OFF	OFF	OFF	ok	OFF	ok	OFF	OFF	OFF	ok	ok
gamesBy14plus	100	value	34.0	31.0	37.0	35.0	38.0	31.0	33.0	42.0	33.0	30.0	31.0	31.0	37.0	40.0	33.0	36.0	49.0	37.0	33.0	37.0	28.0	30.0	41.0	40.0	36.0	34.0	29.0	28.0	34.0	36.0
gamesBy14plus	100	verdict	ok	ok	ok	ok	ok	ok	ok	ok	ok	ok	ok	ok	ok	ok	ok	ok	OFF	ok	ok	ok	OFF	ok	ok	ok	ok	ok	ok	OFF	ok	ok
gamesBy14plus	200	value	34.0	34.0	33.0	34.0	36.0	35.5	31.5	42.5	30.5	32.5	37.0	32.5	40.0	32.5	34.5	34.0	43.0	36.0	29.5	35.0	30.0	29.0	36.5	45.0	33.5	34.5	30.5	29.0	34.5	29.0
gamesBy14plus	200	verdict	ok	ok	ok	ok	ok	ok	ok	OFF	ok	ok	ok	ok	ok	ok	ok	ok	OFF	ok	ok	ok	ok	ok	ok	OFF	ok	ok	ok	ok	ok	ok
gamesBy14plus	400	value	35.5	34.8	35.3	34.8	38.3	35.8	33.0	40.3	31.8	31.3	36.0	34.3	39.0	32.8	32.8	36.0	39.8	37.5	31.5	37.0	29.0	32.0	36.0	41.8	32.5	37.0	33.5	28.0	35.5	30.8
gamesBy14plus	400	verdict	ok	ok	ok	ok	ok	ok	ok	ok	ok	ok	ok	ok	ok	ok	ok	ok	ok	ok	ok	ok	ok	ok	ok	ok	ok	ok	ok	OFF	ok	ok
gamesWithin3	100	value	23.0	24.0	16.0	25.0	23.0	31.0	24.0	26.0	18.0	18.0	15.0	23.0	19.0	20.0	19.0	20.0	15.0	12.0	31.0	21.0	17.0	18.0	15.0	24.0	27.0	20.0	21.0	22.0	23.0	20.0
gamesWithin3	100	verdict	ok	ok	OFF	ok	ok	OFF	ok	ok	OFF	OFF	OFF	ok	OFF	ok	OFF	ok	OFF	OFF	OFF	ok	OFF	OFF	OFF	ok	ok	ok	ok	ok	ok	ok
gamesWithin3	200	value	22.0	21.5	20.0	19.5	21.0	25.5	20.5	22.5	18.5	19.0	15.0	22.0	16.0	23.0	17.5	24.0	20.5	18.5	24.0	23.5	19.5	18.5	17.0	20.0	25.5	21.0	20.5	23.0	20.0	21.5
gamesWithin3	200	verdict	ok	ok	ok	OFF	ok	ok	ok	ok	OFF	OFF	OFF	ok	OFF	ok	OFF	ok	ok	OFF	ok	ok	OFF	OFF	OFF	ok	ok	ok	ok	ok	ok	ok
gamesWithin3	400	value	20.3	20.8	20.5	18.8	20.0	23.0	19.8	19.8	20.0	20.0	15.8	20.8	18.0	20.0	16.3	20.8	19.0	16.8	21.8	21.0	22.0	21.3	17.5	16.3	22.3	20.0	20.5	23.0	21.3	20.8
gamesWithin3	400	verdict	ok	ok	ok	OFF	ok	ok	ok	ok	ok	ok	OFF	ok	OFF	ok	OFF	ok	OFF	OFF	ok	ok	ok	ok	OFF	OFF	ok	ok	ok	ok	ok	ok
gamesWithin7	100	value	53.0	47.0	46.0	50.0	46.0	50.0	43.0	50.0	44.0	43.0	48.0	46.0	43.0	40.0	51.0	49.0	38.0	45.0	54.0	45.0	54.0	53.0	41.0	45.0	49.0	39.0	50.0	57.0	48.0	48.0
gamesWithin7	100	verdict	ok	ok	ok	ok	ok	ok	OFF	ok	OFF	OFF	ok	ok	OFF	OFF	ok	ok	OFF	ok	ok	ok	ok	ok	OFF	ok	ok	OFF	ok	ok	ok	ok
gamesWithin7	200	value	48.5	48.5	48.5	46.5	43.5	49.5	45.0	44.0	44.0	44.5	43.0	48.5	36.0	44.5	48.5	50.5	42.5	45.5	51.5	47.0	51.5	54.0	41.5	37.5	47.0	44.0	50.5	54.0	45.5	49.5
gamesWithin7	200	verdict	ok	ok	ok	ok	OFF	ok	ok	OFF	OFF	ok	OFF	ok	OFF	ok	ok	ok	OFF	ok	ok	ok	ok	ok	OFF	OFF	ok	OFF	ok	ok	ok	ok
gamesWithin7	400	value	45.8	47.3	48.3	46.8	45.5	45.0	46.0	43.8	47.3	46.8	42.3	46.3	40.8	47.8	47.8	46.3	45.3	41.5	48.0	44.5	51.2	50.0	41.8	39.0	46.0	44.3	48.8	52.0	45.8	45.5
gamesWithin7	400	verdict	ok	ok	ok	ok	ok	ok	ok	OFF	ok	ok	OFF	ok	OFF	ok	ok	ok	ok	OFF	ok	ok	ok	ok	OFF	OFF	ok	OFF	ok	ok	ok	ok
grossPunt	100	value	43.1	42.6	43.2	43.4	43.6	43.0	43.0	43.1	42.8	42.8	43.1	42.9	43.3	42.9	43.0	42.9	43.6	42.9	43.4	42.6	42.7	42.9	43.7	43.6	42.7	43.3	43.3	43.5	42.4	43.1
grossPunt	100	verdict	OFF	OFF	OFF	OFF	OFF	OFF	OFF	OFF	OFF	OFF	OFF	OFF	OFF	OFF	OFF	OFF	OFF	OFF	OFF	OFF	OFF	OFF	OFF	OFF	OFF	OFF	OFF	OFF	OFF	OFF
grossPunt	200	value	43.2	42.6	43.4	43.2	43.6	42.8	43.2	43.0	43.1	43.1	43.1	43.0	43.1	43.1	43.2	42.9	43.4	42.9	43.3	42.6	42.8	42.8	43.5	43.5	42.7	43.1	43.1	43.5	42.3	43.2
grossPunt	200	verdict	OFF	OFF	OFF	OFF	OFF	OFF	OFF	OFF	OFF	OFF	OFF	OFF	OFF	OFF	OFF	OFF	OFF	OFF	OFF	OFF	OFF	OFF	OFF	OFF	OFF	OFF	OFF	OFF	OFF	OFF
grossPunt	400	value	43.2	42.7	43.3	43.1	43.6	42.9	43.2	43.0	43.0	43.0	43.2	43.0	43.0	43.1	43.2	42.8	43.4	42.7	43.3	42.5	42.9	43.0	43.6	43.5	42.8	43.3	43.2	43.5	42.4	43.1
grossPunt	400	verdict	OFF	OFF	OFF	OFF	OFF	OFF	OFF	OFF	OFF	OFF	OFF	OFF	OFF	OFF	OFF	OFF	OFF	OFF	OFF	OFF	OFF	OFF	OFF	OFF	OFF	OFF	OFF	OFF	OFF	OFF
heavyRainPoints	100	verdict	unsourced	unsourced	unsourced	unsourced	unsourced	unsourced	unsourced	unsourced	unsourced	unsourced	unsourced	unsourced	unsourced	unsourced	unsourced	unsourced	unsourced	unsourced	unsourced	unsourced	unsourced	unsourced	unsourced	unsourced	unsourced	unsourced	unsourced	unsourced	unsourced	unsourced
heavyRainPoints	200	verdict	unsourced	unsourced	unsourced	unsourced	unsourced	unsourced	unsourced	unsourced	unsourced	unsourced	unsourced	unsourced	unsourced	unsourced	unsourced	unsourced	unsourced	unsourced	unsourced	unsourced	unsourced	unsourced	unsourced	unsourced	unsourced	unsourced	unsourced	unsourced	unsourced	unsourced
heavyRainPoints	400	value	—	3.8	-3.5	—	0.9	5.0	—	—	—	2.5	—	8.0	2.3	—	1.5	1.8	2.6	—	—	3.6	—	0.3	—	—	—	—	1.6	—	—	—
heavyRainPoints	400	verdict	unsourced	unsourced	unsourced	unsourced	unsourced	unsourced	unsourced	unsourced	unsourced	unsourced	unsourced	unsourced	unsourced	unsourced	unsourced	unsourced	unsourced	unsourced	unsourced	unsourced	unsourced	unsourced	unsourced	unsourced	unsourced	unsourced	unsourced	unsourced	unsourced	unsourced
interceptionRate	100	value	2.6	2.7	2.4	2.3	2.8	2.8	2.3	2.7	2.2	2.3	2.7	2.3	3.1	2.3	2.7	2.6	2.8	2.8	2.7	2.6	2.5	2.5	2.8	3.0	2.7	2.7	2.8	2.9	2.4	2.3
interceptionRate	100	verdict	ok	OFF	ok	ok	OFF	OFF	ok	OFF	ok	ok	OFF	ok	OFF	ok	OFF	ok	OFF	OFF	OFF	ok	ok	ok	OFF	OFF	OFF	OFF	OFF	OFF	ok	ok
interceptionRate	200	value	2.9	2.7	2.5	2.4	2.9	2.7	2.5	2.64	2.4	2.4	2.7	2.5	3.1	2.3	2.7	2.6	2.601	3.0	2.6	2.5	2.5	2.7	2.9	2.9	2.6	2.9	2.9	3.0	2.63	2.3
interceptionRate	200	verdict	OFF	OFF	ok	ok	OFF	OFF	ok	OFF	ok	ok	OFF	ok	OFF	ok	OFF	ok	OFF	OFF	ok	ok	ok	OFF	OFF	OFF	ok	OFF	OFF	OFF	OFF	ok
interceptionRate	400	value	3.1	2.7	2.5	2.6	2.8	2.8	2.7	2.63	2.4	2.3	2.8	2.7	3.1	2.4	2.61	2.6	2.7	3.0	2.7	2.5	2.4	2.6	2.9	2.8	2.7	2.8	2.7	2.9	2.6	2.3
interceptionRate	400	verdict	OFF	OFF	ok	ok	OFF	OFF	OFF	OFF	ok	ok	OFF	OFF	OFF	ok	OFF	ok	OFF	OFF	OFF	ok	ok	ok	OFF	OFF	OFF	OFF	OFF	OFF	ok	ok
interferenceDrawnPerGame	100	value	1.32	1.42	1.42	1.70	1.34	1.64	1.62	1.42	1.60	1.56	1.40	1.54	1.43	1.41	1.46	1.25	1.66	1.20	1.31	1.04	1.27	1.27	1.33	1.19	1.26	1.29	1.39	1.29	1.58	1.33
interferenceDrawnPerGame	100	verdict	unsourced	unsourced	unsourced	unsourced	unsourced	unsourced	unsourced	unsourced	unsourced	unsourced	unsourced	unsourced	unsourced	unsourced	unsourced	unsourced	unsourced	unsourced	unsourced	unsourced	unsourced	unsourced	unsourced	unsourced	unsourced	unsourced	unsourced	unsourced	unsourced	unsourced
interferenceDrawnPerGame	200	value	1.28	1.37	1.37	1.62	1.32	1.52	1.50	1.40	1.50	1.66	1.42	1.45	1.39	1.44	1.49	1.27	1.51	1.21	1.36	1.09	1.46	1.41	1.29	1.25	1.39	1.27	1.31	1.38	1.56	1.47
interferenceDrawnPerGame	200	verdict	unsourced	unsourced	unsourced	unsourced	unsourced	unsourced	unsourced	unsourced	unsourced	unsourced	unsourced	unsourced	unsourced	unsourced	unsourced	unsourced	unsourced	unsourced	unsourced	unsourced	unsourced	unsourced	unsourced	unsourced	unsourced	unsourced	unsourced	unsourced	unsourced	unsourced
interferenceDrawnPerGame	400	value	1.33	1.33	1.42	1.49	1.37	1.47	1.61	1.50	1.55	1.53	1.41	1.41	1.26	1.44	1.59	1.28	1.52	1.27	1.30	1.14	1.49	1.48	1.25	1.31	1.38	1.25	1.35	1.38	1.49	1.40
interferenceDrawnPerGame	400	verdict	unsourced	unsourced	unsourced	unsourced	unsourced	unsourced	unsourced	unsourced	unsourced	unsourced	unsourced	unsourced	unsourced	unsourced	unsourced	unsourced	unsourced	unsourced	unsourced	unsourced	unsourced	unsourced	unsourced	unsourced	unsourced	unsourced	unsourced	unsourced	unsourced	unsourced
interferenceOnCompletions	100	value	0.0	0.0	0.0	0.0	0.0	0.0	0.0	0.0	0.0	0.0	0.0	0.0	0.0	0.0	0.0	0.0	0.0	0.0	0.0	0.0	0.0	0.0	0.0	0.0	0.0	0.0	0.0	0.0	0.0	0.0
interferenceOnCompletions	100	verdict	unsourced	unsourced	unsourced	unsourced	unsourced	unsourced	unsourced	unsourced	unsourced	unsourced	unsourced	unsourced	unsourced	unsourced	unsourced	unsourced	unsourced	unsourced	unsourced	unsourced	unsourced	unsourced	unsourced	unsourced	unsourced	unsourced	unsourced	unsourced	unsourced	unsourced
interferenceOnCompletions	200	value	0.0	0.0	0.0	0.0	0.0	0.0	0.0	0.0	0.0	0.0	0.0	0.0	0.0	0.0	0.0	0.0	0.0	0.0	0.0	0.0	0.0	0.0	0.0	0.0	0.0	0.0	0.0	0.0	0.0	0.0
interferenceOnCompletions	200	verdict	unsourced	unsourced	unsourced	unsourced	unsourced	unsourced	unsourced	unsourced	unsourced	unsourced	unsourced	unsourced	unsourced	unsourced	unsourced	unsourced	unsourced	unsourced	unsourced	unsourced	unsourced	unsourced	unsourced	unsourced	unsourced	unsourced	unsourced	unsourced	unsourced	unsourced
interferenceOnCompletions	400	value	0.0	0.0	0.0	0.0	0.0	0.0	0.0	0.0	0.0	0.0	0.0	0.0	0.0	0.0	0.0	0.0	0.0	0.0	0.0	0.0	0.0	0.0	0.0	0.0	0.0	0.0	0.0	0.0	0.0	0.0
interferenceOnCompletions	400	verdict	unsourced	unsourced	unsourced	unsourced	unsourced	unsourced	unsourced	unsourced	unsourced	unsourced	unsourced	unsourced	unsourced	unsourced	unsourced	unsourced	unsourced	unsourced	unsourced	unsourced	unsourced	unsourced	unsourced	unsourced	unsourced	unsourced	unsourced	unsourced	unsourced	unsourced
kickReturnTouchdowns.2024	100	value	0.05	0.04	0.07	0.05	0.04	0.04	0.05	0.04	0.04	0.03	0.04	0.04	0.04	0.04	0.03	0.06	0.04	0.04	0.05	0.04	0.03	0.04	0.05	0.03	0.01	0.06	0.04	0.03	0.06	0.03
kickReturnTouchdowns.2024	100	verdict	stale	stale	stale	stale	stale	stale	stale	stale	stale	stale	stale	stale	stale	stale	stale	stale	stale	stale	stale	stale	stale	stale	stale	stale	stale	stale	stale	stale	stale	stale
kickReturnTouchdowns.2024	200	value	0.04	0.03	0.06	0.04	0.03	0.04	0.03	0.05	0.04	0.05	0.04	0.04	0.05	0.05	0.02	0.05	0.04	0.03	0.04	0.04	0.03	0.04	0.05	0.03	0.02	0.04	0.03	0.03	0.05	0.04
kickReturnTouchdowns.2024	200	verdict	stale	stale	stale	stale	stale	stale	stale	stale	stale	stale	stale	stale	stale	stale	stale	stale	stale	stale	stale	stale	stale	stale	stale	stale	stale	stale	stale	stale	stale	stale
kickReturnTouchdowns.2024	400	value	0.04	0.04	0.04	0.03	0.02	0.04	0.04	0.04	0.04	0.05	0.04	0.03	0.04	0.04	0.03	0.04	0.04	0.03	0.04	0.05	0.04	0.03	0.04	0.04	0.03	0.04	0.03	0.03	0.04	0.03
kickReturnTouchdowns.2024	400	verdict	stale	stale	stale	stale	stale	stale	stale	stale	stale	stale	stale	stale	stale	stale	stale	stale	stale	stale	stale	stale	stale	stale	stale	stale	stale	stale	stale	stale	stale	stale
kickReturnTouchdowns.2025	100	value	0.05	0.04	0.07	0.05	0.04	0.04	0.05	0.04	0.04	0.03	0.04	0.04	0.04	0.04	0.03	0.06	0.04	0.04	0.05	0.04	0.03	0.04	0.05	0.03	0.01	0.06	0.04	0.03	0.06	0.03
kickReturnTouchdowns.2025	100	verdict	ok	ok	OFF	ok	ok	ok	ok	ok	ok	ok	ok	ok	ok	ok	ok	ok	ok	ok	ok	ok	ok	ok	ok	ok	OFF	ok	ok	ok	ok	ok
kickReturnTouchdowns.2025	200	value	0.04	0.03	0.06	0.04	0.03	0.04	0.03	0.05	0.04	0.05	0.04	0.04	0.05	0.05	0.02	0.05	0.04	0.03	0.04	0.04	0.03	0.04	0.05	0.03	0.018	0.04	0.03	0.03	0.05	0.04
kickReturnTouchdowns.2025	200	verdict	ok	ok	ok	ok	ok	ok	ok	ok	ok	ok	ok	ok	ok	ok	ok	ok	ok	ok	ok	ok	ok	ok	ok	ok	OFF	ok	ok	ok	ok	ok
kickReturnTouchdowns.2025	400	value	0.04	0.04	0.04	0.03	0.02	0.04	0.04	0.04	0.04	0.05	0.04	0.03	0.04	0.04	0.03	0.04	0.04	0.03	0.04	0.05	0.04	0.03	0.04	0.04	0.03	0.04	0.03	0.03	0.04	0.03
kickReturnTouchdowns.2025	400	verdict	ok	ok	ok	ok	ok	ok	ok	ok	ok	ok	ok	ok	ok	ok	ok	ok	ok	ok	ok	ok	ok	ok	ok	ok	ok	ok	ok	ok	ok	ok
kickoffReturnYards.2024	100	value	20.5	20.9	20.7	21.0	20.7	21.1	20.3	20.5	21.0	20.6	21.1	21.3	20.6	20.5	20.2	20.5	20.4	20.6	20.5	20.5	20.5	20.4	21.4	20.7	20.6	20.6	20.1	20.4	20.6	20.4
kickoffReturnYards.2024	100	verdict	stale	stale	stale	stale	stale	stale	stale	stale	stale	stale	stale	stale	stale	stale	stale	stale	stale	stale	stale	stale	stale	stale	stale	stale	stale	stale	stale	stale	stale	stale
kickoffReturnYards.2024	200	value	20.4	20.9	20.9	20.9	20.6	20.9	20.3	20.5	20.8	21.0	21.0	21.2	20.6	20.6	20.2	20.7	20.5	20.5	20.5	20.7	20.5	20.4	21.4	20.5	20.7	20.5	20.2	20.5	20.6	20.7
kickoffReturnYards.2024	200	verdict	stale	stale	stale	stale	stale	stale	stale	stale	stale	stale	stale	stale	stale	stale	stale	stale	stale	stale	stale	stale	stale	stale	stale	stale	stale	stale	stale	stale	stale	stale
kickoffReturnYards.2024	400	value	20.6	21.0	20.7	20.8	20.5	20.8	20.5	20.6	20.7	20.9	21.1	20.9	20.6	20.5	20.5	20.8	20.6	20.6	20.4	20.9	20.5	20.3	21.4	20.5	20.7	20.6	20.1	20.5	20.5	20.6
kickoffReturnYards.2024	400	verdict	stale	stale	stale	stale	stale	stale	stale	stale	stale	stale	stale	stale	stale	stale	stale	stale	stale	stale	stale	stale	stale	stale	stale	stale	stale	stale	stale	stale	stale	stale
kickoffReturnYards.2025	100	value	20.5	20.9	20.7	21.0	20.7	21.1	20.3	20.5	21.0	20.6	21.1	21.3	20.6	20.5	20.2	20.5	20.4	20.6	20.5	20.5	20.5	20.4	21.4	20.7	20.6	20.6	20.1	20.4	20.6	20.4
kickoffReturnYards.2025	100	verdict	OFF	OFF	OFF	OFF	OFF	OFF	OFF	OFF	OFF	OFF	OFF	OFF	OFF	OFF	OFF	OFF	OFF	OFF	OFF	OFF	OFF	OFF	OFF	OFF	OFF	OFF	OFF	OFF	OFF	OFF
kickoffReturnYards.2025	200	value	20.4	20.9	20.9	20.9	20.6	20.9	20.3	20.5	20.8	21.0	21.0	21.2	20.6	20.6	20.2	20.7	20.5	20.5	20.5	20.7	20.5	20.4	21.4	20.5	20.7	20.5	20.2	20.5	20.6	20.7
kickoffReturnYards.2025	200	verdict	OFF	OFF	OFF	OFF	OFF	OFF	OFF	OFF	OFF	OFF	OFF	OFF	OFF	OFF	OFF	OFF	OFF	OFF	OFF	OFF	OFF	OFF	OFF	OFF	OFF	OFF	OFF	OFF	OFF	OFF
kickoffReturnYards.2025	400	value	20.6	21.0	20.7	20.8	20.5	20.8	20.5	20.6	20.7	20.9	21.1	20.9	20.6	20.5	20.5	20.8	20.6	20.6	20.4	20.9	20.5	20.3	21.4	20.5	20.7	20.6	20.1	20.5	20.5	20.6
kickoffReturnYards.2025	400	verdict	OFF	OFF	OFF	OFF	OFF	OFF	OFF	OFF	OFF	OFF	OFF	OFF	OFF	OFF	OFF	OFF	OFF	OFF	OFF	OFF	OFF	OFF	OFF	OFF	OFF	OFF	OFF	OFF	OFF	OFF
kickoffTouchbacks.2024	100	value	17.2	19.8	18.3	19.5	17.5	18.9	20.4	19.5	21.0	17.2	19.2	16.4	18.4	21.2	20.3	18.1	18.3	19.0	18.1	19.6	20.8	18.7	19.5	21.2	20.9	18.9	20.2	16.2	20.2	20.1
kickoffTouchbacks.2024	100	verdict	stale	stale	stale	stale	stale	stale	stale	stale	stale	stale	stale	stale	stale	stale	stale	stale	stale	stale	stale	stale	stale	stale	stale	stale	stale	stale	stale	stale	stale	stale
kickoffTouchbacks.2024	200	value	16.9	18.5	19.8	18.0	17.9	17.6	20.6	19.2	20.7	18.6	19.6	17.9	18.9	20.3	19.8	19.7	18.9	19.3	18.5	20.6	19.9	19.5	19.8	20.5	19.3	18.3	19.9	17.2	19.0	20.5
kickoffTouchbacks.2024	200	verdict	stale	stale	stale	stale	stale	stale	stale	stale	stale	stale	stale	stale	stale	stale	stale	stale	stale	stale	stale	stale	stale	stale	stale	stale	stale	stale	stale	stale	stale	stale
kickoffTouchbacks.2024	400	value	17.6	18.2	20.2	18.9	18.7	16.9	20.7	18.9	20.6	18.8	19.1	18.7	19.3	20.6	20.0	19.1	18.6	19.2	18.3	19.5	19.9	19.3	19.1	19.5	20.0	18.2	20.1	18.0	18.7	19.7
kickoffTouchbacks.2024	400	verdict	stale	stale	stale	stale	stale	stale	stale	stale	stale	stale	stale	stale	stale	stale	stale	stale	stale	stale	stale	stale	stale	stale	stale	stale	stale	stale	stale	stale	stale	stale
kickoffTouchbacks.2025	100	value	17.2	19.8	18.3	19.5	17.5	18.9	20.4	19.5	21.0	17.2	19.2	16.4	18.4	21.2	20.3	18.1	18.3	19.0	18.1	19.6	20.8	18.7	19.5	21.2	20.9	18.9	20.2	16.2	20.2	20.1
kickoffTouchbacks.2025	100	verdict	OFF	ok	OFF	ok	OFF	ok	ok	ok	ok	OFF	ok	OFF	OFF	ok	ok	OFF	OFF	ok	OFF	ok	ok	OFF	ok	ok	ok	ok	ok	OFF	ok	ok
kickoffTouchbacks.2025	200	value	16.9	18.5	19.8	18.0	17.9	17.6	20.6	19.2	20.7	18.6	19.6	17.9	18.9	20.3	19.8	19.7	18.86	19.3	18.5	20.6	19.9	19.5	19.8	20.5	19.3	18.3	19.9	17.2	19.0	20.5
kickoffTouchbacks.2025	200	verdict	OFF	OFF	ok	OFF	OFF	OFF	ok	ok	ok	OFF	ok	OFF	ok	ok	ok	ok	OFF	ok	OFF	ok	ok	ok	ok	ok	ok	OFF	ok	OFF	ok	ok
kickoffTouchbacks.2025	400	value	17.6	18.2	20.2	18.88	18.7	16.9	20.7	18.86	20.6	18.8	19.1	18.7	19.3	20.6	20.0	19.1	18.6	19.2	18.3	19.5	19.9	19.3	19.1	19.5	20.0	18.2	20.1	18.0	18.7	19.7
kickoffTouchbacks.2025	400	verdict	OFF	OFF	ok	OFF	OFF	OFF	ok	OFF	ok	OFF	ok	OFF	ok	ok	ok	ok	OFF	ok	OFF	ok	ok	ok	ok	ok	ok	OFF	ok	OFF	OFF	ok
kickoffsReturned.2024	100	value	79.2	76.9	77.6	76.4	78.1	77.6	75.9	76.9	72.7	77.9	77.7	78.6	77.6	73.8	76.2	78.3	77.9	77.0	78.2	76.8	74.5	78.3	76.8	74.2	74.6	76.3	76.7	80.0	76.2	76.1
kickoffsReturned.2024	100	verdict	stale	stale	stale	stale	stale	stale	stale	stale	stale	stale	stale	stale	stale	stale	stale	stale	stale	stale	stale	stale	stale	stale	stale	stale	stale	stale	stale	stale	stale	stale
kickoffsReturned.2024	200	value	79.4	78.2	76.5	77.6	78.0	78.3	75.7	76.6	73.9	77.0	76.8	77.1	77.0	75.5	76.3	76.1	76.8	76.8	77.8	75.9	75.5	76.9	76.2	74.9	76.2	76.7	76.6	79.0	77.1	76.2
kickoffsReturned.2024	200	verdict	stale	stale	stale	stale	stale	stale	stale	stale	stale	stale	stale	stale	stale	stale	stale	stale	stale	stale	stale	stale	stale	stale	stale	stale	stale	stale	stale	stale	stale	stale
kickoffsReturned.2024	400	value	78.7	78.4	76.5	77.1	77.6	78.9	75.3	76.7	74.7	77.0	77.3	77.0	76.4	75.6	76.3	76.9	77.0	77.0	77.9	77.0	75.9	76.9	77.4	75.9	75.8	77.5	76.3	78.2	77.4	76.7
kickoffsReturned.2024	400	verdict	stale	stale	stale	stale	stale	stale	stale	stale	stale	stale	stale	stale	stale	stale	stale	stale	stale	stale	stale	stale	stale	stale	stale	stale	stale	stale	stale	stale	stale	stale
kickoffsReturned.2025	100	value	79.2	76.9	77.6	76.4	78.1	77.6	75.9	76.9	72.7	77.9	77.7	78.6	77.6	73.8	76.2	78.3	77.9	77.0	78.2	76.8	74.5	78.3	76.8	74.2	74.6	76.3	76.7	80.0	76.2	76.1
kickoffsReturned.2025	100	verdict	ok	ok	ok	ok	ok	ok	ok	ok	ok	ok	ok	ok	ok	ok	ok	ok	ok	ok	ok	ok	ok	ok	ok	ok	ok	ok	ok	ok	ok	ok
kickoffsReturned.2025	200	value	79.4	78.2	76.5	77.6	78.0	78.3	75.7	76.6	73.9	77.0	76.8	77.1	77.0	75.5	76.3	76.1	76.8	76.8	77.8	75.9	75.5	76.9	76.2	74.9	76.2	76.7	76.6	79.0	77.1	76.2
kickoffsReturned.2025	200	verdict	ok	ok	ok	ok	ok	ok	ok	ok	ok	ok	ok	ok	ok	ok	ok	ok	ok	ok	ok	ok	ok	ok	ok	ok	ok	ok	ok	ok	ok	ok
kickoffsReturned.2025	400	value	78.7	78.4	76.5	77.1	77.6	78.9	75.3	76.7	74.7	77.0	77.3	77.0	76.4	75.6	76.3	76.9	77.0	77.0	77.9	77.0	75.9	76.9	77.4	75.9	75.8	77.5	76.3	78.2	77.4	76.7
kickoffsReturned.2025	400	verdict	ok	ok	ok	ok	ok	ok	ok	ok	ok	ok	ok	ok	ok	ok	ok	ok	ok	ok	ok	ok	ok	ok	ok	ok	ok	ok	ok	ok	ok	ok
kneelsPerGame	100	value	1.8	1.6	1.6	1.7	1.4	1.4	1.5	1.7	1.6	1.6	1.5	1.7	1.5	1.5	1.5	1.6	1.3	1.7	1.7	1.82	1.7	1.6	1.7	1.4	1.6	1.8	1.7	1.6	1.5	1.6
kneelsPerGame	100	verdict	ok	ok	ok	ok	ok	ok	ok	ok	ok	ok	ok	ok	ok	ok	ok	ok	ok	ok	ok	OFF	ok	ok	ok	ok	ok	ok	ok	ok	ok	ok
kneelsPerGame	200	value	1.6	1.7	1.6	1.6	1.6	1.5	1.5	1.7	1.6	1.6	1.6	1.7	1.7	1.5	1.3	1.5	1.4	1.7	1.8	1.7	1.6	1.6	1.7	1.5	1.7	1.8	1.7	1.6	1.7	1.6
kneelsPerGame	200	verdict	ok	ok	ok	ok	ok	ok	ok	ok	ok	ok	ok	ok	ok	ok	ok	ok	ok	ok	ok	ok	ok	ok	ok	ok	ok	ok	ok	ok	ok	ok
kneelsPerGame	400	value	1.7	1.7	1.6	1.5	1.6	1.5	1.5	1.6	1.6	1.7	1.7	1.6	1.6	1.5	1.5	1.6	1.5	1.6	1.7	1.7	1.6	1.6	1.7	1.5	1.7	1.6	1.7	1.6	1.7	1.6
kneelsPerGame	400	verdict	ok	ok	ok	ok	ok	ok	ok	ok	ok	ok	ok	ok	ok	ok	ok	ok	ok	ok	ok	ok	ok	ok	ok	ok	ok	ok	ok	ok	ok	ok
marginSigma	100	value	14.2	14.1	17.5	14.9	15.8	13.3	14.0	17.7	15.2	15.2	15.0	13.4	15.1	15.3	14.4	15.8	19.3	15.8	14.4	15.4	12.3	13.3	16.3	17.5	15.4	15.5	13.5	13.6	15.64	14.4
marginSigma	100	verdict	ok	ok	OFF	ok	OFF	ok	ok	OFF	ok	ok	ok	ok	ok	ok	ok	OFF	OFF	OFF	ok	ok	OFF	ok	OFF	OFF	ok	ok	ok	ok	OFF	ok
marginSigma	200	value	14.8	15.0	16.0	15.1	15.4	14.1	13.5	17.5	14.3	14.9	15.6	14.4	16.0	14.8	15.1	15.4	17.1	16.1	14.0	15.5	12.8	13.8	15.4	18.2	14.5	14.7	13.3	13.9	15.4	13.3
marginSigma	200	verdict	ok	ok	OFF	ok	ok	ok	ok	OFF	ok	ok	ok	ok	OFF	ok	ok	ok	OFF	OFF	ok	ok	OFF	ok	ok	OFF	ok	ok	ok	ok	ok	ok
marginSigma	400	value	15.3	15.5	15.8	14.7	15.3	14.9	14.4	16.8	14.4	14.3	15.2	14.5	15.9	14.4	14.5	16.4	16.3	16.4	14.2	15.7	13.5	14.4	15.6	17.2	14.1	15.2	14.4	13.9	15.4	14.1
marginSigma	400	verdict	ok	ok	OFF	ok	ok	ok	ok	OFF	ok	ok	ok	ok	OFF	ok	ok	OFF	OFF	OFF	ok	OFF	ok	ok	ok	OFF	ok	ok	ok	ok	ok	ok
netPunt	100	value	37.8	37.1	37.1	38.2	37.2	37.2	37.0	37.6	37.0	37.2	37.3	37.1	37.9	37.2	37.5	36.7	37.6	37.0	38.1	37.2	37.0	36.9	37.8	38.1	37.2	37.5	37.3	37.6	36.5	37.4
netPunt	100	verdict	OFF	OFF	OFF	OFF	OFF	OFF	OFF	OFF	OFF	OFF	OFF	OFF	OFF	OFF	OFF	OFF	OFF	OFF	OFF	OFF	OFF	OFF	OFF	OFF	OFF	OFF	OFF	OFF	OFF	OFF
netPunt	200	value	37.9	37.2	37.2	37.8	37.7	36.9	37.6	37.2	37.4	37.1	37.4	37.2	37.4	37.4	37.6	36.8	37.6	37.0	37.9	37.1	37.0	36.8	37.8	38.1	37.0	37.1	37.5	37.8	36.4	37.3
netPunt	200	verdict	OFF	OFF	OFF	OFF	OFF	OFF	OFF	OFF	OFF	OFF	OFF	OFF	OFF	OFF	OFF	OFF	OFF	OFF	OFF	OFF	OFF	OFF	OFF	OFF	OFF	OFF	OFF	OFF	OFF	OFF
netPunt	400	value	37.8	37.1	37.5	37.7	38.0	37.0	37.5	37.1	37.2	37.0	37.4	37.1	37.6	37.3	37.5	36.8	37.6	36.9	37.8	36.9	37.1	37.3	37.9	37.9	37.2	37.6	37.5	37.9	36.7	37.3
netPunt	400	verdict	OFF	OFF	OFF	OFF	OFF	OFF	OFF	OFF	OFF	OFF	OFF	OFF	OFF	OFF	OFF	OFF	OFF	OFF	OFF	OFF	OFF	OFF	OFF	OFF	OFF	OFF	OFF	OFF	OFF	OFF
nonOffensiveTouchdowns.2024	100	value	0.16	0.19	0.22	0.16	0.18	0.20	0.15	0.18	0.18	0.14	0.19	0.22	0.19	0.18	0.18	0.15	0.22	0.17	0.22	0.19	0.17	0.21	0.21	0.18	0.14	0.18	0.20	0.22	0.20	0.14
nonOffensiveTouchdowns.2024	100	verdict	stale	stale	stale	stale	stale	stale	stale	stale	stale	stale	stale	stale	stale	stale	stale	stale	stale	stale	stale	stale	stale	stale	stale	stale	stale	stale	stale	stale	stale	stale
nonOffensiveTouchdowns.2024	200	value	0.17	0.18	0.21	0.17	0.16	0.19	0.12	0.18	0.19	0.15	0.19	0.19	0.21	0.19	0.16	0.15	0.20	0.14	0.19	0.19	0.14	0.17	0.20	0.17	0.17	0.20	0.19	0.21	0.16	0.15
nonOffensiveTouchdowns.2024	200	verdict	stale	stale	stale	stale	stale	stale	stale	stale	stale	stale	stale	stale	stale	stale	stale	stale	stale	stale	stale	stale	stale	stale	stale	stale	stale	stale	stale	stale	stale	stale
nonOffensiveTouchdowns.2024	400	value	0.19	0.18	0.17	0.18	0.16	0.21	0.17	0.18	0.15	0.15	0.19	0.18	0.19	0.18	0.16	0.14	0.18	0.16	0.18	0.19	0.15	0.16	0.18	0.18	0.15	0.20	0.18	0.20	0.16	0.14
nonOffensiveTouchdowns.2024	400	verdict	stale	stale	stale	stale	stale	stale	stale	stale	stale	stale	stale	stale	stale	stale	stale	stale	stale	stale	stale	stale	stale	stale	stale	stale	stale	stale	stale	stale	stale	stale
nonOffensiveTouchdowns.2025	100	value	0.16	0.19	0.22	0.16	0.18	0.20	0.15	0.18	0.18	0.14	0.19	0.22	0.19	0.18	0.18	0.15	0.22	0.17	0.22	0.19	0.17	0.21	0.21	0.18	0.14	0.18	0.20	0.22	0.20	0.14
nonOffensiveTouchdowns.2025	100	verdict	OFF	OFF	OFF	OFF	OFF	OFF	ok	OFF	OFF	ok	OFF	OFF	OFF	OFF	OFF	ok	OFF	OFF	OFF	OFF	OFF	OFF	OFF	OFF	ok	OFF	OFF	OFF	OFF	ok
nonOffensiveTouchdowns.2025	200	value	0.17	0.18	0.21	0.17	0.16	0.19	0.12	0.18	0.19	0.153	0.19	0.19	0.21	0.19	0.16	0.15	0.20	0.14	0.19	0.19	0.14	0.17	0.20	0.17	0.17	0.20	0.19	0.21	0.16	0.15
nonOffensiveTouchdowns.2025	200	verdict	OFF	OFF	OFF	OFF	OFF	OFF	ok	OFF	OFF	OFF	OFF	OFF	OFF	OFF	OFF	ok	OFF	ok	OFF	OFF	ok	OFF	OFF	OFF	OFF	OFF	OFF	OFF	OFF	ok
nonOffensiveTouchdowns.2025	400	value	0.19	0.18	0.17	0.18	0.16	0.21	0.17	0.18	0.154	0.15	0.19	0.18	0.19	0.18	0.16	0.14	0.18	0.16	0.18	0.19	0.15	0.16	0.18	0.18	0.153	0.20	0.18	0.20	0.16	0.14
nonOffensiveTouchdowns.2025	400	verdict	OFF	OFF	OFF	OFF	OFF	OFF	OFF	OFF	OFF	ok	OFF	OFF	OFF	OFF	OFF	ok	OFF	OFF	OFF	OFF	ok	OFF	OFF	OFF	OFF	OFF	OFF	OFF	OFF	ok
onsideKicks.2024	100	value	0.15	0.21	0.16	0.22	0.28	0.17	0.18	0.23	0.33	0.24	0.14	0.22	0.18	0.28	0.18	0.21	0.24	0.24	0.20	0.14	0.25	0.13	0.20	0.20	0.28	0.29	0.19	0.20	0.23	0.17
onsideKicks.2024	100	verdict	stale	stale	stale	stale	stale	stale	stale	stale	stale	stale	stale	stale	stale	stale	stale	stale	stale	stale	stale	stale	stale	stale	stale	stale	stale	stale	stale	stale	stale	stale
onsideKicks.2024	200	value	0.17	0.20	0.14	0.23	0.25	0.23	0.18	0.25	0.32	0.23	0.19	0.23	0.20	0.25	0.21	0.20	0.25	0.22	0.19	0.14	0.24	0.17	0.23	0.23	0.28	0.27	0.19	0.19	0.25	0.15
onsideKicks.2024	200	verdict	stale	stale	stale	stale	stale	stale	stale	stale	stale	stale	stale	stale	stale	stale	stale	stale	stale	stale	stale	stale	stale	stale	stale	stale	stale	stale	stale	stale	stale	stale
onsideKicks.2024	400	value	0.19	0.18	0.15	0.21	0.22	0.23	0.19	0.27	0.28	0.23	0.21	0.21	0.21	0.22	0.23	0.20	0.26	0.23	0.20	0.17	0.20	0.17	0.19	0.24	0.23	0.24	0.20	0.19	0.24	0.19
onsideKicks.2024	400	verdict	stale	stale	stale	stale	stale	stale	stale	stale	stale	stale	stale	stale	stale	stale	stale	stale	stale	stale	stale	stale	stale	stale	stale	stale	stale	stale	stale	stale	stale	stale
onsideKicks.2025	100	value	0.15	0.21	0.16	0.22	0.28	0.17	0.18	0.23	0.33	0.24	0.14	0.22	0.18	0.28	0.18	0.21	0.24	0.24	0.20	0.14	0.25	0.13	0.20	0.20	0.28	0.29	0.19	0.20	0.23	0.17
onsideKicks.2025	100	verdict	ok	ok	ok	ok	OFF	ok	ok	ok	OFF	ok	OFF	ok	ok	OFF	ok	ok	ok	ok	ok	OFF	OFF	OFF	ok	ok	OFF	OFF	ok	ok	ok	ok
onsideKicks.2025	200	value	0.17	0.20	0.14	0.23	0.25	0.23	0.18	0.25	0.32	0.23	0.19	0.23	0.20	0.25	0.21	0.20	0.25	0.22	0.19	0.14	0.24	0.17	0.23	0.23	0.28	0.27	0.19	0.19	0.25	0.15
onsideKicks.2025	200	verdict	ok	ok	OFF	ok	OFF	ok	ok	OFF	OFF	ok	ok	ok	ok	OFF	ok	ok	OFF	ok	ok	OFF	ok	ok	ok	ok	OFF	OFF	ok	ok	OFF	ok
onsideKicks.2025	400	value	0.19	0.18	0.15	0.21	0.22	0.23	0.19	0.27	0.28	0.23	0.21	0.21	0.21	0.22	0.23	0.20	0.26	0.23	0.20	0.17	0.20	0.17	0.19	0.24	0.23	0.24	0.20	0.19	0.243	0.19
onsideKicks.2025	400	verdict	ok	ok	ok	ok	ok	ok	ok	OFF	OFF	ok	ok	ok	ok	ok	ok	ok	OFF	ok	ok	ok	ok	ok	ok	ok	ok	ok	ok	ok	OFF	ok
onsideRecovery.2024	100	value	13.3	9.5	6.3	0.0	14.3	17.6	5.6	4.3	12.1	8.3	7.1	18.2	5.6	14.3	5.6	9.5	8.3	12.5	5.0	7.1	4.0	30.8	5.0	10.0	25.0	6.9	5.3	10.0	8.7	17.6
onsideRecovery.2024	100	verdict	stale	stale	stale	stale	stale	stale	stale	stale	stale	stale	stale	stale	stale	stale	stale	stale	stale	stale	stale	stale	stale	stale	stale	stale	stale	stale	stale	stale	stale	stale
onsideRecovery.2024	200	value	21.2	17.5	7.1	2.2	12.0	13.3	5.6	6.1	10.9	11.1	2.6	17.4	7.5	22.0	2.4	7.5	8.2	9.1	7.9	3.4	6.3	21.2	8.7	6.7	21.4	7.5	5.4	8.1	12.0	10.0
onsideRecovery.2024	200	verdict	stale	stale	stale	stale	stale	stale	stale	stale	stale	stale	stale	stale	stale	stale	stale	stale	stale	stale	stale	stale	stale	stale	stale	stale	stale	stale	stale	stale	stale	stale
onsideRecovery.2024	400	value	16.2	19.7	6.6	3.6	10.3	7.5	6.8	8.4	15.0	14.3	4.9	14.3	4.9	13.6	10.0	8.6	9.8	12.2	10.0	3.0	11.3	14.9	6.7	6.3	19.8	8.3	8.6	5.3	11.3	8.0
onsideRecovery.2024	400	verdict	stale	stale	stale	stale	stale	stale	stale	stale	stale	stale	stale	stale	stale	stale	stale	stale	stale	stale	stale	stale	stale	stale	stale	stale	stale	stale	stale	stale	stale	stale
onsideRecovery.2025	100	value	13.3	9.5	6.3	0.0	14.3	17.6	5.6	4.3	12.1	8.3	7.1	18.2	5.6	14.3	5.6	9.5	8.3	12.5	5.0	7.1	4.0	30.8	5.0	10.0	25.0	6.9	5.3	10.0	8.7	17.6
onsideRecovery.2025	100	verdict	(ok)	(ok)	(ok)	(OFF)	(ok)	(OFF)	(ok)	(ok)	(ok)	(ok)	(ok)	(OFF)	(ok)	(ok)	(ok)	(ok)	(ok)	(ok)	(ok)	(ok)	(ok)	(OFF)	(ok)	(ok)	(OFF)	(ok)	(ok)	(ok)	(ok)	(OFF)
onsideRecovery.2025	200	value	21.2	17.5	7.1	2.2	12.0	13.3	5.6	6.1	10.9	11.1	2.6	17.4	7.5	22.0	2.4	7.5	8.2	9.1	7.9	3.4	6.3	21.2	8.7	6.7	21.4	7.5	5.4	8.1	12.0	10.0
onsideRecovery.2025	200	verdict	(OFF)	(OFF)	(ok)	(OFF)	(ok)	(ok)	(ok)	(ok)	(ok)	(ok)	(OFF)	(OFF)	(ok)	(OFF)	(OFF)	(ok)	(ok)	(ok)	(ok)	(ok)	(ok)	(OFF)	(ok)	(ok)	(OFF)	(ok)	(ok)	(ok)	(ok)	(ok)
onsideRecovery.2025	400	value	16.2	19.7	6.6	3.6	10.3	7.5	6.8	8.4	15.0	14.3	4.9	14.3	4.9	13.6	10.0	8.6	9.8	12.2	10.0	3.0	11.3	14.9	6.7	6.3	19.8	8.3	8.6	5.3	11.3	8.0
onsideRecovery.2025	400	verdict	(ok)	(OFF)	(ok)	(ok)	(ok)	(ok)	(ok)	(ok)	(ok)	(ok)	(ok)	(ok)	(ok)	(ok)	(ok)	(ok)	(ok)	(ok)	(ok)	(ok)	(ok)	(ok)	(ok)	(ok)	(OFF)	(ok)	(ok)	(ok)	(ok)	(ok)
outOfBoundsShare	100	value	13.9	13.4	14.7	12.9	13.1	13.3	13.8	12.9	13.9	13.2	13.5	14.0	13.7	13.8	13.9	13.4	14.4	14.0	13.4	13.0	14.0	13.2	13.7	13.2	13.8	13.2	13.5	12.5	13.5	12.66
outOfBoundsShare	100	verdict	ok	ok	OFF	ok	ok	ok	ok	ok	ok	ok	ok	ok	ok	ok	ok	ok	ok	ok	ok	ok	ok	ok	ok	ok	ok	ok	ok	OFF	ok	OFF
outOfBoundsShare	200	value	13.8	13.3	14.1	13.2	13.4	13.2	13.6	13.3	13.7	13.3	13.4	14.1	13.4	13.6	13.6	13.7	14.0	13.7	13.6	13.2	13.8	13.3	13.7	13.1	13.6	13.2	13.5	12.8	13.4	13.4
outOfBoundsShare	200	verdict	ok	ok	ok	ok	ok	ok	ok	ok	ok	ok	ok	ok	ok	ok	ok	ok	ok	ok	ok	ok	ok	ok	ok	ok	ok	ok	ok	ok	ok	ok
outOfBoundsShare	400	value	13.8	13.3	13.7	13.5	13.5	13.2	13.6	13.6	13.8	13.5	13.3	13.8	13.6	13.6	13.5	13.6	13.9	13.7	13.4	13.3	13.7	13.4	13.6	13.4	13.6	13.4	13.6	13.2	13.4	13.4
outOfBoundsShare	400	verdict	ok	ok	ok	ok	ok	ok	ok	ok	ok	ok	ok	ok	ok	ok	ok	ok	ok	ok	ok	ok	ok	ok	ok	ok	ok	ok	ok	ok	ok	ok
outOfBoundsShareTrailingLate	100	value	31.0	30.4	36.9	31.1	29.7	33.5	34.0	31.5	32.4	30.6	31.5	35.8	33.8	31.3	33.0	34.4	34.2	35.0	30.4	28.5	32.3	32.7	34.5	28.0	31.9	31.9	31.0	30.9	35.3	30.7
outOfBoundsShareTrailingLate	100	verdict	OFF	OFF	OFF	OFF	OFF	OFF	OFF	OFF	OFF	OFF	OFF	OFF	OFF	OFF	OFF	OFF	OFF	OFF	OFF	OFF	OFF	OFF	OFF	OFF	OFF	OFF	OFF	OFF	OFF	OFF
outOfBoundsShareTrailingLate	200	value	30.3	32.0	35.7	31.7	31.7	32.3	34.2	33.4	34.5	32.1	32.1	35.1	32.7	31.9	32.8	33.8	32.2	34.1	31.8	30.4	32.7	32.7	34.3	30.3	31.3	31.5	32.6	33.8	33.7	34.2
outOfBoundsShareTrailingLate	200	verdict	OFF	OFF	OFF	OFF	OFF	OFF	OFF	OFF	OFF	OFF	OFF	OFF	OFF	OFF	OFF	OFF	OFF	OFF	OFF	OFF	OFF	OFF	OFF	OFF	OFF	OFF	OFF	OFF	OFF	OFF
outOfBoundsShareTrailingLate	400	value	30.9	32.8	33.7	32.4	32.4	32.0	32.7	33.5	33.2	32.7	32.7	34.2	32.3	32.6	32.2	32.3	32.5	34.7	30.1	31.2	32.6	32.5	32.3	32.2	32.9	32.2	31.6	31.7	33.2	31.4
outOfBoundsShareTrailingLate	400	verdict	OFF	OFF	OFF	OFF	OFF	OFF	OFF	OFF	OFF	OFF	OFF	OFF	OFF	OFF	OFF	OFF	OFF	OFF	OFF	OFF	OFF	OFF	OFF	OFF	OFF	OFF	OFF	OFF	OFF	OFF
overtimeLength	100	value	473	367	470	444	599	469	487	170	—	276	340	309	235	—	480	426	294	547	480	353	386	501	122	430	486	389	406	317	224	392
overtimeLength	100	verdict	OFF	ok	OFF	ok	OFF	OFF	OFF	OFF	n/a	OFF	OFF	OFF	OFF	n/a	OFF	ok	OFF	OFF	OFF	OFF	ok	OFF	OFF	ok	OFF	ok	ok	OFF	OFF	ok
overtimeLength	200	value	491	386	449	382	391	422	447	170	373	340	403	373	333	431	411	446	294	515	444	450	427	409	414	344	469	389	412	352	364	403
overtimeLength	200	verdict	OFF	ok	ok	ok	ok	ok	ok	OFF	ok	OFF	ok	ok	OFF	ok	ok	ok	OFF	OFF	ok	ok	ok	ok	ok	OFF	OFF	ok	ok	OFF	ok	ok
overtimeLength	400	value	497	424	470	415	411	416	401	309	401	391	363	365	392	399	414	368	440	515	430	486	415	448	423	344	399	444	386	426	346	418
overtimeLength	400	verdict	OFF	ok	OFF	ok	ok	ok	ok	OFF	ok	ok	ok	ok	ok	ok	ok	ok	ok	OFF	ok	OFF	ok	ok	ok	OFF	ok	ok	ok	ok	OFF	ok
overtimeRate	100	value	3.0	3.0	5.0	2.0	1.0	3.0	5.0	2.0	0.0	4.0	4.0	4.0	1.0	0.0	7.0	4.0	4.0	3.0	5.0	1.0	3.0	1.0	1.0	3.0	1.0	4.0	3.0	5.0	3.0	5.0
overtimeRate	100	verdict	ok	ok	ok	OFF	OFF	ok	ok	OFF	OFF	ok	ok	ok	OFF	OFF	ok	ok	ok	ok	ok	OFF	ok	OFF	OFF	ok	OFF	ok	ok	ok	ok	ok
overtimeRate	200	value	2.5	2.0	4.0	2.0	1.5	3.5	6.5	1.0	1.5	2.5	3.5	3.5	1.5	4.0	6.0	4.0	2.0	3.0	4.0	3.0	4.0	2.0	1.5	2.0	1.5	2.0	3.0	3.5	2.5	5.0
overtimeRate	200	verdict	OFF	OFF	ok	OFF	OFF	ok	ok	OFF	OFF	OFF	ok	ok	OFF	ok	ok	ok	OFF	ok	ok	ok	ok	OFF	OFF	OFF	OFF	OFF	ok	ok	OFF	ok
overtimeRate	400	value	2.3	2.5	4.5	3.3	2.0	3.5	5.0	1.3	3.5	2.5	4.3	3.0	2.0	3.0	5.0	3.5	2.8	2.0	4.5	2.8	4.0	2.0	2.5	1.0	3.5	3.0	4.0	3.0	2.8	4.5
overtimeRate	400	verdict	OFF	OFF	ok	ok	OFF	ok	ok	OFF	ok	OFF	ok	ok	OFF	ok	ok	ok	OFF	OFF	ok	OFF	ok	OFF	OFF	OFF	ok	ok	ok	ok	OFF	ok
ownHalfStarts.2024	100	value	89.5	88.4	90.4	89.0	89.3	89.5	89.3	90.1	89.8	88.6	89.7	89.9	88.5	90.1	88.9	89.5	88.7	88.5	89.8	89.2	89.4	90.0	90.0	89.4	89.8	89.4	90.2	88.1	89.2	89.8
ownHalfStarts.2024	100	verdict	stale	stale	stale	stale	stale	stale	stale	stale	stale	stale	stale	stale	stale	stale	stale	stale	stale	stale	stale	stale	stale	stale	stale	stale	stale	stale	stale	stale	stale	stale
ownHalfStarts.2024	200	value	89.4	88.2	89.9	88.9	88.9	89.0	89.0	89.4	89.6	88.9	89.6	89.5	88.7	90.3	88.8	89.6	89.0	88.2	90.1	88.9	89.5	89.3	89.6	88.7	89.8	88.4	90.1	88.6	88.7	90.1
ownHalfStarts.2024	200	verdict	stale	stale	stale	stale	stale	stale	stale	stale	stale	stale	stale	stale	stale	stale	stale	stale	stale	stale	stale	stale	stale	stale	stale	stale	stale	stale	stale	stale	stale	stale
ownHalfStarts.2024	400	value	89.2	88.7	89.5	88.9	89.2	88.8	89.1	89.2	89.7	89.4	89.4	89.0	88.5	89.7	89.3	89.2	89.3	87.8	89.7	88.3	89.5	89.5	89.4	89.0	89.6	88.9	89.8	88.5	89.3	89.8
ownHalfStarts.2024	400	verdict	stale	stale	stale	stale	stale	stale	stale	stale	stale	stale	stale	stale	stale	stale	stale	stale	stale	stale	stale	stale	stale	stale	stale	stale	stale	stale	stale	stale	stale	stale
ownHalfStarts.2025	100	value	89.5	88.4	90.4	89.0	89.3	89.5	89.3	90.1	89.8	88.6	89.7	89.9	88.5	90.1	88.9	89.5	88.7	88.5	89.8	89.2	89.4	90.0	90.0	89.4	89.8	89.4	90.2	88.1	89.2	89.8
ownHalfStarts.2025	100	verdict	ok	ok	ok	ok	ok	ok	ok	ok	ok	ok	ok	ok	ok	ok	ok	ok	ok	ok	ok	ok	ok	ok	ok	ok	ok	ok	ok	ok	ok	ok
ownHalfStarts.2025	200	value	89.4	88.2	89.9	88.9	88.9	89.0	89.0	89.4	89.6	88.9	89.6	89.5	88.7	90.3	88.8	89.6	89.0	88.2	90.1	88.9	89.5	89.3	89.6	88.7	89.8	88.4	90.1	88.6	88.7	90.1
ownHalfStarts.2025	200	verdict	ok	ok	ok	ok	ok	ok	ok	ok	ok	ok	ok	ok	ok	ok	ok	ok	ok	ok	ok	ok	ok	ok	ok	ok	ok	ok	ok	ok	ok	ok
ownHalfStarts.2025	400	value	89.2	88.7	89.5	88.9	89.2	88.8	89.1	89.2	89.7	89.4	89.4	89.0	88.5	89.7	89.3	89.2	89.3	87.8	89.7	88.3	89.5	89.5	89.4	89.0	89.6	88.9	89.8	88.5	89.3	89.8
ownHalfStarts.2025	400	verdict	ok	ok	ok	ok	ok	ok	ok	ok	ok	ok	ok	ok	ok	ok	ok	ok	ok	ok	ok	ok	ok	ok	ok	ok	ok	ok	ok	ok	ok	ok
packageBase	100	value	24.5	23.1	23.2	23.2	23.6	23.0	22.9	23.7	23.0	23.7	23.0	22.3	23.0	23.7	23.4	23.4	23.5	23.7	22.6	23.3	23.0	23.6	23.6	22.9	23.7	23.6	23.5	22.9	22.9	23.3
packageBase	100	verdict	ok	ok	ok	ok	ok	ok	ok	ok	ok	ok	ok	ok	ok	ok	ok	ok	ok	ok	ok	ok	ok	ok	ok	ok	ok	ok	ok	ok	ok	ok
packageBase	200	value	24.0	23.4	23.2	23.0	23.3	23.1	23.2	23.6	23.4	23.7	23.2	22.9	23.0	23.4	23.4	23.4	23.6	23.7	23.2	23.3	23.0	23.7	23.5	22.9	23.4	23.4	23.3	22.9	23.2	23.2
packageBase	200	verdict	ok	ok	ok	ok	ok	ok	ok	ok	ok	ok	ok	ok	ok	ok	ok	ok	ok	ok	ok	ok	ok	ok	ok	ok	ok	ok	ok	ok	ok	ok
packageBase	400	value	23.7	23.6	23.4	23.3	23.1	23.1	22.9	23.7	23.4	23.7	23.3	23.2	23.0	23.4	23.3	23.3	23.6	23.6	23.4	23.5	23.3	23.5	23.6	22.9	23.6	23.4	23.0	23.1	23.3	23.2
packageBase	400	verdict	ok	ok	ok	ok	ok	ok	ok	ok	ok	ok	ok	ok	ok	ok	ok	ok	ok	ok	ok	ok	ok	ok	ok	ok	ok	ok	ok	ok	ok	ok
packageNickel	100	value	67.8	69.5	68.7	69.0	69.23	69.4	69.5	69.4	68.8	68.7	69.2	70.3	69.4	68.8	68.5	68.8	68.8	69.3	69.8	69.5	69.21	68.9	68.7	69.9	68.9	69.0	69.24	69.5	69.4	69.3
packageNickel	100	verdict	ok	OFF	ok	ok	OFF	OFF	OFF	OFF	ok	ok	ok	OFF	OFF	ok	ok	ok	ok	OFF	OFF	OFF	OFF	ok	ok	OFF	ok	ok	OFF	OFF	OFF	OFF
packageNickel	200	value	68.6	69.24	68.9	69.2	69.3	69.4	69.1	69.3	68.7	68.8	69.1	69.7	69.3	68.9	68.9	69.0	68.7	69.4	69.4	69.4	69.1	68.8	68.9	69.7	69.3	69.1	69.22	69.5	69.25	69.1
packageNickel	200	verdict	ok	OFF	ok	ok	OFF	OFF	ok	OFF	ok	ok	ok	OFF	OFF	ok	ok	ok	ok	OFF	OFF	OFF	ok	ok	ok	OFF	OFF	ok	OFF	OFF	OFF	ok
packageNickel	400	value	69.0	69.0	68.8	69.0	69.4	69.3	69.4	69.1	68.6	68.8	69.22	69.3	69.3	69.0	69.1	69.1	68.7	69.3	69.2	69.3	69.0	69.0	68.9	69.7	69.0	69.3	69.4	69.4	69.3	69.2
packageNickel	400	verdict	ok	ok	ok	ok	OFF	OFF	OFF	ok	ok	ok	OFF	OFF	OFF	ok	ok	ok	ok	OFF	ok	OFF	ok	ok	ok	OFF	ok	OFF	OFF	OFF	OFF	ok
passesDefensedPerGame	100	value	5.68	5.10	5.12	5.67	5.31	5.33	5.08	5.03	4.38	4.70	4.98	5.25	5.37	4.87	5.25	5.51	5.37	5.17	4.81	4.87	4.67	4.71	5.43	4.95	4.85	4.68	4.72	4.92	5.08	4.97
passesDefensedPerGame	100	verdict	unsourced	unsourced	unsourced	unsourced	unsourced	unsourced	unsourced	unsourced	unsourced	unsourced	unsourced	unsourced	unsourced	unsourced	unsourced	unsourced	unsourced	unsourced	unsourced	unsourced	unsourced	unsourced	unsourced	unsourced	unsourced	unsourced	unsourced	unsourced	unsourced	unsourced
passesDefensedPerGame	200	value	5.56	5.14	5.16	5.49	5.31	5.22	5.04	5.05	4.58	5.08	4.97	4.96	5.46	5.00	5.14	5.24	5.09	5.27	4.84	5.17	4.98	5.09	5.20	5.38	4.97	4.89	4.79	5.11	5.19	5.26
passesDefensedPerGame	200	verdict	unsourced	unsourced	unsourced	unsourced	unsourced	unsourced	unsourced	unsourced	unsourced	unsourced	unsourced	unsourced	unsourced	unsourced	unsourced	unsourced	unsourced	unsourced	unsourced	unsourced	unsourced	unsourced	unsourced	unsourced	unsourced	unsourced	unsourced	unsourced	unsourced	unsourced
passesDefensedPerGame	400	value	5.41	5.26	5.11	5.32	5.21	5.15	5.36	5.08	4.68	4.97	5.03	4.84	5.44	4.95	5.17	5.13	5.08	5.41	4.76	5.14	4.93	5.11	5.08	5.40	5.15	5.17	5.05	5.14	5.15	5.24
passesDefensedPerGame	400	verdict	unsourced	unsourced	unsourced	unsourced	unsourced	unsourced	unsourced	unsourced	unsourced	unsourced	unsourced	unsourced	unsourced	unsourced	unsourced	unsourced	unsourced	unsourced	unsourced	unsourced	unsourced	unsourced	unsourced	unsourced	unsourced	unsourced	unsourced	unsourced	unsourced	unsourced
passingYards	100	value	195.9	201.2	223.2	213.9	203.5	204.4	205.8	199.5	212.4	219.5	199.8	215.1	196.7	207.8	211.0	203.4	208.2	187.3	201.6	199.9	205.0	201.3	202.7	198.4	205.4	205.3	200.0	202.4	200.1	209.9
passingYards	100	verdict	OFF	OFF	ok	OFF	OFF	OFF	OFF	OFF	OFF	OFF	OFF	OFF	OFF	OFF	OFF	OFF	OFF	OFF	OFF	OFF	OFF	OFF	OFF	OFF	OFF	OFF	OFF	OFF	OFF	OFF
passingYards	200	value	196.5	197.5	218.1	207.5	202.3	203.6	206.6	202.5	213.6	214.5	203.7	214.5	196.9	209.5	209.2	204.4	209.8	187.4	206.9	202.8	210.3	200.3	202.5	196.1	204.7	199.7	203.5	202.8	196.0	214.4
passingYards	200	verdict	OFF	OFF	OFF	OFF	OFF	OFF	OFF	OFF	OFF	OFF	OFF	OFF	OFF	OFF	OFF	OFF	OFF	OFF	OFF	OFF	OFF	OFF	OFF	OFF	OFF	OFF	OFF	OFF	OFF	OFF
passingYards	400	value	195.9	196.5	210.5	207.8	202.9	204.5	205.1	205.8	213.6	213.0	204.0	212.4	195.6	209.4	208.2	200.7	209.6	188.3	205.9	201.3	210.2	200.2	200.6	195.8	202.8	197.8	203.0	204.8	199.9	209.9
passingYards	400	verdict	OFF	OFF	OFF	OFF	OFF	OFF	OFF	OFF	OFF	OFF	OFF	OFF	OFF	OFF	OFF	OFF	OFF	OFF	OFF	OFF	OFF	OFF	OFF	OFF	OFF	OFF	OFF	OFF	OFF	OFF
penaltiesPerGame	100	value	15.1	15.5	15.0	15.7	15.7	15.2	15.1	14.9	15.3	14.8	14.7	15.1	15.6	13.9	16.0	15.5	15.7	14.6	15.4	14.4	15.1	15.6	15.4	15.3	14.9	16.0	15.7	15.1	16.0	14.6
penaltiesPerGame	100	verdict	OFF	OFF	OFF	OFF	OFF	OFF	OFF	OFF	OFF	OFF	OFF	OFF	OFF	OFF	OFF	OFF	OFF	OFF	OFF	OFF	OFF	OFF	OFF	OFF	OFF	OFF	OFF	OFF	OFF	OFF
penaltiesPerGame	200	value	14.9	15.5	15.1	15.3	15.7	14.9	15.1	15.1	15.0	15.0	15.2	15.0	14.9	14.2	15.7	15.3	15.5	14.7	15.2	14.6	15.1	15.4	15.0	15.5	15.0	15.8	15.4	15.3	15.6	15.0
penaltiesPerGame	200	verdict	OFF	OFF	OFF	OFF	OFF	OFF	OFF	OFF	OFF	OFF	OFF	OFF	OFF	OFF	OFF	OFF	OFF	OFF	OFF	OFF	OFF	OFF	OFF	OFF	OFF	OFF	OFF	OFF	OFF	OFF
penaltiesPerGame	400	value	15.1	15.3	15.0	15.3	15.3	15.1	15.0	15.5	15.2	15.1	14.9	15.0	14.6	14.5	15.5	15.0	15.4	14.6	15.3	14.7	15.2	15.6	14.7	15.5	15.3	15.6	15.5	15.2	15.7	14.8
penaltiesPerGame	400	verdict	OFF	OFF	OFF	OFF	OFF	OFF	OFF	OFF	OFF	OFF	OFF	OFF	OFF	OFF	OFF	OFF	OFF	OFF	OFF	OFF	OFF	OFF	OFF	OFF	OFF	OFF	OFF	OFF	OFF	OFF
penalty.defensiveHolding	100	value	1.37	1.25	1.52	1.43	1.53	1.30	1.80	1.45	1.63	1.39	1.41	1.44	1.50	1.21	1.64	1.41	1.56	1.26	1.54	1.30	1.47	1.32	1.33	1.40	1.68	1.46	1.66	1.24	1.68	1.31
penalty.defensiveHolding	100	verdict	OFF	OFF	OFF	OFF	OFF	OFF	OFF	OFF	OFF	OFF	OFF	OFF	OFF	OFF	OFF	OFF	OFF	OFF	OFF	OFF	OFF	OFF	OFF	OFF	OFF	OFF	OFF	OFF	OFF	OFF
penalty.defensiveHolding	200	value	1.29	1.25	1.51	1.33	1.58	1.37	1.57	1.57	1.60	1.39	1.53	1.39	1.39	1.31	1.64	1.38	1.50	1.29	1.37	1.25	1.58	1.39	1.31	1.48	1.58	1.44	1.61	1.36	1.50	1.41
penalty.defensiveHolding	200	verdict	OFF	OFF	OFF	OFF	OFF	OFF	OFF	OFF	OFF	OFF	OFF	OFF	OFF	OFF	OFF	OFF	OFF	OFF	OFF	OFF	OFF	OFF	OFF	OFF	OFF	OFF	OFF	OFF	OFF	OFF
penalty.defensiveHolding	400	value	1.28	1.27	1.62	1.45	1.51	1.50	1.43	1.61	1.67	1.47	1.45	1.43	1.40	1.43	1.52	1.32	1.44	1.27	1.36	1.19	1.54	1.40	1.32	1.35	1.54	1.46	1.65	1.35	1.47	1.36
penalty.defensiveHolding	400	verdict	OFF	OFF	OFF	OFF	OFF	OFF	OFF	OFF	OFF	OFF	OFF	OFF	OFF	OFF	OFF	OFF	OFF	OFF	OFF	OFF	OFF	OFF	OFF	OFF	OFF	OFF	OFF	OFF	OFF	OFF
penalty.defensivePassInterference	100	value	1.32	1.42	1.42	1.70	1.34	1.64	1.62	1.42	1.60	1.56	1.40	1.54	1.43	1.41	1.46	1.25	1.66	1.20	1.31	1.04	1.27	1.27	1.33	1.19	1.26	1.29	1.39	1.29	1.58	1.33
penalty.defensivePassInterference	100	verdict	OFF	OFF	OFF	OFF	OFF	OFF	OFF	OFF	OFF	OFF	OFF	OFF	OFF	OFF	OFF	OFF	OFF	ok	OFF	ok	OFF	OFF	OFF	ok	OFF	OFF	OFF	OFF	OFF	OFF
penalty.defensivePassInterference	200	value	1.28	1.37	1.37	1.62	1.32	1.52	1.50	1.40	1.50	1.66	1.42	1.45	1.39	1.44	1.49	1.27	1.51	1.21	1.36	1.09	1.46	1.41	1.29	1.25	1.39	1.27	1.31	1.38	1.56	1.47
penalty.defensivePassInterference	200	verdict	OFF	OFF	OFF	OFF	OFF	OFF	OFF	OFF	OFF	OFF	OFF	OFF	OFF	OFF	OFF	OFF	OFF	ok	OFF	ok	OFF	OFF	OFF	OFF	OFF	OFF	OFF	OFF	OFF	OFF
penalty.defensivePassInterference	400	value	1.33	1.33	1.42	1.49	1.37	1.47	1.61	1.50	1.55	1.53	1.41	1.41	1.26	1.44	1.59	1.28	1.52	1.27	1.30	1.14	1.49	1.48	1.25	1.31	1.38	1.25	1.35	1.38	1.49	1.40
penalty.defensivePassInterference	400	verdict	OFF	OFF	OFF	OFF	OFF	OFF	OFF	OFF	OFF	OFF	OFF	OFF	OFF	OFF	OFF	OFF	OFF	OFF	OFF	ok	OFF	OFF	OFF	OFF	OFF	OFF	OFF	OFF	OFF	OFF
penalty.delayOfGame	100	value	0.81	0.73	0.79	0.93	0.78	0.77	0.61	0.62	0.81	0.80	0.73	0.70	0.83	0.77	0.82	0.73	0.74	0.73	0.81	0.89	0.83	0.60	0.69	0.73	0.90	0.80	1.01	0.81	0.76	0.74
penalty.delayOfGame	100	verdict	OFF	OFF	OFF	OFF	OFF	OFF	ok	ok	OFF	OFF	OFF	ok	OFF	OFF	OFF	OFF	OFF	OFF	OFF	OFF	OFF	ok	ok	OFF	OFF	OFF	OFF	OFF	OFF	OFF
penalty.delayOfGame	200	value	0.78	0.76	0.83	0.83	0.80	0.69	0.72	0.72	0.82	0.86	0.74	0.77	0.78	0.82	0.85	0.80	0.84	0.79	0.82	0.84	0.76	0.67	0.76	0.78	0.82	0.84	0.89	0.86	0.77	0.78
penalty.delayOfGame	200	verdict	OFF	OFF	OFF	OFF	OFF	ok	OFF	OFF	OFF	OFF	OFF	OFF	OFF	OFF	OFF	OFF	OFF	OFF	OFF	OFF	OFF	ok	OFF	OFF	OFF	OFF	OFF	OFF	OFF	OFF
penalty.delayOfGame	400	value	0.81	0.80	0.81	0.84	0.77	0.72	0.71	0.713	0.78	0.83	0.79	0.78	0.75	0.80	0.75	0.76	0.80	0.83	0.84	0.87	0.82	0.73	0.78	0.74	0.82	0.81	0.86	0.83	0.75	0.81
penalty.delayOfGame	400	verdict	OFF	OFF	OFF	OFF	OFF	OFF	ok	OFF	OFF	OFF	OFF	OFF	OFF	OFF	OFF	OFF	OFF	OFF	OFF	OFF	OFF	OFF	OFF	OFF	OFF	OFF	OFF	OFF	OFF	OFF
penalty.falseStart	100	value	2.74	2.79	2.64	2.75	2.71	2.66	2.23	2.71	2.71	2.87	2.77	3.00	2.95	2.47	3.02	2.94	2.95	2.86	2.94	2.71	2.86	3.10	2.90	2.93	2.71	3.28	2.94	3.02	3.37	2.85
penalty.falseStart	100	verdict	OFF	OFF	ok	OFF	OFF	ok	ok	OFF	OFF	OFF	OFF	OFF	OFF	ok	OFF	OFF	OFF	OFF	OFF	OFF	OFF	OFF	OFF	OFF	OFF	OFF	OFF	OFF	OFF	OFF
penalty.falseStart	200	value	2.74	2.96	2.72	2.78	2.70	2.53	2.40	2.67	2.74	2.83	2.77	2.86	2.66	2.62	2.90	2.84	2.83	2.80	2.75	2.66	2.79	2.90	2.76	3.11	2.68	3.19	2.99	3.01	3.12	2.73
penalty.falseStart	200	verdict	OFF	OFF	OFF	OFF	OFF	ok	ok	OFF	OFF	OFF	OFF	OFF	ok	ok	OFF	OFF	OFF	OFF	OFF	ok	OFF	OFF	OFF	OFF	OFF	OFF	OFF	OFF	OFF	OFF
penalty.falseStart	400	value	2.73	2.89	2.663	2.68	2.69	2.69	2.49	2.77	2.86	2.83	2.83	2.76	2.60	2.63	2.80	2.80	2.79	2.81	2.91	2.73	2.78	2.81	2.76	2.96	2.80	3.21	2.92	2.98	3.13	2.70
penalty.falseStart	400	verdict	OFF	OFF	OFF	OFF	OFF	OFF	ok	OFF	OFF	OFF	OFF	OFF	ok	ok	OFF	OFF	OFF	OFF	OFF	OFF	OFF	OFF	OFF	OFF	OFF	OFF	OFF	OFF	OFF	OFF
penalty.illegalFormation	100	value	0.12	0.25	0.17	0.15	0.15	0.09	0.22	0.16	0.23	0.17	0.13	0.19	0.22	0.14	0.21	0.17	0.19	0.17	0.13	0.18	0.23	0.18	0.20	0.15	0.22	0.21	0.18	0.15	0.14	0.14
penalty.illegalFormation	100	verdict	OFF	ok	ok	ok	ok	OFF	ok	ok	ok	ok	ok	ok	ok	ok	ok	ok	ok	ok	ok	ok	ok	ok	ok	ok	ok	ok	ok	ok	ok	ok
penalty.illegalFormation	200	value	0.125	0.21	0.23	0.21	0.16	0.14	0.20	0.125	0.22	0.14	0.19	0.18	0.20	0.18	0.21	0.21	0.21	0.14	0.16	0.16	0.20	0.18	0.14	0.17	0.24	0.22	0.16	0.14	0.16	0.14
penalty.illegalFormation	200	verdict	OFF	ok	ok	ok	ok	ok	ok	OFF	ok	ok	ok	ok	ok	ok	ok	ok	ok	ok	ok	ok	ok	ok	ok	ok	ok	ok	ok	ok	ok	ok
penalty.illegalFormation	400	value	0.15	0.18	0.18	0.18	0.17	0.15	0.19	0.14	0.18	0.17	0.22	0.17	0.18	0.18	0.21	0.21	0.18	0.18	0.18	0.17	0.20	0.19	0.13	0.19	0.20	0.25	0.19	0.18	0.21	0.13
penalty.illegalFormation	400	verdict	ok	ok	ok	ok	ok	ok	ok	ok	ok	ok	ok	ok	ok	ok	ok	ok	ok	ok	ok	ok	ok	ok	ok	ok	ok	ok	ok	ok	ok	ok
penalty.neutralZoneInfraction	100	value	0.70	0.75	0.67	0.83	0.71	0.72	0.80	0.61	0.64	0.76	0.61	0.59	0.81	0.39	0.59	0.51	0.70	0.66	0.55	0.51	0.62	0.65	0.62	0.62	0.57	0.59	0.60	0.70	0.66	0.59
penalty.neutralZoneInfraction	100	verdict	OFF	OFF	OFF	OFF	OFF	OFF	OFF	OFF	OFF	OFF	OFF	OFF	OFF	ok	OFF	OFF	OFF	OFF	OFF	OFF	OFF	OFF	OFF	OFF	OFF	OFF	OFF	OFF	OFF	OFF
penalty.neutralZoneInfraction	200	value	0.70	0.69	0.65	0.75	0.67	0.69	0.75	0.67	0.60	0.65	0.62	0.66	0.69	0.47	0.57	0.55	0.72	0.64	0.58	0.58	0.62	0.63	0.62	0.62	0.52	0.56	0.59	0.66	0.59	0.59
penalty.neutralZoneInfraction	200	verdict	OFF	OFF	OFF	OFF	OFF	OFF	OFF	OFF	OFF	OFF	OFF	OFF	OFF	OFF	OFF	OFF	OFF	OFF	OFF	OFF	OFF	OFF	OFF	OFF	OFF	OFF	OFF	OFF	OFF	OFF
penalty.neutralZoneInfraction	400	value	0.66	0.63	0.62	0.73	0.64	0.63	0.70	0.75	0.55	0.60	0.54	0.61	0.61	0.52	0.57	0.61	0.67	0.63	0.60	0.59	0.62	0.58	0.64	0.69	0.45	0.63	0.62	0.63	0.61	0.58
penalty.neutralZoneInfraction	400	verdict	OFF	OFF	OFF	OFF	OFF	OFF	OFF	OFF	OFF	OFF	OFF	OFF	OFF	OFF	OFF	OFF	OFF	OFF	OFF	OFF	OFF	OFF	OFF	OFF	OFF	OFF	OFF	OFF	OFF	OFF
penalty.offensiveHolding	100	value	2.51	2.75	2.06	2.20	2.23	2.30	2.19	2.34	1.91	1.86	1.97	2.32	2.04	2.09	2.33	2.23	2.17	1.94	2.15	2.27	1.98	2.52	2.36	2.15	1.87	2.22	2.10	2.02	1.99	2.22
penalty.offensiveHolding	100	verdict	ok	OFF	ok	ok	ok	ok	ok	ok	ok	OFF	ok	ok	ok	ok	ok	ok	ok	ok	ok	ok	ok	ok	ok	ok	OFF	ok	ok	ok	ok	ok
penalty.offensiveHolding	200	value	2.28	2.52	2.08	2.14	2.29	2.16	2.27	2.33	1.99	2.01	2.00	2.27	1.98	2.05	2.40	2.27	2.16	2.15	2.13	2.45	2.04	2.51	2.28	2.17	2.01	2.20	2.11	2.10	2.04	2.24
penalty.offensiveHolding	200	verdict	ok	ok	ok	ok	ok	ok	ok	ok	ok	ok	ok	ok	ok	ok	ok	ok	ok	ok	ok	ok	ok	ok	ok	ok	ok	ok	ok	ok	ok	ok
penalty.offensiveHolding	400	value	2.21	2.38	2.07	2.16	2.19	2.15	2.23	2.32	1.99	2.12	1.99	2.37	2.02	2.13	2.35	2.23	2.20	2.06	2.25	2.42	2.09	2.42	2.21	2.32	2.33	2.26	2.13	2.05	2.15	2.20
penalty.offensiveHolding	400	verdict	ok	ok	ok	ok	ok	ok	ok	ok	ok	ok	ok	ok	ok	ok	ok	ok	ok	ok	ok	ok	ok	ok	ok	ok	ok	ok	ok	ok	ok	ok
penalty.offside	100	value	0.90	0.94	0.80	0.88	0.93	0.94	0.88	0.99	0.87	0.83	0.95	0.90	1.09	0.73	1.12	1.23	1.13	0.99	1.09	0.77	0.86	0.95	0.85	1.32	0.93	0.96	0.97	0.99	0.87	0.89
penalty.offside	100	verdict	OFF	OFF	OFF	OFF	OFF	OFF	OFF	OFF	OFF	OFF	OFF	OFF	OFF	OFF	OFF	OFF	OFF	OFF	OFF	OFF	OFF	OFF	OFF	OFF	OFF	OFF	OFF	OFF	OFF	OFF
penalty.offside	200	value	0.97	0.92	0.91	0.91	1.00	0.96	0.93	1.02	0.88	0.95	1.05	0.91	1.01	0.75	1.00	1.06	1.12	1.00	1.11	0.92	0.91	0.94	0.89	1.08	0.88	0.92	0.91	1.01	0.96	0.99
penalty.offside	200	verdict	OFF	OFF	OFF	OFF	OFF	OFF	OFF	OFF	OFF	OFF	OFF	OFF	OFF	OFF	OFF	OFF	OFF	OFF	OFF	OFF	OFF	OFF	OFF	OFF	OFF	OFF	OFF	OFF	OFF	OFF
penalty.offside	400	value	1.06	0.97	0.91	0.94	0.97	0.97	0.91	0.94	0.86	0.92	0.95	0.84	1.01	0.80	0.99	1.00	1.13	0.97	1.03	0.93	0.90	0.91	0.90	1.07	0.88	0.86	0.91	0.94	0.97	0.99
penalty.offside	400	verdict	OFF	OFF	OFF	OFF	OFF	OFF	OFF	OFF	OFF	OFF	OFF	OFF	OFF	OFF	OFF	OFF	OFF	OFF	OFF	OFF	OFF	OFF	OFF	OFF	OFF	OFF	OFF	OFF	OFF	OFF
penalty.roughingThePasser	100	value	0.07	0.10	0.12	0.10	0.10	0.08	0.08	0.14	0.10	0.10	0.07	0.13	0.18	0.14	0.10	0.09	0.13	0.08	0.09	0.13	0.12	0.05	0.11	0.12	0.07	0.14	0.08	0.14	0.13	0.07
penalty.roughingThePasser	100	verdict	OFF	OFF	OFF	OFF	OFF	OFF	OFF	OFF	OFF	OFF	OFF	OFF	OFF	OFF	OFF	OFF	OFF	OFF	OFF	OFF	OFF	OFF	OFF	OFF	OFF	OFF	OFF	OFF	OFF	OFF
penalty.roughingThePasser	200	value	0.11	0.10	0.14	0.11	0.10	0.11	0.11	0.10	0.08	0.13	0.07	0.12	0.14	0.13	0.09	0.11	0.12	0.11	0.12	0.13	0.08	0.08	0.16	0.10	0.08	0.14	0.09	0.14	0.12	0.05
penalty.roughingThePasser	200	verdict	OFF	OFF	OFF	OFF	OFF	OFF	OFF	OFF	OFF	OFF	OFF	OFF	OFF	OFF	OFF	OFF	OFF	OFF	OFF	OFF	OFF	OFF	OFF	OFF	OFF	OFF	OFF	OFF	OFF	OFF
penalty.roughingThePasser	400	value	0.11	0.10	0.11	0.12	0.12	0.11	0.10	0.10	0.08	0.14	0.10	0.12	0.14	0.12	0.09	0.10	0.12	0.09	0.11	0.11	0.10	0.08	0.12	0.11	0.09	0.13	0.11	0.12	0.12	0.09
penalty.roughingThePasser	400	verdict	OFF	OFF	OFF	OFF	OFF	OFF	OFF	OFF	OFF	OFF	OFF	OFF	OFF	OFF	OFF	OFF	OFF	OFF	OFF	OFF	OFF	OFF	OFF	OFF	OFF	OFF	OFF	OFF	OFF	OFF
penalty.unnecessaryRoughness	100	value	0.40	0.30	0.40	0.50	0.32	0.40	0.34	0.37	0.31	0.37	0.32	0.34	0.28	0.29	0.20	0.32	0.33	0.33	0.46	0.38	0.49	0.27	0.44	0.41	0.26	0.43	0.42	0.33	0.41	0.34
penalty.unnecessaryRoughness	100	verdict	OFF	OFF	OFF	OFF	OFF	OFF	OFF	OFF	OFF	OFF	OFF	OFF	OFF	OFF	OFF	OFF	OFF	OFF	OFF	OFF	OFF	OFF	OFF	OFF	OFF	OFF	OFF	OFF	OFF	OFF
penalty.unnecessaryRoughness	200	value	0.35	0.39	0.39	0.41	0.37	0.42	0.43	0.35	0.32	0.35	0.36	0.37	0.33	0.29	0.27	0.37	0.35	0.37	0.41	0.34	0.43	0.33	0.43	0.38	0.29	0.42	0.37	0.34	0.44	0.34
penalty.unnecessaryRoughness	200	verdict	OFF	OFF	OFF	OFF	OFF	OFF	OFF	OFF	OFF	OFF	OFF	OFF	OFF	OFF	OFF	OFF	OFF	OFF	OFF	OFF	OFF	OFF	OFF	OFF	OFF	OFF	OFF	OFF	OFF	OFF
penalty.unnecessaryRoughness	400	value	0.38	0.35	0.38	0.43	0.33	0.40	0.38	0.35	0.31	0.37	0.36	0.33	0.35	0.34	0.33	0.38	0.34	0.39	0.38	0.34	0.41	0.37	0.42	0.39	0.38	0.41	0.37	0.35	0.43	0.36
penalty.unnecessaryRoughness	400	verdict	OFF	OFF	OFF	OFF	OFF	OFF	OFF	OFF	OFF	OFF	OFF	OFF	OFF	OFF	OFF	OFF	OFF	OFF	OFF	OFF	OFF	OFF	OFF	OFF	OFF	OFF	OFF	OFF	OFF	OFF
personnel11	100	value	66.5	67.6	66.9	67.0	66.9	67.3	66.9	67.3	66.7	66.1	67.5	67.9	67.4	66.7	66.5	66.9	67.1	66.9	67.7	67.6	67.0	66.5	66.8	67.7	66.6	66.7	67.5	67.5	67.2	67.1
personnel11	100	verdict	ok	ok	ok	ok	ok	ok	ok	ok	ok	ok	ok	ok	ok	ok	ok	ok	ok	ok	ok	ok	ok	ok	ok	ok	ok	ok	ok	ok	ok	ok
personnel11	200	value	66.7	67.4	67.0	67.2	67.2	67.2	66.8	67.5	66.4	66.3	67.3	67.4	67.1	66.9	66.8	66.9	66.9	67.0	67.3	67.4	67.1	67.0	67.0	67.5	66.9	66.8	67.2	67.6	66.9	66.8
personnel11	200	verdict	ok	ok	ok	ok	ok	ok	ok	ok	ok	ok	ok	ok	ok	ok	ok	ok	ok	ok	ok	ok	ok	ok	ok	ok	ok	ok	ok	ok	ok	ok
personnel11	400	value	67.0	67.2	66.9	67.1	67.3	67.2	67.0	67.1	66.4	66.3	67.3	67.0	67.1	67.0	66.9	66.9	66.8	66.9	67.1	67.3	67.0	67.1	66.9	67.4	66.8	67.1	67.2	67.5	67.1	66.9
personnel11	400	verdict	ok	ok	ok	ok	ok	ok	ok	ok	ok	ok	ok	ok	ok	ok	ok	ok	ok	ok	ok	ok	ok	ok	ok	ok	ok	ok	ok	ok	ok	ok
playerGamesLost	100	value	111.9	98.4	80.9	89.3	82.3	88.8	77.4	78.7	89.8	91.0	91.0	94.3	114.1	88.2	78.1	78.5	97.6	84.7	97.0	80.2	76.5	100.1	112.4	92.9	90.0	93.3	94.4	82.5	89.0	92.3
playerGamesLost	100	verdict	unsourced	unsourced	unsourced	unsourced	unsourced	unsourced	unsourced	unsourced	unsourced	unsourced	unsourced	unsourced	unsourced	unsourced	unsourced	unsourced	unsourced	unsourced	unsourced	unsourced	unsourced	unsourced	unsourced	unsourced	unsourced	unsourced	unsourced	unsourced	unsourced	unsourced
playerGamesLost	200	value	94.4	105.1	76.2	97.1	83.4	91.4	80.0	79.1	93.8	89.7	101.6	88.7	104.8	88.2	86.5	75.8	88.6	87.5	90.9	81.8	80.4	96.4	101.9	89.3	91.8	89.2	94.0	88.1	90.8	90.9
playerGamesLost	200	verdict	unsourced	unsourced	unsourced	unsourced	unsourced	unsourced	unsourced	unsourced	unsourced	unsourced	unsourced	unsourced	unsourced	unsourced	unsourced	unsourced	unsourced	unsourced	unsourced	unsourced	unsourced	unsourced	unsourced	unsourced	unsourced	unsourced	unsourced	unsourced	unsourced	unsourced
playerGamesLost	400	value	94.8	96.9	86.6	98.8	79.8	93.7	87.5	82.5	95.0	89.4	93.8	91.3	97.4	86.4	90.8	89.6	88.3	88.4	94.2	85.4	83.0	90.9	97.8	85.9	90.5	84.2	96.2	88.2	99.4	94.2
playerGamesLost	400	verdict	unsourced	unsourced	unsourced	unsourced	unsourced	unsourced	unsourced	unsourced	unsourced	unsourced	unsourced	unsourced	unsourced	unsourced	unsourced	unsourced	unsourced	unsourced	unsourced	unsourced	unsourced	unsourced	unsourced	unsourced	unsourced	unsourced	unsourced	unsourced	unsourced	unsourced
playsFromScrimmage	100	value	68.1	67.7	68.1	67.7	67.7	68.1	67.9	66.4	67.0	66.8	67.7	67.9	67.9	66.32	68.1	68.0	67.6	67.3	67.6	66.4	67.0	67.2	67.7	67.6	67.5	67.7	67.5	67.3	67.5	66.5
playsFromScrimmage	100	verdict	OFF	OFF	OFF	OFF	OFF	OFF	OFF	OFF	OFF	OFF	OFF	OFF	OFF	OFF	OFF	OFF	OFF	OFF	OFF	OFF	OFF	OFF	OFF	OFF	OFF	OFF	OFF	OFF	OFF	OFF
playsFromScrimmage	200	value	67.8	67.1	67.7	67.5	67.9	67.9	68.0	66.6	67.1	66.9	67.9	67.7	67.9	66.7	67.8	68.0	67.3	67.6	67.6	67.2	67.5	67.4	67.6	67.6	67.4	67.6	67.6	67.4	67.4	67.1
playsFromScrimmage	200	verdict	OFF	OFF	OFF	OFF	OFF	OFF	OFF	OFF	OFF	OFF	OFF	OFF	OFF	OFF	OFF	OFF	OFF	OFF	OFF	OFF	OFF	OFF	OFF	OFF	OFF	OFF	OFF	OFF	OFF	OFF
playsFromScrimmage	400	value	67.9	67.3	67.6	67.5	67.6	67.8	68.1	66.9	67.4	66.8	67.7	67.5	68.0	66.9	67.6	67.6	67.5	67.5	67.5	67.1	67.3	67.4	67.5	67.5	67.7	67.7	67.9	67.7	67.4	67.1
playsFromScrimmage	400	verdict	OFF	OFF	OFF	OFF	OFF	OFF	OFF	OFF	OFF	OFF	OFF	OFF	OFF	OFF	OFF	OFF	OFF	OFF	OFF	OFF	OFF	OFF	OFF	OFF	OFF	OFF	OFF	OFF	OFF	OFF
playsPerDrive	100	value	6.0	5.9	6.0	6.0	6.0	6.0	6.1	6.1	6.2	6.11	6.0	6.0	5.9	6.13	6.0	6.0	6.0	5.9	6.0	5.8	6.1	6.1	6.12	5.8	6.0	6.1	6.1	6.0	6.11	6.11
playsPerDrive	100	verdict	ok	ok	ok	ok	ok	ok	ok	ok	OFF	OFF	ok	ok	ok	OFF	ok	ok	ok	ok	ok	ok	ok	ok	OFF	ok	ok	ok	ok	ok	OFF	OFF
playsPerDrive	200	value	5.9	6.0	6.1	6.0	5.9	6.0	5.9	6.1	6.15	6.0	6.0	5.9	5.9	6.1	6.0	6.0	6.0	5.9	6.1	5.8	6.1	6.0	6.0	5.8	6.0	5.9	6.1	5.9	6.102	6.0
playsPerDrive	200	verdict	ok	ok	ok	ok	ok	ok	ok	ok	OFF	ok	ok	ok	ok	ok	ok	ok	ok	ok	ok	ok	ok	ok	ok	ok	ok	ok	ok	ok	OFF	ok
playsPerDrive	400	value	5.9	5.9	6.1	6.0	5.9	5.9	5.9	6.102	6.2	6.1	5.9	6.0	5.9	6.11	6.1	6.0	6.1	5.8	6.0	5.8	6.0	6.0	6.0	5.9	6.0	5.9	6.0	5.9	6.1	6.0
playsPerDrive	400	verdict	ok	ok	ok	ok	ok	ok	ok	OFF	OFF	ok	ok	ok	ok	OFF	ok	ok	ok	ok	ok	ok	ok	ok	ok	ok	ok	ok	ok	ok	ok	ok
playsPerGame	100	value	171	170.3	171	170.5	170.2	171	169	167	168	168	170	170.1	171	166	171	171	171	169	171	166	168	169	170.1	171	170	170.4	170	170	171	166
playsPerGame	100	verdict	OFF	OFF	OFF	OFF	OFF	OFF	ok	ok	ok	ok	ok	OFF	OFF	ok	OFF	OFF	OFF	ok	OFF	ok	ok	ok	OFF	OFF	ok	OFF	ok	ok	OFF	ok
playsPerGame	200	value	171	169	171	169	171	170.2	170	168	169	168	171	170	170.4	167	170.4	171	170	170	170	169	169	170	170	171	169	170.3	170	170.02	170	168
playsPerGame	200	verdict	OFF	ok	OFF	ok	OFF	OFF	ok	ok	ok	ok	OFF	ok	OFF	ok	OFF	OFF	ok	ok	ok	ok	ok	ok	ok	OFF	ok	OFF	ok	OFF	ok	ok
playsPerGame	400	value	171	169	169	169	170	170.3	171	168	169	168	170.4	169	171	168	170	170	170	170	170	169	169	169	169	170.3	170.04	171	171	170.3	170	168
playsPerGame	400	verdict	OFF	ok	ok	ok	ok	OFF	OFF	ok	ok	ok	OFF	ok	OFF	ok	ok	ok	ok	ok	ok	ok	ok	ok	ok	OFF	OFF	OFF	OFF	OFF	ok	ok
points	100	value	23.3	23.0	26.1	23.7	23.8	24.3	22.5	24.6	25.7	25.1	23.9	22.9	23.0	23.7	23.5	24.5	25.1	22.3	24.3	21.4	23.7	24.2	24.5	24.2	24.4	23.9	24.3	23.0	25.0	21.7
points	100	verdict	ok	ok	OFF	ok	ok	OFF	ok	OFF	OFF	OFF	ok	ok	ok	ok	ok	OFF	OFF	ok	OFF	ok	ok	OFF	OFF	OFF	OFF	ok	OFF	ok	OFF	ok
points	200	value	23.5	22.8	25.8	23.3	23.4	23.6	21.9	25.3	25.3	24.0	24.3	23.1	23.1	24.0	23.5	24.3	24.9	22.4	24.13	21.9	23.8	24.3	24.1	24.2	24.1	23.4	24.2	22.9	24.6	22.6
points	200	verdict	ok	ok	OFF	ok	ok	ok	ok	OFF	OFF	ok	OFF	ok	ok	ok	ok	OFF	OFF	ok	OFF	ok	ok	OFF	ok	OFF	ok	ok	OFF	ok	OFF	ok
points	400	value	23.7	23.1	24.8	23.2	23.1	23.5	22.8	25.6	25.2	23.5	24.3	23.0	23.3	24.2	23.8	24.4	24.6	22.9	23.8	22.4	24.1	24.14	24.2	23.8	23.8	23.4	24.6	22.7	24.2	22.5
points	400	verdict	ok	ok	OFF	ok	ok	ok	ok	OFF	OFF	ok	OFF	ok	ok	OFF	ok	OFF	OFF	ok	ok	ok	ok	OFF	OFF	ok	ok	ok	OFF	ok	OFF	ok
pointsFromFieldGoals	100	value	18.2	19.9	17.4	19.7	19.5	19.8	21.2	17.5	18.3	18.7	20.8	21.5	21.5	18.1	19.7	18.6	17.3	22.6	20.7	20.2	20.6	18.9	21.0	17.7	19.3	19.6	19.7	21.8	19.0	22.8
pointsFromFieldGoals	100	verdict	OFF	OFF	OFF	OFF	OFF	OFF	ok	OFF	OFF	OFF	OFF	ok	ok	OFF	OFF	OFF	OFF	ok	OFF	OFF	OFF	OFF	OFF	OFF	OFF	OFF	OFF	ok	OFF	ok
pointsFromFieldGoals	200	value	18.9	20.5	17.5	20.2	20.3	21.3	21.8	17.3	17.5	19.4	19.9	20.9	21.3	18.7	20.0	18.8	17.7	21.8	20.4	21.3	20.8	18.9	20.9	18.6	19.8	20.6	20.1	20.5	19.0	21.8
pointsFromFieldGoals	200	verdict	OFF	OFF	OFF	OFF	OFF	ok	ok	OFF	OFF	OFF	OFF	OFF	ok	OFF	OFF	OFF	OFF	ok	OFF	ok	OFF	OFF	OFF	OFF	OFF	OFF	OFF	OFF	OFF	ok
pointsFromFieldGoals	400	value	19.2	21.2	18.5	20.2	20.5	20.5	21.5	17.0	17.9	19.5	19.2	21.4	20.6	19.1	20.0	19.2	18.1	21.9	20.4	21.6	20.0	19.3	19.9	19.1	19.9	20.9	19.5	20.8	19.0	21.1
pointsFromFieldGoals	400	verdict	OFF	ok	OFF	OFF	OFF	OFF	ok	OFF	OFF	OFF	OFF	ok	OFF	OFF	OFF	OFF	OFF	ok	OFF	ok	OFF	OFF	OFF	OFF	OFF	OFF	OFF	OFF	OFF	ok
pointsFromTouchdowns	100	value	70.2	68.7	70.9	68.8	69.2	69.0	67.6	70.8	70.0	69.8	67.8	67.0	67.5	70.4	68.7	69.7	70.5	66.1	67.9	68.1	68.2	69.4	67.4	70.6	69.4	69.4	68.8	66.9	69.4	66.4
pointsFromTouchdowns	100	verdict	OFF	ok	OFF	ok	ok	ok	ok	OFF	ok	ok	ok	ok	ok	OFF	ok	ok	OFF	ok	ok	ok	ok	ok	ok	OFF	ok	ok	ok	ok	ok	ok
pointsFromTouchdowns	200	value	69.4	68.3	70.9	68.4	68.4	67.5	67.2	71.1	70.5	69.4	68.6	67.7	67.6	69.8	68.7	69.7	70.4	66.7	68.3	67.2	68.2	69.4	67.4	69.7	68.9	68.3	68.5	68.1	69.3	67.3
pointsFromTouchdowns	200	verdict	ok	ok	OFF	ok	ok	ok	ok	OFF	OFF	ok	ok	ok	ok	ok	ok	ok	OFF	ok	ok	ok	ok	ok	ok	ok	ok	ok	ok	ok	ok	ok
pointsFromTouchdowns	400	value	69.3	67.7	70.0	68.4	68.2	68.1	67.2	71.4	70.5	69.1	69.4	67.3	68.1	69.6	68.6	69.3	70.2	66.8	68.4	67.1	68.8	69.3	68.4	69.5	68.9	67.8	69.0	67.9	69.4	67.8
pointsFromTouchdowns	400	verdict	ok	ok	ok	ok	ok	ok	ok	OFF	OFF	ok	ok	ok	ok	ok	ok	ok	OFF	ok	ok	ok	ok	ok	ok	ok	ok	ok	ok	ok	ok	ok
preSnapRoadVsHome	100	value	1.17	1.29	1.26	1.23	1.12	1.22	1.32	1.18	1.44	1.30	1.04	1.48	1.34	1.21	1.26	1.27	1.31	1.32	1.09	1.40	1.05	1.32	1.14	1.12	1.30	1.16	1.21	1.32	1.20	1.27
preSnapRoadVsHome	100	verdict	ok	OFF	OFF	OFF	ok	OFF	OFF	ok	OFF	OFF	ok	OFF	OFF	OFF	OFF	OFF	OFF	OFF	ok	OFF	ok	OFF	ok	ok	OFF	ok	OFF	OFF	OFF	OFF
preSnapRoadVsHome	200	value	1.23	1.26	1.16	1.31	1.17	1.25	1.29	1.17	1.27	1.37	1.10	1.26	1.36	1.22	1.195	1.32	1.35	1.26	1.13	1.35	1.04	1.16	1.19	1.13	1.21	1.25	1.22	1.25	1.14	1.29
preSnapRoadVsHome	200	verdict	OFF	OFF	ok	OFF	ok	OFF	OFF	ok	OFF	OFF	ok	OFF	OFF	OFF	OFF	OFF	OFF	OFF	ok	OFF	ok	ok	ok	ok	OFF	OFF	OFF	OFF	ok	OFF
preSnapRoadVsHome	400	value	1.35	1.30	1.19	1.27	1.22	1.29	1.31	1.12	1.22	1.27	1.18	1.26	1.33	1.24	1.20	1.25	1.36	1.23	1.22	1.31	1.17	1.15	1.16	1.18	1.18	1.22	1.17	1.21	1.15	1.24
preSnapRoadVsHome	400	verdict	OFF	OFF	ok	OFF	OFF	OFF	OFF	ok	OFF	OFF	ok	OFF	OFF	OFF	OFF	OFF	OFF	OFF	OFF	OFF	ok	ok	ok	ok	ok	OFF	ok	OFF	ok	OFF
pressureRate	100	value	27.2	28.4	26.8	27.4	26.2	26.4	26.1	25.7	26.5	26.4	26.4	27.0	26.8	26.1	25.9	27.0	26.6	27.5	25.4	27.76	26.6	27.0	27.7997	26.8	26.9	27.7	27.3	25.5	27.3	26.0
pressureRate	100	verdict	OFF	ok	OFF	OFF	OFF	OFF	OFF	OFF	OFF	OFF	OFF	OFF	OFF	OFF	OFF	OFF	OFF	OFF	OFF	OFF	OFF	OFF	OFF	OFF	OFF	OFF	OFF	OFF	OFF	OFF
pressureRate	200	value	27.6	27.4	26.8	27.6	26.2	26.2	26.6	25.9	26.8	26.1	26.2	27.4	27.5	27.3	26.0	27.4	26.8	28.0	25.0	27.9	26.3	26.9	27.4	26.7	27.0	27.5	27.3	25.2	27.3	26.2
pressureRate	200	verdict	OFF	OFF	OFF	OFF	OFF	OFF	OFF	OFF	OFF	OFF	OFF	OFF	OFF	OFF	OFF	OFF	OFF	ok	OFF	ok	OFF	OFF	OFF	OFF	OFF	OFF	OFF	OFF	OFF	OFF
pressureRate	400	value	27.4	28.0	26.8	27.9	26.5	26.7	26.9	25.6	27.1	26.3	26.3	27.4	27.75	27.1	25.8	26.7	26.4	27.7	25.6	27.8	26.3	26.8	27.4	26.9	27.5	27.3	27.1	25.4	27.4	26.1
pressureRate	400	verdict	OFF	ok	OFF	ok	OFF	OFF	OFF	OFF	OFF	OFF	OFF	OFF	OFF	OFF	OFF	OFF	OFF	OFF	OFF	ok	OFF	OFF	OFF	OFF	OFF	OFF	OFF	OFF	OFF	OFF
puntReturnYards	100	value	11.3	11.6	12.2	10.8	12.1	11.3	11.9	11.4	12.7	11.8	11.5	12.0	11.8	11.6	11.0	12.9	12.4	11.8	11.5	11.6	11.7	12.0	12.2	11.4	11.9	12.8	11.6	12.1	13.0	11.6
puntReturnYards	100	verdict	OFF	OFF	OFF	OFF	OFF	OFF	OFF	OFF	OFF	OFF	OFF	OFF	OFF	OFF	OFF	OFF	OFF	OFF	OFF	OFF	OFF	OFF	OFF	OFF	OFF	OFF	OFF	OFF	OFF	OFF
puntReturnYards	200	value	11.1	11.7	12.3	11.2	12.3	11.7	11.6	11.9	12.1	11.9	11.6	12.0	11.9	12.0	11.3	12.6	12.0	11.6	11.5	11.9	11.9	12.0	12.2	11.4	11.9	12.5	11.5	11.6	12.2	12.0
puntReturnYards	200	verdict	OFF	OFF	OFF	OFF	OFF	OFF	OFF	OFF	OFF	OFF	OFF	OFF	OFF	OFF	OFF	OFF	OFF	OFF	OFF	OFF	OFF	OFF	OFF	OFF	OFF	OFF	OFF	OFF	OFF	OFF
puntReturnYards	400	value	11.2	11.8	11.8	11.4	12.1	11.7	11.5	11.9	12.1	12.2	11.8	12.0	11.7	11.9	11.5	12.4	12.0	11.7	11.5	12.1	12.0	11.7	12.1	11.7	11.9	12.1	11.6	11.6	11.9	11.8
puntReturnYards	400	verdict	OFF	OFF	OFF	OFF	OFF	OFF	OFF	OFF	OFF	OFF	OFF	OFF	OFF	OFF	OFF	OFF	OFF	OFF	OFF	OFF	OFF	OFF	OFF	OFF	OFF	OFF	OFF	OFF	OFF	OFF
puntTouchbacksFromPlusTerritory	100	value	4.5	5.1	2.0	0.8	0.0	2.0	2.0	5.7	2.0	1.0	2.7	1.8	5.2	1.9	3.4	0.9	3.8	3.8	3.3	2.4	6.0	4.8	2.0	2.9	0.0	2.0	2.0	1.7	1.9	3.1
puntTouchbacksFromPlusTerritory	100	verdict	OFF	OFF	OFF	OFF	OFF	OFF	OFF	OFF	OFF	OFF	OFF	OFF	OFF	OFF	OFF	OFF	OFF	OFF	OFF	OFF	OFF	OFF	OFF	OFF	OFF	OFF	OFF	OFF	OFF	OFF
puntTouchbacksFromPlusTerritory	200	value	3.2	3.9	2.5	1.3	2.0	3.7	2.3	5.3	1.6	1.5	4.0	1.8	4.3	2.2	3.7	2.4	2.4	3.0	3.7	1.3	5.4	3.7	2.4	2.9	1.9	2.7	4.0	2.4	2.9	1.5
puntTouchbacksFromPlusTerritory	200	verdict	OFF	OFF	OFF	OFF	OFF	OFF	OFF	OFF	OFF	OFF	OFF	OFF	OFF	OFF	OFF	OFF	OFF	OFF	OFF	OFF	OFF	OFF	OFF	OFF	OFF	OFF	OFF	OFF	OFF	OFF
puntTouchbacksFromPlusTerritory	400	value	2.7	2.9	2.6	1.4	1.5	2.6	2.6	5.0	2.7	2.2	3.8	3.0	3.3	2.7	2.8	3.0	2.4	3.8	4.3	0.9	2.9	3.9	2.0	2.9	1.9	2.6	2.5	2.2	2.9	1.5
puntTouchbacksFromPlusTerritory	400	verdict	OFF	OFF	OFF	OFF	OFF	OFF	OFF	OFF	OFF	OFF	OFF	OFF	OFF	OFF	OFF	OFF	OFF	OFF	OFF	OFF	OFF	OFF	OFF	OFF	OFF	OFF	OFF	OFF	OFF	OFF
puntsPerTeamGame	100	value	4.9	4.9	4.3	4.6	4.5	4.6	4.6	4.3	3.9	4.1	4.6	4.6	4.6	4.3	4.6	4.5	4.6	4.7	4.5	5.0	4.2	4.5	4.3	4.9	4.4	4.4	4.3	4.6	4.4	4.5
puntsPerTeamGame	100	verdict	OFF	OFF	ok	OFF	OFF	OFF	OFF	ok	ok	ok	OFF	OFF	OFF	ok	OFF	OFF	OFF	OFF	OFF	OFF	ok	OFF	ok	OFF	ok	ok	ok	OFF	ok	OFF
puntsPerTeamGame	200	value	4.9	4.7	4.3	4.5	4.7	4.6	4.8	4.2	4.1	4.4	4.6	4.7	4.7	4.4	4.6	4.44	4.5	4.7	4.3	5.0	4.3	4.5	4.42	4.8	4.5	4.5	4.3	4.9	4.3	4.6
puntsPerTeamGame	200	verdict	OFF	OFF	ok	OFF	OFF	OFF	OFF	ok	ok	ok	OFF	OFF	OFF	ok	OFF	OFF	OFF	OFF	ok	OFF	ok	OFF	OFF	OFF	OFF	OFF	ok	OFF	ok	OFF
puntsPerTeamGame	400	value	4.8	4.7	4.3	4.5	4.7	4.7	4.9	4.1	4.1	4.4	4.6	4.6	4.7	4.2	4.44	4.4	4.42	4.7	4.42	4.9	4.4	4.41	4.3	4.7	4.6	4.6	4.3	4.8	4.4	4.7
puntsPerTeamGame	400	verdict	OFF	OFF	ok	OFF	OFF	OFF	OFF	ok	ok	ok	OFF	OFF	OFF	ok	OFF	ok	OFF	OFF	OFF	OFF	ok	OFF	ok	OFF	OFF	OFF	ok	OFF	ok	OFF
puntsReturned	100	value	39.9	41.7	43.4	42.4	46.4	45.4	43.9	41.8	41.0	45.5	42.9	43.0	40.4	44.2	42.7	41.9	41.3	44.6	40.0	41.3	43.5	43.5	42.5	41.8	41.5	39.7	45.6	42.7	40.1	44.1
puntsReturned	100	verdict	OFF	ok	ok	ok	OFF	OFF	ok	ok	ok	OFF	ok	ok	OFF	ok	ok	ok	ok	ok	OFF	ok	ok	ok	ok	ok	ok	OFF	OFF	ok	OFF	ok
puntsReturned	200	value	41.4	41.5	43.1	42.9	42.5	45.2	43.1	42.0	42.0	44.9	43.0	43.9	41.9	43.3	42.7	42.5	41.9	44.6	41.1	41.7	43.1	44.2	41.4	41.1	42.5	40.9	43.9	41.7	41.6	44.1
puntsReturned	200	verdict	ok	ok	ok	ok	ok	ok	ok	ok	ok	ok	ok	ok	ok	ok	ok	ok	ok	ok	ok	ok	ok	ok	ok	ok	ok	ok	ok	ok	ok	ok
puntsReturned	400	value	42.0	42.6	42.7	42.4	42.0	44.1	43.8	42.4	41.9	44.7	43.0	44.0	41.5	44.0	43.6	42.8	42.4	44.0	41.7	42.8	42.6	42.7	41.2	42.3	41.6	40.9	43.6	41.4	42.0	44.1
puntsReturned	400	verdict	ok	ok	ok	ok	ok	ok	ok	ok	ok	ok	ok	ok	ok	ok	ok	ok	ok	ok	ok	ok	ok	ok	ok	ok	ok	ok	ok	ok	ok	ok
redZoneTouchdownRate	100	value	59.9	60.0	64.1	60.1	58.9	58.3	57.3	63.3	63.4	59.8	59.7	55.8	57.0	63.2	59.7	61.3	64.7	55.8	61.4	59.3	58.4	59.5	57.6	61.1	61.6	62.6	62.3	57.0	63.8	55.8
redZoneTouchdownRate	100	verdict	OFF	OFF	OFF	OFF	ok	ok	ok	OFF	OFF	OFF	OFF	ok	ok	OFF	OFF	OFF	OFF	ok	OFF	OFF	ok	OFF	ok	OFF	OFF	OFF	OFF	ok	OFF	ok
redZoneTouchdownRate	200	value	60.8	57.5	63.9	59.4	58.9	57.0	56.5	64.8	63.2	59.4	60.4	57.2	57.4	62.0	59.3	61.2	63.1	58.1	59.7	58.0	58.6	60.6	57.3	60.8	60.7	60.1	61.0	59.9	63.0	56.9
redZoneTouchdownRate	200	verdict	OFF	ok	OFF	OFF	ok	ok	ok	OFF	OFF	OFF	OFF	ok	ok	OFF	OFF	OFF	OFF	ok	OFF	ok	ok	OFF	ok	OFF	OFF	OFF	OFF	OFF	OFF	ok
redZoneTouchdownRate	400	value	61.0	57.9	62.3	58.8	59.1	57.3	57.6	64.4	63.2	59.14	61.2	56.8	58.9	61.5	60.3	61.0	62.0	58.2	59.4	57.9	60.6	60.4	58.9	60.1	60.0	59.7	62.2	58.1	62.8	58.1
redZoneTouchdownRate	400	verdict	OFF	ok	OFF	ok	ok	ok	ok	OFF	OFF	OFF	OFF	ok	ok	OFF	OFF	OFF	OFF	ok	OFF	ok	OFF	OFF	ok	OFF	OFF	OFF	OFF	ok	OFF	ok
redZoneTripsPerTeamGame	100	value	3.36	3.19	3.51	3.38	3.37	3.39	3.17	3.43	3.55	3.62	3.33	3.26	3.27	3.29	3.19	3.49	3.41	3.16	3.22	3.02	3.41	3.33	3.34	3.33	3.38	3.35	3.29	3.33	3.42	3.14
redZoneTripsPerTeamGame	100	verdict	ok	ok	ok	ok	ok	ok	ok	ok	ok	OFF	ok	ok	ok	ok	ok	ok	ok	ok	ok	OFF	ok	ok	ok	ok	ok	ok	ok	ok	ok	ok
redZoneTripsPerTeamGame	200	value	3.31	3.26	3.54	3.42	3.38	3.33	3.22	3.47	3.56	3.46	3.38	3.32	3.27	3.37	3.28	3.45	3.42	3.21	3.32	3.10	3.44	3.40	3.35	3.34	3.30	3.29	3.38	3.22	3.46	3.24
redZoneTripsPerTeamGame	200	verdict	ok	ok	ok	ok	ok	ok	ok	ok	OFF	ok	ok	ok	ok	ok	ok	ok	ok	ok	ok	ok	ok	ok	ok	ok	ok	ok	ok	ok	ok	ok
redZoneTripsPerTeamGame	400	value	3.33	3.27	3.50	3.36	3.30	3.35	3.26	3.553	3.51	3.38	3.40	3.27	3.30	3.42	3.30	3.41	3.43	3.24	3.32	3.17	3.44	3.39	3.39	3.33	3.34	3.27	3.42	3.20	3.38	3.24
redZoneTripsPerTeamGame	400	verdict	ok	ok	ok	ok	ok	ok	ok	OFF	ok	ok	ok	ok	ok	ok	ok	ok	ok	ok	ok	ok	ok	ok	ok	ok	ok	ok	ok	ok	ok	ok
runShare.fourthLong	100	value	3.4	0.0	0.0	5.4	3.2	0.0	5.7	0.0	3.7	0.0	0.0	4.3	3.0	3.7	0.0	9.1	8.7	3.7	11.5	0.0	10.7	10.7	0.0	4.0	8.7	3.0	5.7	0.0	4.3	10.3
runShare.fourthLong	100	verdict	ok	OFF	OFF	ok	ok	OFF	ok	OFF	ok	OFF	OFF	ok	ok	ok	OFF	OFF	OFF	ok	OFF	OFF	OFF	OFF	OFF	ok	OFF	ok	ok	OFF	ok	OFF
runShare.fourthLong	200	value	1.8	1.5	0.0	5.1	4.3	4.8	6.5	2.4	8.0	3.9	2.1	4.0	2.9	6.4	0.0	5.2	6.4	8.0	7.1	1.4	6.0	4.9	4.3	11.3	6.3	1.4	5.4	3.4	4.3	9.6
runShare.fourthLong	200	verdict	ok	ok	OFF	ok	ok	ok	ok	ok	OFF	ok	ok	ok	ok	ok	OFF	ok	ok	OFF	ok	ok	ok	ok	ok	OFF	ok	ok	ok	ok	ok	OFF
runShare.fourthLong	400	value	0.9	4.7	3.0	4.0	5.6	4.9	6.5	3.9	4.9	3.2	3.2	7.2	3.3	6.1	3.2	5.0	4.0	10.6	6.5	3.6	6.1	2.8	4.2	9.4	6.0	3.8	2.9	4.9	2.9	6.1
runShare.fourthLong	400	verdict	OFF	ok	ok	ok	ok	ok	ok	ok	ok	ok	ok	ok	ok	ok	ok	ok	ok	OFF	ok	ok	ok	ok	ok	OFF	ok	ok	ok	ok	ok	ok
runShare.fourthMedium	100	value	8.9	8.9	7.4	17.4	10.3	26.7	9.3	11.9	14.3	21.9	6.4	8.3	8.9	6.7	7.0	15.4	17.5	20.5	10.0	8.1	11.9	11.1	27.5	29.7	12.8	12.8	13.5	15.9	23.7	13.0
runShare.fourthMedium	100	verdict	ok	ok	ok	OFF	ok	OFF	ok	OFF	OFF	OFF	ok	ok	ok	ok	ok	OFF	OFF	OFF	ok	ok	OFF	ok	OFF	OFF	OFF	OFF	OFF	OFF	OFF	OFF
runShare.fourthMedium	200	value	18.3	10.2	9.9	16.5	12.3	22.8	11.5	14.3	17.3	13.5	11.5	9.6	11.0	9.9	9.5	11.54	17.9	20.6	13.4	14.3	14.5	16.9	23.0	17.1	13.3	15.8	11.2	13.4	19.2	13.6
runShare.fourthMedium	200	verdict	OFF	ok	ok	OFF	OFF	OFF	ok	OFF	OFF	OFF	ok	ok	ok	ok	ok	OFF	OFF	OFF	OFF	OFF	OFF	OFF	OFF	OFF	OFF	OFF	ok	OFF	OFF	OFF
runShare.fourthMedium	400	value	19.6	11.8	10.4	16.6	13.1	21.0	15.3	19.1	18.2	14.5	13.5	10.4	16.5	18.2	9.2	12.6	17.1	15.4	10.8	16.6	13.6	16.1	19.9	15.2	15.8	16.7	10.9	13.1	16.6	12.8
runShare.fourthMedium	400	verdict	OFF	OFF	ok	OFF	OFF	OFF	OFF	OFF	OFF	OFF	OFF	ok	OFF	OFF	ok	OFF	OFF	OFF	ok	OFF	OFF	OFF	OFF	OFF	OFF	OFF	ok	OFF	OFF	OFF
runShare.fourthShort	100	value	92.8	93.1	92.3	91.4	87.9	92.0	91.5	94.3	89.2	90.0	91.5	89.6	86.7	90.1	89.3	90.5	93.2	92.8	91.2	91.0	91.3	91.9	87.0	92.0	87.8	91.9	93.1	89.5	93.4	90.3
runShare.fourthShort	100	verdict	OFF	OFF	OFF	OFF	OFF	OFF	OFF	OFF	OFF	OFF	OFF	OFF	OFF	OFF	OFF	OFF	OFF	OFF	OFF	OFF	OFF	OFF	OFF	OFF	OFF	OFF	OFF	OFF	OFF	OFF
runShare.fourthShort	200	value	91.4	92.1	91.5	91.7	88.4	90.3	92.4	91.6	91.2	89.8	91.1	88.5	89.3	90.9	90.4	90.3	91.7	90.6	88.2	92.1	89.5	90.9	88.8	91.2	89.3	90.2	91.9	89.1	92.0	89.7
runShare.fourthShort	200	verdict	OFF	OFF	OFF	OFF	OFF	OFF	OFF	OFF	OFF	OFF	OFF	OFF	OFF	OFF	OFF	OFF	OFF	OFF	OFF	OFF	OFF	OFF	OFF	OFF	OFF	OFF	OFF	OFF	OFF	OFF
runShare.fourthShort	400	value	91.0	91.0	91.1	91.3	87.1	90.7	89.9	91.1	90.4	90.3	91.4	89.2	90.3	90.1	91.0	90.8	91.2	89.6	88.7	91.4	88.9	90.4	89.3	90.9	89.8	90.2	90.5	87.9	92.9	89.9
runShare.fourthShort	400	verdict	OFF	OFF	OFF	OFF	OFF	OFF	OFF	OFF	OFF	OFF	OFF	OFF	OFF	OFF	OFF	OFF	OFF	OFF	OFF	OFF	OFF	OFF	OFF	OFF	OFF	OFF	OFF	OFF	OFF	OFF
runShare.secondLong	100	value	22.6	22.1	21.6	21.9	23.2	23.6	22.1	23.4	22.8	21.7	22.6	23.0	22.3	22.9	23.4	21.4	22.3	23.1	23.6	22.9	23.8	22.7	22.6	22.8	23.7	22.2	22.2	22.0	22.3	23.0
runShare.secondLong	100	verdict	OFF	OFF	OFF	OFF	OFF	OFF	OFF	OFF	OFF	OFF	OFF	OFF	OFF	OFF	OFF	OFF	OFF	OFF	OFF	OFF	OFF	OFF	OFF	OFF	OFF	OFF	OFF	OFF	OFF	OFF
runShare.secondLong	200	value	22.3	21.9	21.3	22.3	22.5	23.8	22.0	23.8	22.3	22.1	22.2	23.1	22.1	22.9	22.5	21.9	22.1	23.3	22.9	22.3	22.4	22.7	22.5	22.9	23.8	22.8	22.2	22.4	22.9	22.4
runShare.secondLong	200	verdict	OFF	OFF	OFF	OFF	OFF	OFF	OFF	OFF	OFF	OFF	OFF	OFF	OFF	OFF	OFF	OFF	OFF	OFF	OFF	OFF	OFF	OFF	OFF	OFF	OFF	OFF	OFF	OFF	OFF	OFF
runShare.secondLong	400	value	22.3	22.2	21.9	22.3	23.0	23.3	22.6	22.7	22.2	22.1	22.2	22.9	22.7	23.2	22.6	22.6	22.3	23.2	23.2	22.5	22.5	22.4	22.7	22.9	23.7	22.2	21.8	22.4	22.5	22.1
runShare.secondLong	400	verdict	OFF	OFF	OFF	OFF	OFF	OFF	OFF	OFF	OFF	OFF	OFF	OFF	OFF	OFF	OFF	OFF	OFF	OFF	OFF	OFF	OFF	OFF	OFF	OFF	OFF	OFF	OFF	OFF	OFF	OFF
runShare.secondMedium	100	value	51.9	51.6	51.0	52.3	52.6	50.7	52.6	49.9	51.5	52.6	50.7	54.4	50.0	53.9	52.9	51.3	50.0	52.5	50.3	53.2	51.3	52.7	50.0	51.3	52.8	53.4	50.3	52.7	51.8	50.9
runShare.secondMedium	100	verdict	OFF	ok	ok	OFF	OFF	ok	OFF	ok	ok	OFF	ok	OFF	ok	OFF	OFF	ok	ok	OFF	ok	OFF	ok	OFF	ok	ok	OFF	OFF	ok	OFF	OFF	ok
runShare.secondMedium	200	value	51.3	51.8	50.7	51.4	50.8	51.1	52.2	51.2	50.9	51.8	51.9	53.4	50.7	52.8	51.3	52.2	51.8	53.3	50.0	51.8	51.7	52.2	50.3	52.1	52.7	52.1	52.0	52.3	53.2	52.0
runShare.secondMedium	200	verdict	ok	OFF	ok	ok	ok	ok	OFF	ok	ok	OFF	OFF	OFF	ok	OFF	ok	OFF	OFF	OFF	ok	OFF	OFF	OFF	ok	OFF	OFF	OFF	OFF	OFF	OFF	OFF
runShare.secondMedium	400	value	51.1	52.2	51.2	51.0	50.1	51.1	52.7	52.6	51.4	51.5	51.9	51.9	51.2	51.9	51.1	52.2	52.2	53.1	50.6	52.0	51.5	51.62	51.1	52.8	52.5	52.7	53.1	51.4	52.4	52.4
runShare.secondMedium	400	verdict	ok	OFF	ok	ok	ok	ok	OFF	OFF	ok	ok	OFF	OFF	ok	OFF	ok	OFF	OFF	OFF	ok	OFF	ok	OFF	ok	OFF	OFF	OFF	OFF	ok	OFF	OFF
runShare.secondShort	100	value	70.3	67.2	66.6	67.7	68.7	67.1	66.4	69.0	68.0	67.9	64.4	65.6	66.9	68.0	65.1	68.5	63.0	68.3	67.6	67.5	62.7	69.6	67.2	69.3	67.9	67.8	73.2	71.0	65.9	66.8
runShare.secondShort	100	verdict	OFF	OFF	OFF	OFF	OFF	OFF	OFF	OFF	OFF	OFF	ok	OFF	OFF	OFF	ok	OFF	ok	OFF	OFF	OFF	ok	OFF	OFF	OFF	OFF	OFF	OFF	OFF	OFF	OFF
runShare.secondShort	200	value	68.9	69.8	64.5	69.4	69.5	67.1	66.7	67.7	68.8	67.2	66.3	66.5	68.0	69.2	65.5	69.1	65.3	69.6	67.5	63.3	64.7	67.2	66.9	67.7	68.5	68.2	68.2	69.8	66.9	64.4
runShare.secondShort	200	verdict	OFF	OFF	ok	OFF	OFF	OFF	OFF	OFF	OFF	OFF	OFF	OFF	OFF	OFF	OFF	OFF	OFF	OFF	OFF	ok	ok	OFF	OFF	OFF	OFF	OFF	OFF	OFF	OFF	ok
runShare.secondShort	400	value	68.2	67.7	65.5	68.4	66.9	67.1	66.2	68.6	66.3	66.4	68.6	66.1	68.0	68.7	66.0	67.2	65.3	67.9	67.1	65.0	66.1	67.6	68.3	68.8	67.6	67.3	67.7	68.7	66.4	66.0
runShare.secondShort	400	verdict	OFF	OFF	OFF	OFF	OFF	OFF	OFF	OFF	OFF	OFF	OFF	OFF	OFF	OFF	OFF	OFF	OFF	OFF	OFF	ok	OFF	OFF	OFF	OFF	OFF	OFF	OFF	OFF	OFF	OFF
runShare.thirdLong	100	value	9.7	10.6	7.9	9.9	9.1	10.2	9.15	9.6	8.8	10.3	10.2	9.3	7.8	9.9	11.0	8.3	10.1	9.3	11.1	10.4	8.9	11.3	10.6	9.6	8.0	9.0	8.9	10.1	9.1	8.1
runShare.thirdLong	100	verdict	OFF	OFF	ok	OFF	ok	OFF	OFF	OFF	ok	OFF	OFF	OFF	ok	OFF	OFF	ok	OFF	OFF	OFF	OFF	ok	OFF	OFF	OFF	ok	ok	ok	OFF	ok	ok
runShare.thirdLong	200	value	9.7	9.8	8.7	9.5	9.3	10.0	8.5	10.1	8.9	9.7	10.2	9.6	8.9	9.6	9.4	8.5	9.4	9.5	10.7	10.2	9.2	10.8	9.9	10.0	9.6	9.2	8.8	10.3	9.13	9.3
runShare.thirdLong	200	verdict	OFF	OFF	ok	OFF	OFF	OFF	ok	OFF	ok	OFF	OFF	OFF	ok	OFF	OFF	ok	OFF	OFF	OFF	OFF	OFF	OFF	OFF	OFF	OFF	OFF	ok	OFF	OFF	OFF
runShare.thirdLong	400	value	9.2	10.1	8.9	9.2	9.7	9.6	9.13	9.5	8.9	9.5	10.0	9.8	9.2	9.6	9.7	9.1	9.5	9.2	10.1	9.3	9.3	10.6	10.0	10.1	10.0	9.3	8.4	9.6	9.3	9.1
runShare.thirdLong	400	verdict	OFF	OFF	ok	OFF	OFF	OFF	OFF	OFF	ok	OFF	OFF	OFF	OFF	OFF	OFF	ok	OFF	OFF	OFF	OFF	OFF	OFF	OFF	OFF	OFF	OFF	ok	OFF	OFF	ok
runShare.thirdMedium	100	value	24.7	18.1	19.2	23.1	23.9	22.1	20.6	20.2	20.4	21.7	24.3	19.6	20.1	19.4	22.7	21.3	20.5	23.3	23.0	22.4	22.0	25.1	23.3	21.9	24.4	23.0	21.7	22.1	21.1	19.6
runShare.thirdMedium	100	verdict	OFF	OFF	OFF	OFF	OFF	OFF	OFF	OFF	OFF	OFF	OFF	OFF	OFF	OFF	OFF	OFF	OFF	OFF	OFF	OFF	OFF	OFF	OFF	OFF	OFF	OFF	OFF	OFF	OFF	OFF
runShare.thirdMedium	200	value	24.0	20.9	19.6	22.5	21.8	22.5	20.6	21.5	21.2	21.2	22.0	21.0	20.0	20.2	21.7	21.1	21.6	22.6	21.8	21.9	21.6	22.6	23.0	22.0	24.4	21.4	20.9	22.4	21.5	20.8
runShare.thirdMedium	200	verdict	OFF	OFF	OFF	OFF	OFF	OFF	OFF	OFF	OFF	OFF	OFF	OFF	OFF	OFF	OFF	OFF	OFF	OFF	OFF	OFF	OFF	OFF	OFF	OFF	OFF	OFF	OFF	OFF	OFF	OFF
runShare.thirdMedium	400	value	22.8	22.0	21.3	22.5	22.5	21.0	21.8	22.4	21.9	21.8	22.0	21.6	20.5	21.2	21.7	21.3	22.4	22.5	22.4	21.1	22.6	22.8	22.4	22.3	23.3	21.1	21.1	20.7	22.1	21.4
runShare.thirdMedium	400	verdict	OFF	OFF	OFF	OFF	OFF	OFF	OFF	OFF	OFF	OFF	OFF	OFF	OFF	OFF	OFF	OFF	OFF	OFF	OFF	OFF	OFF	OFF	OFF	OFF	OFF	OFF	OFF	OFF	OFF	OFF
runShare.thirdShort	100	value	95.1	94.8	93.3	94.6	94.0	93.6	93.5	95.0	95.0	94.5	93.5	93.1	95.0	95.0	94.3	95.3	93.6	94.8	95.0	95.5	94.0	95.4	94.3	93.6	94.2	92.9	94.0	94.2	94.1	95.4
runShare.thirdShort	100	verdict	OFF	OFF	OFF	OFF	OFF	OFF	OFF	OFF	OFF	OFF	OFF	OFF	OFF	OFF	OFF	OFF	OFF	OFF	OFF	OFF	OFF	OFF	OFF	OFF	OFF	OFF	OFF	OFF	OFF	OFF
runShare.thirdShort	200	value	94.7	95.2	94.0	94.2	94.3	93.8	94.3	93.8	95.3	94.3	93.7	92.7	93.4	94.4	94.4	94.1	94.2	95.1	94.6	95.2	93.4	94.2	94.2	93.2	94.3	93.7	93.5	94.3	93.6	94.1
runShare.thirdShort	200	verdict	OFF	OFF	OFF	OFF	OFF	OFF	OFF	OFF	OFF	OFF	OFF	OFF	OFF	OFF	OFF	OFF	OFF	OFF	OFF	OFF	OFF	OFF	OFF	OFF	OFF	OFF	OFF	OFF	OFF	OFF
runShare.thirdShort	400	value	94.7	93.9	93.2	93.6	94.3	93.9	93.6	94.1	94.8	94.1	94.3	93.8	93.9	93.9	94.2	94.2	94.1	94.8	95.0	94.8	93.2	93.9	94.7	94.3	93.4	94.0	93.9	94.5	93.7	94.4
runShare.thirdShort	400	verdict	OFF	OFF	OFF	OFF	OFF	OFF	OFF	OFF	OFF	OFF	OFF	OFF	OFF	OFF	OFF	OFF	OFF	OFF	OFF	OFF	OFF	OFF	OFF	OFF	OFF	OFF	OFF	OFF	OFF	OFF
rushingYards	100	value	156.6	140.3	142.2	130.5	142.2	141.8	133.3	154.2	145.4	130.9	146.7	126.3	142.7	138.4	139.6	154.6	140.8	145.7	145.5	128.1	142.2	156.5	147.0	154.3	150.6	148.4	150.3	135.2	152.3	124.3
rushingYards	100	verdict	OFF	OFF	OFF	OFF	OFF	OFF	OFF	OFF	OFF	OFF	OFF	OFF	OFF	OFF	OFF	OFF	OFF	OFF	OFF	OFF	OFF	OFF	OFF	OFF	OFF	OFF	OFF	OFF	OFF	OFF
rushingYards	200	value	153.4	143.8	144.2	135.3	141.1	140.2	131.8	153.0	144.1	129.5	147.4	129.3	145.1	140.1	142.2	153.1	140.5	147.8	145.9	128.9	139.8	154.0	147.6	152.4	148.3	147.5	151.6	133.7	154.0	126.2
rushingYards	200	verdict	OFF	OFF	OFF	OFF	OFF	OFF	OFF	OFF	OFF	OFF	OFF	OFF	OFF	OFF	OFF	OFF	OFF	OFF	OFF	OFF	OFF	OFF	OFF	OFF	OFF	OFF	OFF	OFF	OFF	OFF
rushingYards	400	value	151.8	145.6	145.0	135.3	138.0	137.5	133.4	153.8	143.4	131.6	145.9	129.9	148.5	141.9	143.6	155.0	142.2	146.3	144.2	131.9	139.8	153.6	149.8	151.1	150.0	146.6	153.6	132.2	152.6	127.0
rushingYards	400	verdict	OFF	OFF	OFF	OFF	OFF	OFF	OFF	OFF	OFF	OFF	OFF	OFF	OFF	OFF	OFF	OFF	OFF	OFF	OFF	OFF	OFF	OFF	OFF	OFF	OFF	OFF	OFF	OFF	OFF	OFF
sackRate	100	value	3.6	4.1	4.0	3.8	3.4	3.1	3.6	3.9	3.7	3.8	3.8	3.5	4.0	3.6	3.5	3.5	3.5	3.6	3.8	3.8	4.1	4.0	4.1	4.0	4.0	3.9	4.2	3.9	3.7	3.7
sackRate	100	verdict	OFF	OFF	OFF	OFF	OFF	OFF	OFF	OFF	OFF	OFF	OFF	OFF	OFF	OFF	OFF	OFF	OFF	OFF	OFF	OFF	OFF	OFF	OFF	OFF	OFF	OFF	OFF	OFF	OFF	OFF
sackRate	200	value	3.8	3.9	3.8	4.0	3.6	3.4	3.7	3.6	3.7	3.6	3.7	3.5	4.0	3.8	3.5	3.9	3.7	3.7	3.6	3.7	3.8	3.7	4.0	3.7	3.8	3.9	3.9	3.8	3.7	3.7
sackRate	200	verdict	OFF	OFF	OFF	OFF	OFF	OFF	OFF	OFF	OFF	OFF	OFF	OFF	OFF	OFF	OFF	OFF	OFF	OFF	OFF	OFF	OFF	OFF	OFF	OFF	OFF	OFF	OFF	OFF	OFF	OFF
sackRate	400	value	3.7	3.9	3.8	4.0	3.6	3.5	3.7	3.4	3.7	3.7	3.7	3.7	3.9	3.7	3.6	3.6	3.7	3.8	3.6	4.0	3.7	3.6	3.9	3.6	3.9	3.8	3.8	3.8	3.8	3.8
sackRate	400	verdict	OFF	OFF	OFF	OFF	OFF	OFF	OFF	OFF	OFF	OFF	OFF	OFF	OFF	OFF	OFF	OFF	OFF	OFF	OFF	OFF	OFF	OFF	OFF	OFF	OFF	OFF	OFF	OFF	OFF	OFF
sacksPerPressure	100	value	13.3	14.3	14.8	13.8	12.9	11.8	13.9	15.2	14.1	14.4	14.4	12.8	15.0	13.9	13.6	12.9	13.3	13.3	14.8	13.6	15.2	14.7	14.8	15.0	14.8	14.0	15.5	15.2	13.6	14.3
sacksPerPressure	100	verdict	OFF	OFF	OFF	OFF	OFF	OFF	OFF	OFF	OFF	OFF	OFF	OFF	OFF	OFF	OFF	OFF	OFF	OFF	OFF	OFF	OFF	OFF	OFF	OFF	OFF	OFF	OFF	OFF	OFF	OFF
sacksPerPressure	200	value	13.7	14.1	14.3	14.5	13.7	12.8	14.0	13.7	13.8	13.7	14.2	12.8	14.6	13.9	13.6	14.0	14.0	13.2	14.4	13.4	14.5	13.8	14.5	13.8	14.1	14.2	14.3	14.9	13.6	14.3
sacksPerPressure	200	verdict	OFF	OFF	OFF	OFF	OFF	OFF	OFF	OFF	OFF	OFF	OFF	OFF	OFF	OFF	OFF	OFF	OFF	OFF	OFF	OFF	OFF	OFF	OFF	OFF	OFF	OFF	OFF	OFF	OFF	OFF
sacksPerPressure	400	value	13.6	14.0	14.0	14.3	13.5	13.1	13.9	13.3	13.7	13.9	14.2	13.4	14.0	13.8	14.0	13.6	13.9	13.6	14.2	14.3	14.3	13.5	14.1	13.5	14.1	14.1	14.2	14.8	13.7	14.4
sacksPerPressure	400	verdict	OFF	OFF	OFF	OFF	OFF	OFF	OFF	OFF	OFF	OFF	OFF	OFF	OFF	OFF	OFF	OFF	OFF	OFF	OFF	OFF	OFF	OFF	OFF	OFF	OFF	OFF	OFF	OFF	OFF	OFF
safeties	100	value	0.01	0.02	0.005	0.04	0.03	0.02	0.04	0.02	0.03	0.02	0.01	0.02	0.03	0.01	0.04	0.03	0.02	0.04	0.005	0.03	0.03	0.02	0.03	0.02	0.02	0.005	0.02	0.04	0.01	0.01
safeties	100	verdict	ok	ok	OFF	ok	ok	ok	ok	ok	ok	ok	ok	ok	ok	ok	ok	ok	ok	ok	OFF	ok	ok	ok	ok	ok	ok	OFF	ok	ok	ok	ok
safeties	200	value	0.02	0.01	0.008	0.03	0.03	0.02	0.03	0.01	0.02	0.02	0.02	0.03	0.02	0.02	0.03	0.02	0.03	0.04	0.008	0.04	0.03	0.02	0.03	0.02	0.02	0.01	0.01	0.03	0.02	0.02
safeties	200	verdict	ok	ok	OFF	ok	ok	ok	ok	ok	ok	ok	ok	ok	ok	ok	ok	ok	ok	ok	OFF	ok	ok	ok	ok	ok	ok	ok	ok	ok	ok	ok
safeties	400	value	0.02	0.01	0.01	0.03	0.03	0.03	0.03	0.01	0.02	0.02	0.01	0.02	0.02	0.01	0.03	0.03	0.02	0.04	0.008	0.02	0.02	0.01	0.03	0.02	0.02	0.02	0.009	0.02	0.02	0.02
safeties	400	verdict	ok	ok	ok	ok	ok	ok	ok	ok	ok	ok	ok	ok	ok	ok	ok	ok	ok	ok	OFF	ok	ok	ok	ok	ok	ok	ok	OFF	ok	ok	ok
scramblesPerGame	100	value	2.0	2.3	2.2	1.9	2.0	2.1	2.2	1.8	2.0	2.1	2.3	2.2	2.3	2.0	2.0	2.0	2.0	2.2	2.1	2.2	1.9	2.1	2.3	2.1	2.2	2.0	1.8	2.1	2.1	2.2
scramblesPerGame	100	verdict	OFF	OFF	OFF	OFF	OFF	OFF	OFF	OFF	OFF	OFF	OFF	OFF	OFF	OFF	OFF	OFF	OFF	OFF	OFF	OFF	OFF	OFF	OFF	OFF	OFF	OFF	OFF	OFF	OFF	OFF
scramblesPerGame	200	value	2.1	2.2	2.1	2.0	2.1	2.2	2.1	1.8	2.0	2.2	2.1	2.2	2.3	2.2	2.1	2.1	1.9	2.2	1.9	2.3	2.0	2.0	2.2	2.1	2.1	2.2	2.0	2.0	2.1	2.2
scramblesPerGame	200	verdict	OFF	OFF	OFF	OFF	OFF	OFF	OFF	OFF	OFF	OFF	OFF	OFF	OFF	OFF	OFF	OFF	OFF	OFF	OFF	OFF	OFF	OFF	OFF	OFF	OFF	OFF	OFF	OFF	OFF	OFF
scramblesPerGame	400	value	2.0	2.2	2.1	2.1	2.1	2.2	2.0	1.8	2.1	2.1	2.1	2.1	2.2	2.1	2.0	2.0	1.9	2.0	2.0	2.2	1.9	2.1	2.2	2.1	2.2	2.2	2.0	2.1	2.1	2.1
scramblesPerGame	400	verdict	OFF	OFF	OFF	OFF	OFF	OFF	OFF	OFF	OFF	OFF	OFF	OFF	OFF	OFF	OFF	OFF	OFF	OFF	OFF	OFF	OFF	OFF	OFF	OFF	OFF	OFF	OFF	OFF	OFF	OFF
snaps.backfield	100	value	74.0	73.1	73.5	73.2	73.6	73.8	73.4	72.0	72.5	72.2	73.1	73.1	73.6	71.8	73.5	73.6	73.1	73.1	73.3	71.8	72.6	73.0	73.5	73.0	73.6	73.4	73.2	73.2	72.7	71.9
snaps.backfield	100	verdict	OFF	OFF	OFF	OFF	OFF	OFF	OFF	ok	OFF	ok	OFF	OFF	OFF	ok	OFF	OFF	OFF	OFF	OFF	ok	OFF	OFF	OFF	OFF	OFF	OFF	OFF	OFF	OFF	ok
snaps.backfield	200	value	73.5	72.8	73.2	72.9	73.5	73.5	73.5	72.0	72.8	72.44	73.5	73.3	73.4	72.3	73.1	73.5	72.9	73.2	73.3	72.6	73.0	73.2	73.3	73.1	73.3	73.3	73.3	73.1	72.8	72.7
snaps.backfield	200	verdict	OFF	OFF	OFF	OFF	OFF	OFF	OFF	ok	OFF	OFF	OFF	OFF	OFF	ok	OFF	OFF	OFF	OFF	OFF	OFF	OFF	OFF	OFF	OFF	OFF	OFF	OFF	OFF	OFF	OFF
snaps.backfield	400	value	73.5	73.0	73.0	73.0	73.1	73.4	73.4	72.5	72.9	72.44	73.4	73.1	73.6	72.404	73.1	73.1	73.2	73.1	73.2	72.7	72.9	73.0	73.2	73.0	73.6	73.4	73.6	73.3	72.9	72.5
snaps.backfield	400	verdict	OFF	OFF	OFF	OFF	OFF	OFF	OFF	OFF	OFF	OFF	OFF	OFF	OFF	OFF	OFF	OFF	OFF	OFF	OFF	OFF	OFF	OFF	OFF	OFF	OFF	OFF	OFF	OFF	OFF	OFF
snaps.defensiveBack	100	value	325.1	325.3	327.1	325.1	323.9	326.5	326.1	317.3	321.1	319.2	325.0	326.3	325.6	317.4	326.5	326.1	324.1	322.6	325.0	318.4	321.4	322.4	324.8	324.5	323.3	324.0	323.6	323.1	324.5	319.0
snaps.defensiveBack	100	verdict	OFF	OFF	OFF	OFF	ok	OFF	OFF	ok	ok	ok	OFF	OFF	OFF	ok	OFF	OFF	OFF	ok	OFF	ok	ok	ok	OFF	OFF	ok	OFF	ok	ok	OFF	ok
snaps.defensiveBack	200	value	324.6	321.7	324.9	324.1	325.2	325.5	326.3	318.8	321.4	320.0	325.7	325.1	325.5	319.9	325.0	325.8	322.6	323.6	324.3	322.3	324.0	323.1	324.3	324.6	323.0	324.1	323.903	323.7	323.1	322.2
snaps.defensiveBack	200	verdict	OFF	ok	OFF	OFF	OFF	OFF	OFF	ok	ok	ok	OFF	OFF	OFF	ok	OFF	OFF	ok	ok	OFF	ok	OFF	ok	OFF	OFF	ok	OFF	OFF	ok	ok	ok
snaps.defensiveBack	400	value	325.0	322.4	324.0	323.8	324.2	325.3	327.0	320.3	322.8	319.9	324.7	323.9	326.4	320.5	324.1	323.7	323.5	323.0	323.8	321.5	322.8	323.0	323.4	323.8	324.6	324.3	325.6	324.8	323.0	321.8
snaps.defensiveBack	400	verdict	OFF	ok	OFF	ok	OFF	OFF	OFF	ok	ok	ok	OFF	ok	OFF	ok	OFF	ok	ok	ok	ok	ok	ok	ok	ok	ok	OFF	OFF	OFF	OFF	ok	ok
snaps.frontSeven	100	value	423.8	419.6	422.1	419.9	420.9	422.3	421.2	412.5	415.5	415.2	419.6	420.3	420.9	412.1	422.1	422.2	419.0	418.2	419.1	412.3	415.8	417.2	419.6	419.4	418.9	420.5	419.1	417.4	418.3	412.6
snaps.frontSeven	100	verdict	OFF	OFF	OFF	OFF	OFF	OFF	OFF	OFF	OFF	OFF	OFF	OFF	OFF	OFF	OFF	OFF	OFF	OFF	OFF	OFF	OFF	OFF	OFF	OFF	OFF	OFF	OFF	OFF	OFF	OFF
snaps.frontSeven	200	value	421.6	416.5	419.9	418.3	421.2	421.0	421.7	413.7	416.9	415.4	421.4	420.0	421.0	414.3	420.7	421.7	417.2	419.9	419.3	416.8	418.7	418.7	419.6	419.4	418.5	419.6	419.5	418.1	417.8	416.3
snaps.frontSeven	200	verdict	OFF	OFF	OFF	OFF	OFF	OFF	OFF	OFF	OFF	OFF	OFF	OFF	OFF	OFF	OFF	OFF	OFF	OFF	OFF	OFF	OFF	OFF	OFF	OFF	OFF	OFF	OFF	OFF	OFF	OFF
snaps.frontSeven	400	value	421.7	417.6	419.2	418.8	419.3	420.9	421.7	415.7	418.4	415.0	420.4	418.5	422.1	415.1	419.9	419.5	418.7	419.1	419.2	416.4	417.8	418.1	418.9	418.6	420.4	419.9	421.5	419.8	418.0	416.0
snaps.frontSeven	400	verdict	OFF	OFF	OFF	OFF	OFF	OFF	OFF	OFF	OFF	OFF	OFF	OFF	OFF	OFF	OFF	OFF	OFF	OFF	OFF	OFF	OFF	OFF	OFF	OFF	OFF	OFF	OFF	OFF	OFF	OFF
snaps.offensiveLine	100	value	339.2	338.0	339.5	337.6	337.2	339.9	338.6	331.1	334.4	332.2	337.7	336.9	338.1	331.3	338.8	337.7	336.7	334.9	337.1	330.7	334.2	335.1	336.4	337.5	335.7	338.1	335.5	336.4	336.3	331.1
snaps.offensiveLine	100	verdict	OFF	OFF	OFF	OFF	OFF	OFF	OFF	ok	OFF	ok	OFF	OFF	OFF	ok	OFF	OFF	OFF	OFF	OFF	ok	OFF	OFF	OFF	OFF	OFF	OFF	OFF	OFF	OFF	ok
snaps.offensiveLine	200	value	337.8	334.8	337.0	336.1	338.4	338.8	339.0	332.2	334.6	332.92	338.7	336.9	338.0	332.7	337.6	337.6	335.1	336.7	336.8	334.6	336.5	336.0	336.6	336.7	335.4	337.3	336.1	336.4	335.6	334.6
snaps.offensiveLine	200	verdict	OFF	OFF	OFF	OFF	OFF	OFF	OFF	ok	OFF	OFF	OFF	OFF	OFF	ok	OFF	OFF	OFF	OFF	OFF	OFF	OFF	OFF	OFF	OFF	OFF	OFF	OFF	OFF	OFF	OFF
snaps.offensiveLine	400	value	338.0	335.4	336.6	336.1	336.9	338.0	339.2	333.4	336.0	333.0	337.7	336.3	338.9	333.3	336.9	336.1	336.1	336.2	336.4	334.0	335.5	335.6	336.0	336.0	337.3	337.4	338.2	337.4	335.3	334.1
snaps.offensiveLine	400	verdict	OFF	OFF	OFF	OFF	OFF	OFF	OFF	OFF	OFF	OFF	OFF	OFF	OFF	OFF	OFF	OFF	OFF	OFF	OFF	OFF	OFF	OFF	OFF	OFF	OFF	OFF	OFF	OFF	OFF	OFF
snaps.quarterback	100	value	68.1	67.7	68.1	67.7	67.7	68.1	67.9	66.4	67.0	66.8	67.7	67.9	67.9	66.3	68.1	68.0	67.6	67.3	67.6	66.4	67.0	67.2	67.7	67.6	67.5	67.7	67.5	67.3	67.5	66.5
snaps.quarterback	100	verdict	OFF	OFF	OFF	OFF	OFF	OFF	OFF	ok	OFF	ok	OFF	OFF	OFF	ok	OFF	OFF	OFF	OFF	OFF	ok	OFF	OFF	OFF	OFF	OFF	OFF	OFF	OFF	OFF	ok
snaps.quarterback	200	value	67.8	67.1	67.7	67.5	67.9	67.9	68.0	66.6	67.1	66.9	67.9	67.7	67.9	66.7	67.8	68.0	67.3	67.6	67.6	67.2	67.5	67.4	67.6	67.6	67.4	67.6	67.6	67.4	67.4	67.1
snaps.quarterback	200	verdict	OFF	OFF	OFF	OFF	OFF	OFF	OFF	ok	OFF	OFF	OFF	OFF	OFF	ok	OFF	OFF	OFF	OFF	OFF	OFF	OFF	OFF	OFF	OFF	OFF	OFF	OFF	OFF	OFF	OFF
snaps.quarterback	400	value	67.9	67.3	67.6	67.5	67.6	67.8	68.1	66.9	67.4	66.81	67.7	67.5	68.0	66.9	67.6	67.6	67.5	67.5	67.5	67.1	67.3	67.4	67.5	67.5	67.7	67.7	67.9	67.7	67.4	67.1
snaps.quarterback	400	verdict	OFF	OFF	OFF	OFF	OFF	OFF	OFF	OFF	OFF	OFF	OFF	OFF	OFF	OFF	OFF	OFF	OFF	OFF	OFF	OFF	OFF	OFF	OFF	OFF	OFF	OFF	OFF	OFF	OFF	OFF
snaps.receiver	100	value	183.5	184.4	185.1	184.0	182.8	184.7	184.4	179.6	181.5	180.3	184.5	184.5	184.2	179.3	184.7	184.5	183.3	182.0	183.8	180.1	181.7	182.0	183.4	183.9	182.0	183.0	183.0	182.5	183.6	180.3
snaps.receiver	100	verdict	OFF	OFF	OFF	OFF	OFF	OFF	OFF	OFF	OFF	OFF	OFF	OFF	OFF	OFF	OFF	OFF	OFF	OFF	OFF	OFF	OFF	OFF	OFF	OFF	OFF	OFF	OFF	OFF	OFF	OFF
snaps.receiver	200	value	183.2	182.1	183.8	183.5	183.8	183.9	184.7	180.4	181.5	180.8	184.4	183.7	184.2	180.9	184.0	184.2	182.1	182.8	183.4	182.3	183.3	182.5	183.4	183.8	182.1	183.1	183.1	183.1	182.7	181.9
snaps.receiver	200	verdict	OFF	OFF	OFF	OFF	OFF	OFF	OFF	OFF	OFF	OFF	OFF	OFF	OFF	OFF	OFF	OFF	OFF	OFF	OFF	OFF	OFF	OFF	OFF	OFF	OFF	OFF	OFF	OFF	OFF	OFF
snaps.receiver	400	value	183.7	182.2	183.4	183.2	183.3	183.9	185.2	181.0	182.5	180.6	183.7	183.0	184.7	181.4	183.3	183.1	182.8	182.4	183.2	181.8	182.5	182.5	182.8	183.3	183.4	183.2	184.3	183.8	182.7	181.8
snaps.receiver	400	verdict	OFF	OFF	OFF	OFF	OFF	OFF	OFF	OFF	OFF	OFF	OFF	OFF	OFF	OFF	OFF	OFF	OFF	OFF	OFF	OFF	OFF	OFF	OFF	OFF	OFF	OFF	OFF	OFF	OFF	OFF
snaps.tightEnd	100	value	82.9	80.9	81.9	81.4	82.0	81.8	81.8	80.1	80.8	81.2	80.8	81.6	81.4	80.3	82.1	81.9	81.3	81.6	81.0	80.2	80.8	81.2	81.4	81.2	81.7	82.0	81.3	80.8	81.2	80.3
snaps.tightEnd	100	verdict	ok	ok	ok	ok	ok	ok	ok	ok	ok	ok	ok	ok	ok	ok	ok	ok	ok	ok	ok	ok	ok	ok	ok	ok	ok	ok	ok	ok	ok	ok
snaps.tightEnd	200	value	82.4	80.5	81.5	81.1	81.9	81.8	81.7	80.5	81.2	81.0	81.5	81.7	81.6	80.5	81.8	81.9	81.2	81.9	81.2	81.0	81.3	81.4	81.3	81.3	81.6	81.6	81.4	80.8	81.2	81.1
snaps.tightEnd	200	verdict	ok	ok	ok	ok	ok	ok	ok	ok	ok	ok	ok	ok	ok	ok	ok	ok	ok	ok	ok	ok	ok	ok	ok	ok	ok	ok	ok	ok	ok	ok
snaps.tightEnd	400	value	82.1	81.0	81.3	81.2	81.4	81.7	81.7	81.0	81.4	80.9	81.4	81.3	81.8	80.5	81.8	81.6	81.4	81.7	81.3	80.9	81.2	81.3	81.3	81.2	81.7	81.6	81.8	81.3	81.1	81.0
snaps.tightEnd	400	verdict	ok	ok	ok	ok	ok	ok	ok	ok	ok	ok	ok	ok	ok	ok	ok	ok	ok	ok	ok	ok	ok	ok	ok	ok	ok	ok	ok	ok	ok	ok
snapsInsideOwn10	100	value	1.68	1.95	1.71	1.87	1.90	1.58	1.64	1.52	1.49	1.70	1.47	1.89	1.80	1.545	1.95	1.73	1.71	1.62	1.81	1.99	1.62	1.72	1.65	1.85	1.63	1.44	1.51	2.06	1.65	1.56
snapsInsideOwn10	100	verdict	ok	OFF	ok	OFF	OFF	ok	ok	OFF	OFF	ok	OFF	OFF	ok	OFF	OFF	ok	ok	ok	ok	OFF	ok	ok	ok	OFF	ok	OFF	OFF	OFF	ok	ok
snapsInsideOwn10	200	value	1.75	1.86	1.72	1.72	1.89	1.59	1.80	1.49	1.49	1.68	1.61	1.78	1.83	1.60	1.85	1.60	1.68	1.61	1.68	2.01	1.69	1.72	1.71	1.74	1.65	1.53	1.39	2.04	1.61	1.62
snapsInsideOwn10	200	verdict	ok	OFF	ok	ok	OFF	ok	ok	OFF	OFF	ok	ok	ok	ok	ok	OFF	ok	ok	ok	ok	OFF	ok	ok	ok	ok	ok	OFF	OFF	OFF	ok	ok
snapsInsideOwn10	400	value	1.78	1.72	1.64	1.75	1.87	1.63	1.77	1.53	1.53	1.65	1.67	1.74	1.74	1.58	1.82	1.57	1.72	1.64	1.66	1.88	1.64	1.68	1.67	1.71	1.75	1.54	1.44	1.98	1.61	1.72
snapsInsideOwn10	400	verdict	ok	ok	ok	ok	OFF	ok	ok	OFF	OFF	ok	ok	ok	ok	ok	ok	ok	ok	ok	ok	OFF	ok	ok	ok	ok	ok	OFF	OFF	OFF	ok	ok
spikesPerGame	100	value	0.2	0.2	0.2	0.2	0.2	0.1	0.3	0.2	0.2	0.2	0.2	0.3	0.2	0.2	0.2	0.2	0.2	0.2	0.2	0.2	0.2	0.2	0.06	0.2	0.1	0.1	0.2	0.2	0.1	0.3
spikesPerGame	100	verdict	ok	ok	ok	ok	ok	ok	ok	ok	ok	ok	ok	ok	ok	ok	ok	ok	ok	ok	ok	ok	ok	ok	OFF	ok	ok	ok	ok	ok	ok	ok
spikesPerGame	200	value	0.2	0.1	0.1	0.2	0.2	0.2	0.2	0.1	0.2	0.2	0.2	0.2	0.1	0.2	0.2	0.2	0.2	0.2	0.2	0.2	0.3	0.2	0.1	0.2	0.1	0.2	0.2	0.2	0.2	0.2
spikesPerGame	200	verdict	ok	ok	ok	ok	ok	ok	ok	ok	ok	ok	ok	ok	ok	ok	ok	ok	ok	ok	ok	ok	ok	ok	ok	ok	ok	ok	ok	ok	ok	ok
spikesPerGame	400	value	0.2	0.2	0.2	0.2	0.2	0.2	0.2	0.2	0.2	0.2	0.2	0.2	0.1	0.2	0.2	0.2	0.2	0.2	0.2	0.2	0.2	0.2	0.2	0.2	0.2	0.2	0.2	0.2	0.2	0.3
spikesPerGame	400	verdict	ok	ok	ok	ok	ok	ok	ok	ok	ok	ok	ok	ok	ok	ok	ok	ok	ok	ok	ok	ok	ok	ok	ok	ok	ok	ok	ok	ok	ok	ok
targetShare.runningBack	100	value	24.3	23.4	21.8	22.2	23.4	22.3	22.9	20.9	19.0	21.0	23.0	21.2	23.2	21.4	20.6	23.4	21.6	26.1	21.2	26.9	21.4	22.2	23.9	24.9	22.1	23.6	22.4	22.4	21.0	22.2
targetShare.runningBack	100	verdict	OFF	OFF	OFF	OFF	OFF	OFF	OFF	OFF	ok	OFF	OFF	OFF	OFF	OFF	OFF	OFF	OFF	OFF	OFF	OFF	OFF	OFF	OFF	OFF	OFF	OFF	OFF	OFF	OFF	OFF
targetShare.runningBack	200	value	24.3	23.8	22.2	22.2	23.3	22.5	22.9	20.8	18.8	21.1	22.6	21.5	23.9	21.1	20.5	23.4	21.2	25.9	20.8	26.2	21.0	23.1	23.7	25.4	21.7	24.3	22.3	22.3	21.3	22.3
targetShare.runningBack	200	verdict	OFF	OFF	OFF	OFF	OFF	OFF	OFF	OFF	ok	OFF	OFF	OFF	OFF	OFF	OFF	OFF	OFF	OFF	OFF	OFF	OFF	OFF	OFF	OFF	OFF	OFF	OFF	OFF	OFF	OFF
targetShare.runningBack	400	value	24.3	24.1	22.3	22.3	22.7	22.5	22.8	21.0	18.9	21.3	22.2	21.4	24.1	21.3	20.6	23.6	20.9	25.8	21.7	26.2	20.9	22.7	23.8	25.2	22.1	24.6	22.2	22.2	21.4	22.6
targetShare.runningBack	400	verdict	OFF	OFF	OFF	OFF	OFF	OFF	OFF	OFF	ok	OFF	OFF	OFF	OFF	OFF	OFF	OFF	OFF	OFF	OFF	OFF	OFF	OFF	OFF	OFF	OFF	OFF	OFF	OFF	OFF	OFF
targetShare.tightEnd	100	value	8.4	9.4	9.9	9.5	9.7	8.2	7.6	9.0	9.2	9.4	7.8	8.8	8.4	9.7	8.6	8.7	9.2	8.9	8.3	9.0	8.7	9.1	8.4	9.5	8.4	9.1	9.1	9.0	8.7	9.6
targetShare.tightEnd	100	verdict	OFF	OFF	OFF	OFF	OFF	OFF	OFF	OFF	OFF	OFF	OFF	OFF	OFF	OFF	OFF	OFF	OFF	OFF	OFF	OFF	OFF	OFF	OFF	OFF	OFF	OFF	OFF	OFF	OFF	OFF
targetShare.tightEnd	200	value	8.7	9.5	9.8	9.6	9.5	8.4	7.6	8.7	8.7	9.1	7.9	8.7	8.6	9.1	8.6	8.6	9.3	8.8	8.3	9.4	8.8	9.2	8.4	9.9	8.6	8.8	9.1	9.2	8.5	9.9
targetShare.tightEnd	200	verdict	OFF	OFF	OFF	OFF	OFF	OFF	OFF	OFF	OFF	OFF	OFF	OFF	OFF	OFF	OFF	OFF	OFF	OFF	OFF	OFF	OFF	OFF	OFF	OFF	OFF	OFF	OFF	OFF	OFF	OFF
targetShare.tightEnd	400	value	9.1	9.7	9.3	9.5	9.6	8.6	7.9	8.2	8.5	8.7	7.9	8.5	8.6	8.6	8.4	8.6	9.0	9.0	8.4	9.5	8.9	9.1	8.7	9.7	8.7	8.9	9.0	9.2	8.4	9.4
targetShare.tightEnd	400	verdict	OFF	OFF	OFF	OFF	OFF	OFF	OFF	OFF	OFF	OFF	OFF	OFF	OFF	OFF	OFF	OFF	OFF	OFF	OFF	OFF	OFF	OFF	OFF	OFF	OFF	OFF	OFF	OFF	OFF	OFF
targetShare.wideReceiver	100	value	67.4	67.2	68.3	68.3	67.0	69.5	69.5	70.1	71.8	69.6	69.2	69.9	68.4	68.9	70.7	67.9	69.2	65.0	70.5	64.2	70.0	68.6	67.8	65.6	69.5	67.4	68.5	68.6	70.4	68.1
targetShare.wideReceiver	100	verdict	OFF	OFF	OFF	OFF	OFF	OFF	OFF	OFF	OFF	OFF	OFF	OFF	OFF	OFF	OFF	OFF	OFF	OFF	OFF	OFF	OFF	OFF	OFF	OFF	OFF	OFF	OFF	OFF	OFF	OFF
targetShare.wideReceiver	200	value	67.0	66.7	68.0	68.1	67.2	69.1	69.6	70.6	72.5	69.8	69.5	69.9	67.6	69.9	70.9	68.1	69.5	65.3	71.0	64.4	70.2	67.7	67.9	64.8	69.7	66.9	68.6	68.6	70.2	67.8
targetShare.wideReceiver	200	verdict	OFF	OFF	OFF	OFF	OFF	OFF	OFF	OFF	OFF	OFF	OFF	OFF	OFF	OFF	OFF	OFF	OFF	OFF	OFF	OFF	OFF	OFF	OFF	OFF	OFF	OFF	OFF	OFF	OFF	OFF
targetShare.wideReceiver	400	value	66.6	66.2	68.3	68.2	67.7	68.9	69.3	70.8	72.6	70.0	70.0	70.1	67.4	70.1	70.9	67.8	70.1	65.1	69.8	64.3	70.2	68.2	67.6	65.1	69.2	66.5	68.8	68.6	70.2	68.0
targetShare.wideReceiver	400	verdict	OFF	OFF	OFF	OFF	OFF	OFF	OFF	OFF	OFF	OFF	OFF	OFF	OFF	OFF	OFF	OFF	OFF	OFF	OFF	OFF	OFF	OFF	OFF	OFF	OFF	OFF	OFF	OFF	OFF	OFF
thirdDownConversion	100	value	33.7	33.0	35.7	34.8	34.8	34.6	33.7	34.7	36.2	37.2	32.8	33.4	33.8	35.9	34.4	35.7	35.0	34.9	35.1	33.4	36.0	35.7	35.2	35.3	35.3	34.7	35.8	34.6	35.2	34.5
thirdDownConversion	100	verdict	OFF	OFF	OFF	OFF	OFF	OFF	OFF	OFF	OFF	ok	OFF	OFF	OFF	OFF	OFF	OFF	OFF	OFF	OFF	OFF	OFF	OFF	OFF	OFF	OFF	OFF	OFF	OFF	OFF	OFF
thirdDownConversion	200	value	33.2	33.9	36.1	35.1	34.2	34.1	33.4	35.5	36.5	35.2	33.7	33.6	34.1	35.6	34.9	35.8	35.9	34.9	35.5	33.0	36.0	35.5	35.4	34.5	34.3	33.7	35.6	34.1	34.8	34.1
thirdDownConversion	200	verdict	OFF	OFF	OFF	OFF	OFF	OFF	OFF	OFF	OFF	OFF	OFF	OFF	OFF	OFF	OFF	OFF	OFF	OFF	OFF	OFF	OFF	OFF	OFF	OFF	OFF	OFF	OFF	OFF	OFF	OFF
thirdDownConversion	400	value	34.1	33.6	35.5	35.1	34.0	33.8	33.2	36.0	36.68	35.1	33.6	33.7	34.5	36.2	35.4	35.6	36.0	34.5	35.4	33.7	35.4	35.6	35.9	34.2	33.8	34.1	35.0	33.8	34.7	34.2
thirdDownConversion	400	verdict	OFF	OFF	OFF	OFF	OFF	OFF	OFF	OFF	OFF	OFF	OFF	OFF	OFF	OFF	OFF	OFF	OFF	OFF	OFF	OFF	OFF	OFF	OFF	OFF	OFF	OFF	OFF	OFF	OFF	OFF
thirdDownDistance	100	value	7.3	7.5	7.3	7.4	7.2	7.4	7.2	7.2	7.2	7.1	7.2	7.4	7.3	7.2	7.3	7.3	7.3	7.3	7.2	7.6	7.2	7.4	7.3	7.3	7.4	7.4	7.41	7.5	7.41	7.2
thirdDownDistance	100	verdict	ok	OFF	ok	ok	ok	ok	ok	ok	ok	ok	ok	ok	ok	ok	ok	ok	ok	ok	ok	OFF	ok	ok	ok	ok	ok	ok	OFF	OFF	OFF	ok
thirdDownDistance	200	value	7.3	7.5	7.3	7.4	7.4	7.3	7.4	7.1	7.2	7.2	7.3	7.3	7.44	7.2	7.3	7.3	7.3	7.3	7.3	7.5	7.2	7.3	7.3	7.41	7.4	7.4	7.3	7.5	7.3	7.3
thirdDownDistance	200	verdict	ok	OFF	ok	ok	ok	ok	ok	ok	ok	ok	ok	ok	OFF	ok	ok	ok	ok	ok	ok	OFF	ok	ok	ok	OFF	ok	ok	ok	OFF	ok	ok
thirdDownDistance	400	value	7.3	7.5	7.2	7.4	7.4	7.3	7.43	7.2	7.2	7.2	7.3	7.4	7.4	7.2	7.3	7.3	7.3	7.3	7.3	7.5	7.2	7.3	7.2	7.4	7.5	7.42	7.3	7.44	7.41	7.3
thirdDownDistance	400	verdict	ok	OFF	ok	ok	ok	ok	OFF	ok	ok	ok	ok	ok	ok	ok	ok	ok	ok	ok	ok	OFF	ok	ok	ok	ok	OFF	OFF	ok	OFF	OFF	ok
threeAndOut	100	value	19.6	18.6	18.9	18.9	19.2	18.7	19.2	18.4	16.5	17.6	18.9	20.0	20.0	18.5	18.0	18.3	19.5	20.0	18.8	20.1	19.0	19.4	19.0	21.1	18.2	18.8	17.4	19.5	18.0	19.3
threeAndOut	100	verdict	ok	OFF	OFF	OFF	ok	OFF	ok	OFF	OFF	OFF	OFF	ok	ok	OFF	OFF	OFF	ok	ok	OFF	ok	OFF	ok	OFF	ok	OFF	OFF	OFF	ok	OFF	ok
threeAndOut	200	value	19.8	18.7	18.5	19.0	18.9	19.0	20.6	17.6	17.6	18.8	19.2	20.0	19.9	18.5	18.1	18.1	19.05	19.7	18.3	20.8	18.6	19.0	19.06	20.1	18.4	18.8	18.0	20.2	17.5	19.7
threeAndOut	200	verdict	ok	OFF	OFF	OFF	OFF	OFF	ok	OFF	OFF	OFF	ok	ok	ok	OFF	OFF	OFF	OFF	ok	OFF	ok	OFF	OFF	OFF	ok	OFF	OFF	OFF	ok	OFF	ok
threeAndOut	400	value	19.4	19.4	17.8	18.9	19.4	19.3	20.4	17.5	17.4	19.0	19.3	19.5	19.8	18.0	18.0	18.6	18.8	20.0	18.6	20.7	18.8	18.9	18.6	19.8	18.2	19.3	18.0	19.8	18.1	20.3
threeAndOut	400	verdict	ok	ok	OFF	OFF	ok	ok	ok	OFF	OFF	OFF	ok	ok	ok	OFF	OFF	OFF	OFF	ok	OFF	ok	OFF	OFF	OFF	ok	OFF	ok	OFF	ok	OFF	ok
throwawaysPerDropback	100	value	6.3	6.6	6.1	6.6	6.7	6.1	6.1	5.4	4.7	5.8	6.0	5.8	6.6	5.8	5.2	6.3	6.0	7.0	6.1	6.8	5.4	5.7	6.4	6.2	6.3	6.5	6.8	6.0	5.2	5.8
throwawaysPerDropback	100	verdict	unsourced	unsourced	unsourced	unsourced	unsourced	unsourced	unsourced	unsourced	unsourced	unsourced	unsourced	unsourced	unsourced	unsourced	unsourced	unsourced	unsourced	unsourced	unsourced	unsourced	unsourced	unsourced	unsourced	unsourced	unsourced	unsourced	unsourced	unsourced	unsourced	unsourced
throwawaysPerDropback	200	value	6.1	6.4	5.7	6.3	6.7	6.1	6.5	5.3	4.9	5.8	6.0	5.9	6.7	5.7	5.1	6.4	5.8	7.0	5.8	6.8	5.4	5.9	6.6	6.5	6.3	6.8	6.3	6.2	5.6	5.7
throwawaysPerDropback	200	verdict	unsourced	unsourced	unsourced	unsourced	unsourced	unsourced	unsourced	unsourced	unsourced	unsourced	unsourced	unsourced	unsourced	unsourced	unsourced	unsourced	unsourced	unsourced	unsourced	unsourced	unsourced	unsourced	unsourced	unsourced	unsourced	unsourced	unsourced	unsourced	unsourced	unsourced
throwawaysPerDropback	400	value	6.4	6.5	5.8	6.2	6.5	6.0	6.5	5.4	5.0	5.8	6.0	5.9	6.8	5.6	5.2	6.6	5.7	7.1	5.9	6.9	5.1	6.0	6.5	6.6	6.4	7.0	6.4	6.2	5.6	5.9
throwawaysPerDropback	400	verdict	unsourced	unsourced	unsourced	unsourced	unsourced	unsourced	unsourced	unsourced	unsourced	unsourced	unsourced	unsourced	unsourced	unsourced	unsourced	unsourced	unsourced	unsourced	unsourced	unsourced	unsourced	unsourced	unsourced	unsourced	unsourced	unsourced	unsourced	unsourced	unsourced	unsourced
tiesPerGame	100	value	0.000	0.000	0.010	0.000	0.010	0.000	0.010	0.000	0.000	0.000	0.000	0.000	0.000	0.000	0.010	0.000	0.000	0.020	0.000	0.000	0.000	0.000	0.000	0.010	0.000	0.000	0.010	0.010	0.000	0.010
tiesPerGame	100	verdict	ok	ok	ok	ok	ok	ok	ok	ok	ok	ok	ok	ok	ok	ok	ok	ok	ok	OFF	ok	ok	ok	ok	ok	ok	ok	ok	ok	ok	ok	ok
tiesPerGame	200	value	0.000	0.000	0.010	0.000	0.005	0.000	0.010	0.000	0.000	0.005	0.005	0.010	0.000	0.000	0.005	0.010	0.000	0.015	0.000	0.000	0.000	0.000	0.000	0.005	0.000	0.000	0.005	0.005	0.005	0.005
tiesPerGame	200	verdict	ok	ok	ok	ok	ok	ok	ok	ok	ok	ok	ok	ok	ok	ok	ok	ok	ok	OFF	ok	ok	ok	ok	ok	ok	ok	ok	ok	ok	ok	ok
tiesPerGame	400	value	0.000	0.003	0.010	0.003	0.003	0.005	0.008	0.000	0.005	0.003	0.003	0.010	0.000	0.000	0.003	0.005	0.008	0.008	0.000	0.005	0.003	0.000	0.003	0.003	0.003	0.005	0.003	0.008	0.003	0.005
tiesPerGame	400	verdict	ok	ok	ok	ok	ok	ok	ok	ok	ok	ok	ok	ok	ok	ok	ok	ok	ok	ok	ok	ok	ok	ok	ok	ok	ok	ok	ok	ok	ok	ok
timeoutsPerGame	100	value	5.4	5.1	5.1	5.1	5.0	5.1	5.2	5.0	5.5	5.2	5.4	5.3	4.7	5.1	5.3	5.0	4.9	4.9	5.1	4.8	5.4	5.3	5.1	5.0	5.1	5.2	5.0	4.9	5.2	5.4
timeoutsPerGame	100	verdict	OFF	OFF	OFF	OFF	OFF	OFF	OFF	OFF	OFF	OFF	OFF	OFF	OFF	OFF	OFF	OFF	OFF	OFF	OFF	OFF	OFF	OFF	OFF	OFF	OFF	OFF	OFF	OFF	OFF	OFF
timeoutsPerGame	200	value	5.1	4.9	5.1	5.1	5.0	5.0	5.3	4.9	5.4	5.2	5.3	5.1	4.8	5.1	5.2	5.1	5.0	5.0	5.4	5.0	5.4	5.3	5.1	4.9	5.1	5.1	5.1	5.0	5.1	5.5
timeoutsPerGame	200	verdict	OFF	OFF	OFF	OFF	OFF	OFF	OFF	OFF	OFF	OFF	OFF	OFF	OFF	OFF	OFF	OFF	OFF	OFF	OFF	OFF	OFF	OFF	OFF	OFF	OFF	OFF	OFF	OFF	OFF	OFF
timeoutsPerGame	400	value	5.0	5.0	5.2	5.1	5.1	5.1	5.3	4.9	5.5	5.3	5.1	5.2	4.9	5.2	5.2	5.0	5.0	4.9	5.3	5.0	5.4	5.1	5.0	4.8	5.2	5.0	5.2	5.1	5.1	5.4
timeoutsPerGame	400	verdict	OFF	OFF	OFF	OFF	OFF	OFF	OFF	OFF	OFF	OFF	OFF	OFF	OFF	OFF	OFF	OFF	OFF	OFF	OFF	OFF	OFF	OFF	OFF	OFF	OFF	OFF	OFF	OFF	OFF	OFF
turnovers	100	value	1.44	1.45	1.46	1.37	1.56	1.55	1.42	1.35	1.30	1.36	1.43	1.41	1.62	1.26	1.56	1.48	1.44	1.50	1.55	1.42	1.38	1.39	1.39	1.48	1.43	1.46	1.54	1.50	1.38	1.27
turnovers	100	verdict	OFF	OFF	OFF	ok	OFF	OFF	OFF	ok	ok	ok	OFF	OFF	OFF	ok	OFF	OFF	OFF	OFF	OFF	OFF	OFF	OFF	OFF	OFF	OFF	OFF	OFF	OFF	OFF	ok
turnovers	200	value	1.52	1.45	1.46	1.39	1.55	1.50	1.45	1.37	1.38	1.36	1.43	1.40	1.56	1.31	1.52	1.47	1.39	1.58	1.47	1.41	1.38	1.45	1.43	1.50	1.373	1.57	1.55	1.52	1.40	1.25
turnovers	200	verdict	OFF	OFF	OFF	OFF	OFF	OFF	OFF	ok	OFF	ok	OFF	OFF	OFF	ok	OFF	OFF	OFF	OFF	OFF	OFF	OFF	OFF	OFF	OFF	OFF	OFF	OFF	OFF	OFF	ok
turnovers	400	value	1.56	1.45	1.46	1.43	1.52	1.52	1.47	1.40	1.38	1.32	1.47	1.43	1.59	1.374	1.43	1.41	1.43	1.60	1.49	1.44	1.38	1.39	1.46	1.49	1.43	1.54	1.53	1.52	1.40	1.27
turnovers	400	verdict	OFF	OFF	OFF	OFF	OFF	OFF	OFF	OFF	OFF	ok	OFF	OFF	OFF	OFF	OFF	OFF	OFF	OFF	OFF	OFF	OFF	OFF	OFF	OFF	OFF	OFF	OFF	OFF	OFF	ok
twoPointConversion	100	value	54.3	38.3	48.8	46.9	42.9	35.1	39.5	43.5	41.7	42.5	51.4	45.5	34.7	37.5	40.4	51.3	52.4	41.7	44.2	53.5	40.9	52.8	59.4	47.2	32.6	38.5	50.0	41.7	47.2	32.3
twoPointConversion	100	verdict	ok	ok	ok	ok	ok	ok	ok	ok	ok	ok	ok	ok	ok	ok	ok	ok	ok	ok	ok	ok	ok	ok	ok	ok	OFF	ok	ok	ok	ok	OFF
twoPointConversion	200	value	48.8	35.7	43.6	45.0	41.9	41.2	40.3	36.0	48.4	36.5	47.4	48.1	36.6	44.9	42.9	48.4	45.3	44.3	45.6	48.8	35.3	50.0	58.1	52.2	39.0	41.0	47.2	40.0	49.5	34.2
twoPointConversion	200	verdict	ok	ok	ok	ok	ok	ok	ok	ok	ok	ok	ok	ok	ok	ok	ok	ok	ok	ok	ok	ok	ok	ok	ok	ok	ok	ok	ok	ok	ok	ok
twoPointConversion	400	value	41.4	38.8	44.5	43.8	41.2	40.9	41.4	38.1	46.8	40.6	43.0	45.2	37.9	42.9	42.2	50.3	44.7	40.5	42.7	41.8	39.6	48.6	52.6	38.8	42.9	42.8	47.6	38.4	47.8	36.4
twoPointConversion	400	verdict	ok	ok	ok	ok	ok	ok	ok	ok	ok	ok	ok	ok	ok	ok	ok	ok	ok	ok	ok	ok	ok	ok	ok	ok	ok	ok	ok	ok	ok	ok
twoPointTries	100	value	0.18	0.24	0.22	0.25	0.18	0.28	0.19	0.23	0.24	0.20	0.18	0.17	0.25	0.16	0.24	0.20	0.21	0.12	0.22	0.22	0.22	0.27	0.16	0.18	0.22	0.26	0.20	0.24	0.27	0.16
twoPointTries	100	verdict	OFF	ok	ok	ok	OFF	ok	ok	ok	ok	ok	OFF	OFF	ok	OFF	ok	ok	ok	OFF	ok	ok	ok	ok	OFF	OFF	ok	ok	ok	ok	ok	OFF
twoPointTries	200	value	0.20	0.21	0.24	0.25	0.185	0.24	0.18	0.22	0.24	0.21	0.20	0.19	0.23	0.20	0.19	0.23	0.24	0.15	0.23	0.22	0.21	0.25	0.16	0.17	0.21	0.21	0.22	0.23	0.23	0.20
twoPointTries	200	verdict	ok	ok	ok	ok	OFF	ok	OFF	ok	ok	ok	ok	ok	ok	ok	ok	ok	ok	OFF	ok	ok	ok	ok	OFF	OFF	ok	ok	ok	ok	ok	ok
twoPointTries	400	value	0.19	0.21	0.21	0.23	0.19	0.22	0.20	0.22	0.24	0.21	0.20	0.19	0.20	0.20	0.19	0.23	0.24	0.16	0.21	0.18	0.23	0.22	0.17	0.19	0.21	0.19	0.21	0.22	0.20	0.19
twoPointTries	400	verdict	ok	ok	ok	ok	ok	ok	ok	ok	ok	ok	ok	ok	ok	ok	ok	ok	ok	OFF	ok	OFF	ok	ok	OFF	ok	ok	ok	ok	ok	ok	ok
twoPointTriesPass	100	value	0.100	0.150	0.150	0.130	0.110	0.170	0.105	0.145	0.140	0.120	0.125	0.080	0.150	0.090	0.140	0.140	0.140	0.075	0.130	0.090	0.130	0.120	0.100	0.090	0.125	0.150	0.095	0.145	0.150	0.080
twoPointTriesPass	100	verdict	OFF	ok	ok	ok	ok	ok	OFF	ok	ok	ok	ok	OFF	ok	OFF	ok	ok	ok	OFF	ok	OFF	ok	ok	OFF	OFF	ok	ok	OFF	ok	ok	OFF
twoPointTriesPass	200	value	0.123	0.140	0.148	0.140	0.118	0.148	0.103	0.130	0.153	0.138	0.133	0.100	0.133	0.113	0.103	0.158	0.148	0.098	0.140	0.103	0.138	0.108	0.090	0.095	0.123	0.125	0.113	0.130	0.150	0.105
twoPointTriesPass	200	verdict	ok	ok	ok	ok	ok	ok	OFF	ok	ok	ok	ok	OFF	ok	ok	OFF	ok	ok	OFF	ok	OFF	ok	OFF	OFF	OFF	ok	ok	ok	ok	ok	OFF
twoPointTriesPass	400	value	0.125	0.138	0.131	0.130	0.110	0.126	0.115	0.133	0.145	0.133	0.129	0.115	0.114	0.119	0.111	0.150	0.140	0.098	0.129	0.099	0.140	0.095	0.096	0.119	0.118	0.106	0.124	0.125	0.119	0.106
twoPointTriesPass	400	verdict	ok	ok	ok	ok	ok	ok	ok	ok	ok	ok	ok	ok	ok	ok	ok	ok	ok	OFF	ok	OFF	ok	OFF	OFF	ok	ok	OFF	ok	ok	ok	OFF
twoPointTriesRun	100	value	0.075	0.085	0.065	0.115	0.065	0.115	0.085	0.085	0.100	0.080	0.050	0.085	0.095	0.070	0.095	0.055	0.070	0.045	0.085	0.125	0.090	0.145	0.060	0.090	0.090	0.110	0.105	0.095	0.115	0.075
twoPointTriesRun	100	verdict	ok	ok	ok	OFF	ok	OFF	ok	ok	ok	ok	ok	ok	ok	ok	ok	ok	ok	ok	ok	OFF	ok	OFF	ok	ok	ok	OFF	OFF	ok	OFF	ok
twoPointTriesRun	200	value	0.078	0.070	0.088	0.110	0.068	0.095	0.078	0.085	0.085	0.075	0.063	0.093	0.100	0.083	0.090	0.075	0.090	0.055	0.085	0.113	0.075	0.143	0.065	0.073	0.083	0.083	0.110	0.095	0.083	0.093
twoPointTriesRun	200	verdict	ok	ok	ok	OFF	ok	ok	ok	ok	ok	ok	ok	ok	ok	ok	ok	ok	ok	ok	ok	OFF	ok	OFF	ok	ok	ok	ok	OFF	ok	ok	ok
twoPointTriesRun	400	value	0.065	0.075	0.074	0.101	0.081	0.094	0.088	0.088	0.090	0.074	0.069	0.079	0.088	0.085	0.081	0.081	0.095	0.066	0.076	0.084	0.088	0.124	0.073	0.071	0.095	0.084	0.081	0.096	0.078	0.086
twoPointTriesRun	400	verdict	ok	ok	ok	ok	ok	ok	ok	ok	ok	ok	ok	ok	ok	ok	ok	ok	ok	ok	ok	ok	ok	OFF	ok	ok	ok	ok	ok	ok	ok	ok
winTotalSigma	100	verdict	n/a	n/a	n/a	n/a	n/a	n/a	n/a	n/a	n/a	n/a	n/a	n/a	n/a	n/a	n/a	n/a	n/a	n/a	n/a	n/a	n/a	n/a	n/a	n/a	n/a	n/a	n/a	n/a	n/a	n/a
winTotalSigma	200	verdict	n/a	n/a	n/a	n/a	n/a	n/a	n/a	n/a	n/a	n/a	n/a	n/a	n/a	n/a	n/a	n/a	n/a	n/a	n/a	n/a	n/a	n/a	n/a	n/a	n/a	n/a	n/a	n/a	n/a	n/a
winTotalSigma	400	verdict	n/a	n/a	n/a	n/a	n/a	n/a	n/a	n/a	n/a	n/a	n/a	n/a	n/a	n/a	n/a	n/a	n/a	n/a	n/a	n/a	n/a	n/a	n/a	n/a	n/a	n/a	n/a	n/a	n/a	n/a
yardsPerAttempt	100	value	6.0	6.0	6.57	6.3	6.1	6.1	6.2	6.3	6.5	6.7	6.1	6.3	5.9	6.5	6.3	6.0	6.2	5.7	6.1	6.2	6.3	6.2	6.2	6.0	6.3	6.2	6.0	6.1	6.0	6.5
yardsPerAttempt	100	verdict	OFF	OFF	OFF	OFF	OFF	OFF	OFF	OFF	OFF	ok	OFF	OFF	OFF	OFF	OFF	OFF	OFF	OFF	OFF	OFF	OFF	OFF	OFF	OFF	OFF	OFF	OFF	OFF	OFF	OFF
yardsPerAttempt	200	value	6.0	6.0	6.5	6.2	6.0	6.1	6.1	6.3	6.5	6.5	6.1	6.4	5.9	6.4	6.2	6.1	6.3	5.7	6.3	6.1	6.3	6.1	6.1	5.9	6.2	6.0	6.1	6.1	6.0	6.5
yardsPerAttempt	200	verdict	OFF	OFF	OFF	OFF	OFF	OFF	OFF	OFF	OFF	OFF	OFF	OFF	OFF	OFF	OFF	OFF	OFF	OFF	OFF	OFF	OFF	OFF	OFF	OFF	OFF	OFF	OFF	OFF	OFF	OFF
yardsPerAttempt	400	value	5.9	6.0	6.3	6.3	6.1	6.1	6.1	6.4	6.5	6.5	6.2	6.4	5.9	6.4	6.2	6.1	6.3	5.8	6.2	6.1	6.3	6.2	6.1	5.9	6.2	6.0	6.1	6.1	6.1	6.4
yardsPerAttempt	400	verdict	OFF	OFF	OFF	OFF	OFF	OFF	OFF	OFF	OFF	OFF	OFF	OFF	OFF	OFF	OFF	OFF	OFF	OFF	OFF	OFF	OFF	OFF	OFF	OFF	OFF	OFF	OFF	OFF	OFF	OFF
yardsPerCarry	100	value	4.9	4.6	4.63	4.2	4.6	4.5	4.2	4.9	4.7	4.2	4.7	4.1	4.6	4.5	4.5	4.9	4.5	4.7	4.62	4.2	4.6	4.9	4.7	5.0	4.8	4.8	4.9	4.4	4.9	4.0
yardsPerCarry	100	verdict	OFF	ok	OFF	ok	ok	ok	ok	OFF	OFF	ok	OFF	ok	ok	ok	ok	OFF	ok	OFF	OFF	ok	ok	OFF	OFF	OFF	OFF	OFF	OFF	ok	OFF	ok
yardsPerCarry	200	value	4.9	4.7	4.7	4.4	4.5	4.4	4.2	4.8	4.62	4.2	4.7	4.2	4.7	4.5	4.6	4.9	4.5	4.7	4.64	4.2	4.5	4.9	4.7	4.9	4.7	4.7	4.9	4.3	4.9	4.1
yardsPerCarry	200	verdict	OFF	OFF	OFF	ok	ok	ok	ok	OFF	OFF	ok	OFF	ok	OFF	ok	ok	OFF	ok	OFF	OFF	ok	ok	OFF	OFF	OFF	OFF	OFF	OFF	ok	OFF	ok
yardsPerCarry	400	value	4.8	4.7	4.7	4.4	4.5	4.4	4.3	4.9	4.6	4.3	4.64	4.2	4.8	4.6	4.604	5.0	4.5	4.64	4.602	4.3	4.5	4.9	4.8	4.8	4.8	4.7	4.9	4.3	4.9	4.1
yardsPerCarry	400	verdict	OFF	OFF	OFF	ok	ok	ok	ok	OFF	ok	ok	OFF	ok	OFF	ok	OFF	OFF	ok	OFF	OFF	ok	ok	OFF	OFF	OFF	OFF	OFF	OFF	ok	OFF	ok
yardsPerCompletion	100	value	10.0	9.8	10.4	10.3	9.9	9.9	9.8	9.9	9.9	10.4	9.9	10.1	10.1	9.9	10.1	10.0	10.0	9.4	10.0	9.8	9.8	10.0	10.1	9.8	10.1	10.0	9.6	10.0	9.7	10.0
yardsPerCompletion	100	verdict	OFF	OFF	ok	ok	OFF	OFF	OFF	OFF	OFF	ok	OFF	OFF	OFF	OFF	OFF	OFF	OFF	OFF	OFF	OFF	OFF	OFF	OFF	OFF	OFF	OFF	OFF	OFF	OFF	OFF
yardsPerCompletion	200	value	10.0	9.8	10.2	10.1	9.9	10.1	9.8	10.0	10.1	10.2	10.1	10.2	10.0	9.9	10.0	9.9	10.1	9.5	10.1	9.8	9.9	9.9	10.1	9.8	10.1	9.8	9.8	10.0	9.7	10.2
yardsPerCompletion	200	verdict	OFF	OFF	OFF	OFF	OFF	OFF	OFF	OFF	OFF	OFF	OFF	OFF	OFF	OFF	OFF	OFF	OFF	OFF	OFF	OFF	OFF	OFF	OFF	OFF	OFF	OFF	OFF	OFF	OFF	OFF
yardsPerCompletion	400	value	9.8	9.8	10.0	10.0	9.8	10.0	9.9	10.0	10.1	10.1	10.1	10.1	10.0	9.9	10.0	9.8	10.2	9.6	10.0	9.7	9.9	9.9	10.0	9.8	10.0	9.8	9.8	10.0	9.9	10.0
yardsPerCompletion	400	verdict	OFF	OFF	OFF	OFF	OFF	OFF	OFF	OFF	OFF	OFF	OFF	OFF	OFF	OFF	OFF	OFF	OFF	OFF	OFF	OFF	OFF	OFF	OFF	OFF	OFF	OFF	OFF	OFF	OFF	OFF
yardsPerPlay	100	value	5.1	4.9	5.2	5.0	5.0	5.0	4.9	5.2	5.2	5.1	5.0	4.9	4.9	5.1	5.0	5.2	5.1	4.8	5.0	4.8	5.1	5.2	5.0	5.1	5.2	5.1	5.1	4.9	5.1	4.9
yardsPerPlay	100	verdict	ok	ok	ok	ok	ok	ok	ok	ok	ok	ok	ok	ok	ok	ok	ok	ok	ok	ok	ok	ok	ok	ok	ok	ok	ok	ok	ok	ok	ok	ok
yardsPerPlay	200	value	5.0	5.0	5.2	5.0	5.0	5.0	4.9	5.2	5.2	5.0	5.1	5.0	4.9	5.1	5.1	5.2	5.1	4.9	5.1	4.8	5.1	5.1	5.1	5.0	5.1	5.0	5.1	4.9	5.1	5.0
yardsPerPlay	200	verdict	ok	ok	ok	ok	ok	ok	ok	ok	ok	ok	ok	ok	ok	ok	ok	ok	ok	ok	ok	ok	ok	ok	ok	ok	ok	ok	ok	ok	ok	ok
yardsPerPlay	400	value	5.0	5.0	5.2	5.0	4.9	4.9	4.9	5.3	5.2	5.0	5.1	5.0	4.9	5.1	5.1	5.2	5.1	4.8	5.1	4.8	5.1	5.1	5.1	5.0	5.1	5.0	5.1	4.9	5.1	4.9
yardsPerPlay	400	verdict	ok	ok	ok	ok	ok	ok	ok	ok	ok	ok	ok	ok	ok	ok	ok	ok	ok	ok	ok	ok	ok	ok	ok	ok	ok	ok	ok	ok	ok	ok
ypcEvenCount	100	value	5.2	4.8	5.0	4.5	4.7	4.7	4.5	5.3	5.04	4.6	5.1	4.29	4.8	4.8	4.6	5.3	4.9	4.8	4.8	4.4	4.8	5.3	5.05	5.4	5.1	5.1	5.2	4.7	5.4	4.29
ypcEvenCount	100	verdict	OFF	ok	ok	ok	ok	ok	ok	OFF	OFF	ok	OFF	OFF	ok	ok	ok	OFF	ok	ok	ok	ok	ok	OFF	OFF	OFF	OFF	OFF	OFF	ok	OFF	OFF
ypcEvenCount	200	value	5.2	5.0	4.9	4.6	4.7	4.7	4.5	5.2	4.9	4.5	5.1	4.4	4.9	4.8	4.8	5.2	4.8	4.9	5.0	4.4	4.8	5.1	5.1	5.3	5.03	5.1	5.3	4.6	5.3	4.3
ypcEvenCount	200	verdict	OFF	ok	ok	ok	ok	ok	ok	OFF	ok	ok	OFF	ok	ok	ok	ok	OFF	ok	ok	ok	ok	ok	OFF	OFF	OFF	OFF	OFF	OFF	ok	OFF	ok
ypcEvenCount	400	value	5.2	5.04	5.0	4.7	4.7	4.7	4.5	5.2	4.9	4.6	5.01	4.5	5.0	4.9	4.9	5.3	4.9	4.9	4.9	4.5	4.8	5.1	5.1	5.2	5.1	5.02	5.2	4.6	5.3	4.4
ypcEvenCount	400	verdict	OFF	OFF	ok	ok	ok	ok	ok	OFF	ok	ok	OFF	ok	ok	ok	ok	OFF	ok	ok	ok	ok	ok	OFF	OFF	OFF	OFF	OFF	OFF	ok	OFF	ok
ypcOutnumberedByOne	100	verdict	n/a	n/a	n/a	n/a	n/a	n/a	n/a	n/a	n/a	n/a	n/a	n/a	n/a	n/a	n/a	n/a	n/a	n/a	n/a	n/a	n/a	n/a	n/a	n/a	n/a	n/a	n/a	n/a	n/a	n/a
ypcOutnumberedByOne	200	verdict	n/a	n/a	n/a	n/a	n/a	n/a	n/a	n/a	n/a	n/a	n/a	n/a	n/a	n/a	n/a	n/a	n/a	n/a	n/a	n/a	n/a	n/a	n/a	n/a	n/a	n/a	n/a	n/a	n/a	n/a
ypcOutnumberedByOne	400	verdict	n/a	n/a	n/a	n/a	n/a	n/a	n/a	n/a	n/a	n/a	n/a	n/a	n/a	n/a	n/a	n/a	n/a	n/a	n/a	n/a	n/a	n/a	n/a	n/a	n/a	n/a	n/a	n/a	n/a	n/a
ypcOutnumberingByOne	100	value	—	—	—	5.6	—	—	—	—	5.1	4.5	—	4.6	—	5.3	—	5.5	—	—	5.7	—	5.0	6.6	6.1	4.8	5.5	—	5.5	—	4.7	—
ypcOutnumberingByOne	100	verdict	n/a	n/a	n/a	OFF	n/a	n/a	n/a	n/a	OFF	ok	n/a	ok	n/a	OFF	n/a	OFF	n/a	n/a	OFF	n/a	OFF	OFF	OFF	ok	OFF	n/a	OFF	n/a	ok	n/a
ypcOutnumberingByOne	200	value	5.6	5.1	5.5	5.5	5.8	5.3	4.91	5.5	6.0	4.6	5.3	5.1	5.6	5.9	5.4	5.2	5.5	5.6	5.4	5.4	4.9	6.0	6.0	5.2	5.6	5.6	5.6	5.2	5.3	5.1
ypcOutnumberingByOne	200	verdict	OFF	OFF	OFF	OFF	OFF	OFF	OFF	OFF	OFF	ok	OFF	OFF	OFF	OFF	OFF	OFF	OFF	OFF	OFF	OFF	ok	OFF	OFF	OFF	OFF	OFF	OFF	OFF	OFF	OFF
ypcOutnumberingByOne	400	value	5.5	5.6	5.4	5.5	5.6	5.1	4.92	5.5	5.8	4.94	5.3	5.1	5.5	5.7	5.3	5.4	5.4	5.5	4.93	5.1	5.4	6.3	5.9	5.5	5.5	5.7	5.8	5.0	5.2	5.1
ypcOutnumberingByOne	400	verdict	OFF	OFF	OFF	OFF	OFF	OFF	OFF	OFF	OFF	OFF	OFF	OFF	OFF	OFF	OFF	OFF	OFF	OFF	OFF	OFF	OFF	OFF	OFF	OFF	OFF	OFF	OFF	OFF	OFF	OFF
